user_id,rank_1,rank_2,rank_3,rank_4,rank_5,rank_6,rank_7,rank_8,rank_9,rank_10
u_00000,i_21094,i_00122,i_24980,i_04191,i_17626,i_02592,i_14604,i_05797,i_02786,i_02297
u_00001,i_05267,i_02229,i_05394,i_17626,i_01937,i_04580,i_01523,i_10316,i_01998,i_00126
u_00002,i_02786,i_01523,i_01430,i_14604,i_01937,i_01468,i_24980,i_01808,i_04578,i_05267
u_00003,i_21094,i_31921,i_08713,i_01486,i_01523,i_02334,i_00011,i_10316,i_01937,i_17626
u_00004,i_01523,i_02596,i_08052,i_05267,i_05797,i_04578,i_17626,i_01937,i_10316,i_00037
u_00005,i_01937,i_03829,i_11145,i_14984,i_24980,i_14115,i_10316,i_04578,i_07171,i_11910
u_00006,i_05439,i_10316,i_01998,i_05416,i_03773,i_04478,i_10930,i_09948,i_00062,i_14221
u_00007,i_04679,i_02790,i_02321,i_01129,i_00122,i_01539,i_13761,i_02382,i_04623,i_02407
u_00008,i_04181,i_11548,i_11373,i_04692,i_02541,i_05431,i_04480,i_14983,i_10316,i_17626
u_00009,i_28982,i_24980,i_05786,i_11910,i_10930,i_01868,i_14173,i_05394,i_08862,i_08801
u_00010,i_14604,i_01937,i_14115,i_03773,i_01523,i_05394,i_17626,i_10316,i_02786,i_08132
u_00011,i_00539,i_05267,i_08713,i_01523,i_02786,i_05786,i_02415,i_01468,i_08862,i_10316
u_00012,i_01523,i_01487,i_00062,i_21094,i_26935,i_02786,i_01468,i_01937,i_02676,i_08713
u_00013,i_31921,i_11910,i_05267,i_05109,i_01937,i_10316,i_09052,i_05439,i_24980,i_17626
u_00014,i_02676,i_17626,i_21094,i_14604,i_02786,i_11373,i_32040,i_00122,i_00155,i_00062
u_00015,i_01468,i_14604,i_17626,i_28984,i_05786,i_02786,i_01430,i_21094,i_06533,i_01810
u_00016,i_09591,i_11543,i_13670,i_02136,i_11047,i_14796,i_09124,i_00506,i_00162,i_00755
u_00017,i_10316,i_01523,i_28982,i_02786,i_31903,i_03773,i_00062,i_10518,i_02280,i_10120
u_00018,i_01111,i_05267,i_00062,i_03678,i_05472,i_01523,i_02417,i_14115,i_02380,i_01937
u_00019,i_08091,i_04603,i_17626,i_24980,i_10316,i_02786,i_14604,i_07370,i_10353,i_02136
u_00020,i_05267,i_14808,i_01430,i_03773,i_11365,i_11910,i_07171,i_05394,i_04580,i_01937
u_00021,i_01480,i_02786,i_21094,i_11910,i_31952,i_32040,i_11909,i_17626,i_14604,i_00154
u_00022,i_31902,i_13651,i_00062,i_00468,i_00928,i_07520,i_14604,i_01937,i_02786,i_21094
u_00023,i_10316,i_17626,i_11373,i_00776,i_02786,i_10995,i_01480,i_06228,i_06952,i_21094
u_00024,i_06241,i_01827,i_24980,i_06228,i_00226,i_16920,i_08518,i_00057,i_00922,i_02228
u_00025,i_03866,i_02631,i_14604,i_06068,i_05762,i_01129,i_00037,i_01937,i_00523,i_08895
u_00026,i_01480,i_14604,i_25535,i_24980,i_31903,i_00377,i_01111,i_28982,i_10316,i_00122
u_00027,i_05267,i_24980,i_10895,i_05786,i_06450,i_08862,i_04580,i_01810,i_08191,i_02786
u_00028,i_09635,i_05034,i_02228,i_09141,i_03397,i_12282,i_03907,i_02609,i_00724,i_04544
u_00029,i_07016,i_03302,i_13122,i_08560,i_09591,i_09976,i_15489,i_05394,i_06399,i_14604
u_00030,i_14604,i_01468,i_01937,i_01485,i_00122,i_05267,i_02111,i_01523,i_01111,i_01480
u_00031,i_01111,i_14604,i_10316,i_03590,i_21094,i_05267,i_13841,i_00776,i_17626,i_06952
u_00032,i_14604,i_01937,i_02786,i_00037,i_01111,i_04578,i_17108,i_05786,i_08754,i_14173
u_00033,i_10316,i_01741,i_05493,i_21094,i_24980,i_01937,i_22342,i_05267,i_02406,i_03457
u_00034,i_04480,i_03590,i_04692,i_02111,i_05472,i_15630,i_27051,i_04527,i_02810,i_09490
u_00035,i_14604,i_09070,i_00122,i_12901,i_10316,i_28880,i_21094,i_02316,i_11373,i_01108
u_00036,i_10316,i_24980,i_02786,i_14604,i_17626,i_31946,i_01480,i_21094,i_31921,i_00433
u_00037,i_11483,i_01523,i_02786,i_03773,i_08052,i_13651,i_08132,i_02209,i_00062,i_13031
u_00038,i_17626,i_21094,i_31903,i_31902,i_28982,i_31921,i_14604,i_07520,i_01480,i_18031
u_00039,i_01424,i_01539,i_17670,i_12430,i_09009,i_00523,i_25822,i_32029,i_10975,i_03567
u_00040,i_02786,i_13841,i_01523,i_10316,i_21094,i_05493,i_01480,i_06228,i_01937,i_24980
u_00041,i_00122,i_14604,i_02786,i_01998,i_25535,i_01937,i_00791,i_01111,i_10316,i_00062
u_00042,i_24980,i_21094,i_10518,i_01764,i_01736,i_14604,i_25536,i_17626,i_05493,i_10316
u_00043,i_17626,i_24980,i_21094,i_00122,i_12901,i_31741,i_00428,i_17924,i_00057,i_32108
u_00044,i_01468,i_01937,i_14604,i_01523,i_17924,i_02415,i_01480,i_10316,i_17626,i_02334
u_00045,i_01111,i_01998,i_14115,i_11910,i_14808,i_01937,i_05394,i_11373,i_02229,i_00377
u_00046,i_15181,i_21094,i_01468,i_01523,i_02786,i_17626,i_00122,i_01111,i_31921,i_07520
u_00047,i_17923,i_01480,i_17626,i_17924,i_24980,i_21094,i_10518,i_00506,i_00142,i_31741
u_00048,i_01430,i_04578,i_03773,i_11373,i_02399,i_18681,i_03829,i_26936,i_07171,i_14604
u_00049,i_10316,i_14604,i_14221,i_10057,i_12061,i_02209,i_11342,i_27051,i_02359,i_01468
u_00050,i_07263,i_04504,i_10316,i_17626,i_02786,i_10057,i_01523,i_01468,i_14221,i_00122
u_00051,i_21094,i_32040,i_00162,i_01480,i_10316,i_24980,i_00154,i_01849,i_00440,i_00163
u_00052,i_01937,i_11365,i_01523,i_02786,i_14604,i_02827,i_24302,i_14815,i_09345,i_02136
u_00053,i_02786,i_14604,i_01937,i_00122,i_01523,i_00027,i_01798,i_01808,i_10316,i_07520
u_00054,i_07524,i_00433,i_02136,i_00468,i_04413,i_09591,i_01522,i_01849,i_00928,i_03468
u_00055,i_28982,i_09275,i_17924,i_01868,i_31903,i_09436,i_08754,i_05188,i_11909,i_23940
u_00056,i_03907,i_02382,i_03866,i_04340,i_00122,i_13122,i_02228,i_02276,i_01827,i_29117
u_00057,i_24980,i_01937,i_05267,i_02786,i_17626,i_21094,i_01468,i_14604,i_25535,i_12424
u_00058,i_05267,i_02786,i_08132,i_01849,i_01937,i_05797,i_00037,i_00062,i_05394,i_10120
u_00059,i_00122,i_14604,i_06228,i_05493,i_17108,i_05394,i_01111,i_01135,i_05267,i_21094
u_00060,i_14604,i_01111,i_05267,i_09345,i_11373,i_02786,i_17626,i_10316,i_00776,i_01523
u_00061,i_01937,i_08862,i_08754,i_02079,i_03665,i_03678,i_03397,i_03866,i_05342,i_10921
u_00062,i_01199,i_08895,i_02300,i_02228,i_01477,i_03302,i_02874,i_01135,i_00395,i_10995
u_00063,i_01480,i_11373,i_14115,i_14604,i_11909,i_11910,i_03773,i_01827,i_10316,i_06228
u_00064,i_01468,i_10316,i_21094,i_14604,i_05296,i_24980,i_02136,i_17108,i_09591,i_00037
u_00065,i_02786,i_10316,i_14604,i_00062,i_02136,i_01937,i_02393,i_14115,i_01486,i_03773
u_00066,i_14604,i_02299,i_15669,i_06068,i_24980,i_00724,i_01486,i_03468,i_04221,i_01645
u_00067,i_02786,i_01937,i_01523,i_14604,i_11365,i_05267,i_05976,i_03819,i_14808,i_13705
u_00068,i_31741,i_31952,i_08881,i_00075,i_12901,i_00057,i_09345,i_04033,i_00395,i_17670
u_00069,i_01490,i_31921,i_21094,i_01522,i_02235,i_17626,i_17108,i_08518,i_05267,i_18139
u_00070,i_09345,i_00523,i_03404,i_00389,i_09932,i_27051,i_02541,i_05024,i_00037,i_07567
u_00071,i_01480,i_17626,i_21094,i_11909,i_14604,i_02786,i_11910,i_08895,i_00389,i_00523
u_00072,i_31903,i_28982,i_00506,i_00303,i_14604,i_01938,i_02105,i_08518,i_10316,i_28547
u_00073,i_10202,i_29117,i_02276,i_01135,i_02228,i_05213,i_10781,i_14120,i_01496,i_01827
u_00074,i_10316,i_01468,i_03773,i_07370,i_01523,i_08132,i_21094,i_09070,i_07520,i_10353
u_00075,i_09345,i_10781,i_08895,i_03302,i_21094,i_16877,i_02297,i_00540,i_31993,i_03397
u_00076,i_10316,i_01480,i_14604,i_02786,i_24980,i_01485,i_28593,i_24049,i_17108,i_02313
u_00077,i_01480,i_03819,i_24980,i_03829,i_17626,i_11910,i_09275,i_01468,i_01937,i_02786
u_00078,i_10316,i_01849,i_02105,i_00506,i_05267,i_21094,i_01486,i_00433,i_05786,i_02136
u_00079,i_14604,i_08052,i_02786,i_01468,i_05267,i_02415,i_17626,i_00062,i_03678,i_23257
u_00080,i_00057,i_24980,i_01199,i_01486,i_13291,i_21094,i_00716,i_01468,i_04646,i_01495
u_00081,i_14604,i_24980,i_05267,i_01111,i_10316,i_14808,i_06228,i_00037,i_05394,i_00122
u_00082,i_02786,i_01937,i_01523,i_17626,i_14651,i_14604,i_14808,i_10316,i_05416,i_05180
u_00083,i_29117,i_17670,i_01129,i_21094,i_12430,i_05786,i_01988,i_02631,i_17626,i_24980
u_00084,i_21094,i_08193,i_00724,i_02725,i_02276,i_32048,i_02111,i_00122,i_01993,i_02382
u_00085,i_05677,i_04580,i_13850,i_08355,i_07016,i_06450,i_13122,i_06886,i_02228,i_17662
u_00086,i_24980,i_22342,i_01202,i_04505,i_02334,i_08895,i_17108,i_01468,i_01523,i_04191
u_00087,i_14604,i_05267,i_04580,i_01523,i_21094,i_01111,i_01937,i_00122,i_08132,i_17626
u_00088,i_08881,i_01111,i_02321,i_02755,i_00395,i_00122,i_29117,i_01827,i_01135,i_02314
u_00089,i_05899,i_14604,i_11910,i_06228,i_02228,i_12430,i_06017,i_01480,i_06071,i_03866
u_00090,i_01739,i_02244,i_10316,i_06533,i_02209,i_05354,i_02136,i_00433,i_04191,i_12141
u_00091,i_04377,i_10316,i_09124,i_01739,i_03773,i_02136,i_04504,i_12141,i_09934,i_05103
u_00092,i_12430,i_00057,i_01539,i_08881,i_01774,i_02228,i_00765,i_08895,i_12901,i_00122
u_00093,i_02282,i_21094,i_00303,i_31921,i_00091,i_21033,i_02105,i_00077,i_00306,i_00440
u_00094,i_01468,i_01111,i_02596,i_21094,i_02317,i_01486,i_01937,i_15181,i_00062,i_08052
u_00095,i_10057,i_04480,i_10316,i_00793,i_14221,i_27051,i_03689,i_01904,i_00492,i_02359
u_00096,i_08713,i_07520,i_09052,i_02079,i_01937,i_14604,i_24980,i_11910,i_13127,i_02415
u_00097,i_01480,i_04102,i_00365,i_10518,i_00204,i_01481,i_31903,i_02022,i_31959,i_02076
u_00098,i_14604,i_05267,i_01480,i_01523,i_00122,i_02334,i_10133,i_00011,i_02317,i_01485
u_00099,i_00011,i_00202,i_31950,i_17924,i_01111,i_00062,i_10316,i_04578,i_02334,i_07520
u_00100,i_10316,i_24980,i_19432,i_06017,i_17269,i_06228,i_00724,i_11369,i_00062,i_08132
u_00101,i_05212,i_10316,i_04480,i_01937,i_01993,i_08193,i_11373,i_02279,i_02359,i_01486
u_00102,i_11373,i_04191,i_06228,i_22342,i_00716,i_05354,i_01496,i_00122,i_24980,i_02276
u_00103,i_17622,i_05103,i_04418,i_04295,i_04089,i_04300,i_11904,i_02209,i_04293,i_12365
u_00104,i_02786,i_06228,i_24980,i_10316,i_21094,i_01522,i_01076,i_03262,i_22342,i_01480
u_00105,i_24980,i_14604,i_17626,i_10316,i_21094,i_05103,i_00776,i_06228,i_02393,i_00554
u_00106,i_01945,i_02255,i_13288,i_03678,i_01923,i_02827,i_05439,i_02136,i_01523,i_03829
u_00107,i_14604,i_13651,i_00928,i_09345,i_00948,i_02676,i_17389,i_03829,i_10316,i_31921
u_00108,i_10316,i_31903,i_07263,i_00870,i_14604,i_02786,i_08518,i_01468,i_00468,i_21094
u_00109,i_00428,i_24980,i_21094,i_03302,i_16877,i_00122,i_14604,i_10120,i_17626,i_08052
u_00110,i_01937,i_02415,i_01523,i_04692,i_11483,i_05472,i_04523,i_09124,i_01111,i_02786
u_00111,i_03302,i_02755,i_02725,i_01993,i_00057,i_01206,i_00761,i_10316,i_02154,i_24980
u_00112,i_05677,i_09310,i_09070,i_02316,i_10761,i_02703,i_00765,i_00922,i_03866,i_02255
u_00113,i_00037,i_01523,i_14604,i_01849,i_07520,i_04221,i_02228,i_10316,i_01937,i_00724
u_00114,i_31946,i_10518,i_24980,i_14604,i_02786,i_01054,i_00311,i_28982,i_17924,i_00142
u_00115,i_13239,i_02725,i_00145,i_04254,i_00037,i_01994,i_07050,i_01202,i_14173,i_13690
u_00116,i_01868,i_01937,i_14604,i_09275,i_01932,i_02334,i_05167,i_05267,i_06534,i_00062
u_00117,i_10316,i_10409,i_03397,i_01523,i_11373,i_09436,i_11386,i_06228,i_07970,i_01545
u_00118,i_11368,i_02596,i_05394,i_09461,i_01993,i_14221,i_01111,i_07263,i_10316,i_03829
u_00119,i_01480,i_17626,i_24980,i_14604,i_02786,i_01468,i_02334,i_10518,i_13031,i_00428
u_00120,i_05188,i_08713,i_01937,i_17108,i_01480,i_00389,i_02334,i_24980,i_25535,i_14604
u_00121,i_07752,i_14604,i_02111,i_10316,i_31952,i_01479,i_00389,i_02786,i_00122,i_00492
u_00122,i_13547,i_08063,i_11562,i_15906,i_11331,i_11714,i_09915,i_05491,i_23464,i_08428
u_00123,i_06228,i_02136,i_01545,i_11107,i_00724,i_03590,i_09124,i_06766,i_05354,i_11386
u_00124,i_07370,i_11569,i_12141,i_02317,i_14604,i_02209,i_01937,i_04191,i_04345,i_10120
u_00125,i_05797,i_02786,i_09345,i_14878,i_04181,i_13690,i_04480,i_01904,i_02380,i_09490
u_00126,i_02786,i_10316,i_01111,i_24980,i_21094,i_01937,i_17626,i_01430,i_01480,i_05394
u_00127,i_00122,i_24980,i_00395,i_01849,i_17626,i_02634,i_10316,i_01135,i_26940,i_02276
u_00128,i_04377,i_01468,i_14604,i_00122,i_24302,i_01111,i_10316,i_01523,i_24980,i_01998
u_00129,i_05267,i_17626,i_24980,i_05188,i_02334,i_01937,i_06228,i_01480,i_08713,i_02786
u_00130,i_01111,i_04585,i_03590,i_04692,i_02209,i_10120,i_03940,i_17626,i_02786,i_04478
u_00131,i_01111,i_02313,i_17626,i_01480,i_05394,i_02382,i_00523,i_00122,i_03866,i_12430
u_00132,i_08895,i_24980,i_10518,i_00122,i_12430,i_05778,i_31741,i_22342,i_29117,i_21094
u_00133,i_24980,i_01480,i_00462,i_04346,i_22342,i_02079,i_00506,i_00037,i_02317,i_09345
u_00134,i_00062,i_01523,i_02786,i_05103,i_01937,i_24980,i_14604,i_00213,i_31921,i_03151
u_00135,i_00279,i_01202,i_10316,i_08713,i_08132,i_31950,i_02228,i_04186,i_06458,i_00037
u_00136,i_06582,i_14983,i_03590,i_04585,i_01479,i_01937,i_02882,i_02136,i_01468,i_10316
u_00137,i_04171,i_00776,i_02359,i_13841,i_08193,i_06951,i_02313,i_02154,i_03319,i_00122
u_00138,i_01468,i_01480,i_01486,i_24980,i_17626,i_00389,i_01827,i_08518,i_00037,i_01937
u_00139,i_02786,i_11047,i_01111,i_10316,i_02136,i_23257,i_04181,i_02274,i_05267,i_05642
u_00140,i_03773,i_00091,i_14604,i_02154,i_00155,i_00724,i_14808,i_00163,i_17108,i_10930
u_00141,i_02415,i_04578,i_17626,i_01523,i_14604,i_02228,i_18681,i_10316,i_11365,i_08052
u_00142,i_01480,i_01158,i_00462,i_14604,i_11373,i_10518,i_17924,i_01129,i_21094,i_00122
u_00143,i_10316,i_14604,i_05103,i_09052,i_00062,i_02136,i_02786,i_04504,i_01480,i_03468
u_00144,i_01937,i_05267,i_05439,i_04578,i_11365,i_02415,i_04386,i_09345,i_08713,i_05797
u_00145,i_03262,i_00122,i_13841,i_24980,i_02631,i_06228,i_12430,i_02382,i_00725,i_02725
u_00146,i_03773,i_06228,i_11373,i_09934,i_01523,i_13124,i_09124,i_10316,i_01827,i_09070
u_00147,i_00011,i_28547,i_02334,i_31983,i_28982,i_02022,i_01480,i_31903,i_03357,i_13651
u_00148,i_14604,i_05267,i_04578,i_17626,i_01523,i_01937,i_14808,i_02786,i_10316,i_08132
u_00149,i_02228,i_10995,i_01993,i_04254,i_00145,i_01479,i_09592,i_02831,i_02209,i_09591
u_00150,i_01480,i_00554,i_00091,i_02676,i_17626,i_02334,i_02105,i_00163,i_00922,i_17924
u_00151,i_14604,i_10316,i_00310,i_06951,i_00506,i_03773,i_24980,i_21094,i_18031,i_00930
u_00152,i_04181,i_01904,i_00793,i_01993,i_01479,i_03590,i_08193,i_04480,i_02209,i_04171
u_00153,i_10518,i_24980,i_02280,i_10316,i_00724,i_01486,i_17626,i_31741,i_02334,i_00395
u_00154,i_02320,i_04191,i_01942,i_05677,i_10995,i_01645,i_00506,i_15616,i_05573,i_18312
u_00155,i_00122,i_09052,i_14604,i_10316,i_17626,i_01523,i_03865,i_01937,i_17108,i_01486
u_00156,i_11047,i_01111,i_11409,i_15005,i_00716,i_01807,i_04123,i_14248,i_06397,i_08193
u_00157,i_01937,i_02786,i_02731,i_08132,i_14604,i_10316,i_02209,i_01111,i_12072,i_05416
u_00158,i_03678,i_02827,i_05103,i_14115,i_05416,i_08132,i_13690,i_05439,i_02381,i_03368
u_00159,i_28982,i_00311,i_04102,i_17924,i_10518,i_02334,i_17626,i_00362,i_00462,i_14604
u_00160,i_21094,i_10057,i_14604,i_17626,i_05296,i_10316,i_00428,i_17108,i_02380,i_02090
u_00161,i_01937,i_01480,i_00870,i_10509,i_15669,i_05407,i_02244,i_13124,i_05272,i_02786
u_00162,i_04181,i_23257,i_14604,i_04527,i_16000,i_01937,i_00122,i_04480,i_01849,i_01479
u_00163,i_05212,i_00389,i_08193,i_00122,i_22342,i_27675,i_02279,i_00023,i_00075,i_00057
u_00164,i_01937,i_02154,i_00062,i_10316,i_02415,i_02623,i_02731,i_27051,i_04181,i_26936
u_00165,i_05188,i_08713,i_02676,i_21094,i_31903,i_01923,i_17108,i_02786,i_01485,i_02334
u_00166,i_01827,i_16877,i_03781,i_05418,i_04033,i_03567,i_10781,i_01215,i_01535,i_04984
u_00167,i_01937,i_02229,i_02827,i_07260,i_01201,i_05394,i_02968,i_16260,i_01998,i_01111
u_00168,i_01479,i_09442,i_04171,i_10057,i_04585,i_31950,i_08193,i_03319,i_09596,i_03507
u_00169,i_01523,i_24980,i_02334,i_10518,i_10316,i_17626,i_00011,i_31921,i_14604,i_21094
u_00170,i_14604,i_10316,i_00922,i_00122,i_21094,i_24980,i_00062,i_01468,i_04504,i_02240
u_00171,i_24379,i_06386,i_10316,i_11548,i_12072,i_09442,i_13499,i_21249,i_21849,i_18801
u_00172,i_07657,i_11749,i_05757,i_04480,i_04181,i_05759,i_09442,i_06582,i_05191,i_10339
u_00173,i_05472,i_05103,i_11543,i_04527,i_11373,i_04692,i_03866,i_13084,i_01135,i_21094
u_00174,i_01810,i_02229,i_12061,i_13674,i_08132,i_06441,i_17108,i_32129,i_21849,i_10972
u_00175,i_06228,i_01937,i_11373,i_01523,i_10316,i_17108,i_03262,i_02228,i_07242,i_14604
u_00176,i_02393,i_17626,i_14604,i_06952,i_24980,i_05103,i_01165,i_11373,i_06228,i_07370
u_00177,i_01468,i_02786,i_14604,i_03829,i_10316,i_17626,i_32112,i_02209,i_00062,i_02280
u_00178,i_03302,i_02380,i_01523,i_02317,i_02596,i_01849,i_04123,i_02136,i_04984,i_15902
u_00179,i_02209,i_14221,i_04585,i_02318,i_10057,i_02136,i_02380,i_02100,i_17626,i_07370
u_00180,i_09345,i_01485,i_01993,i_00122,i_27051,i_05493,i_32048,i_01827,i_04480,i_04585
u_00181,i_08895,i_01468,i_25535,i_24980,i_01937,i_17119,i_01519,i_02317,i_31741,i_00057
u_00182,i_27051,i_04181,i_02396,i_01937,i_13690,i_11548,i_00793,i_16499,i_03915,i_17253
u_00183,i_05103,i_01523,i_02317,i_17626,i_14604,i_01937,i_02274,i_03590,i_01468,i_11047
u_00184,i_10316,i_01523,i_14604,i_17626,i_02136,i_02297,i_02786,i_03468,i_01202,i_01468
u_00185,i_17626,i_24980,i_10057,i_11373,i_10316,i_01111,i_01523,i_14604,i_04181,i_02111
u_00186,i_01774,i_04207,i_00767,i_25690,i_14604,i_02134,i_10781,i_05763,i_01827,i_09591
u_00187,i_12141,i_02209,i_03457,i_09124,i_10316,i_02100,i_02786,i_01739,i_11537,i_06397
u_00188,i_00612,i_03590,i_04480,i_21033,i_31950,i_04181,i_02209,i_00389,i_10316,i_00793
u_00189,i_00506,i_25690,i_08518,i_10316,i_02213,i_02393,i_21094,i_00075,i_00922,i_00311
u_00190,i_04366,i_00126,i_01923,i_00468,i_05267,i_02676,i_02334,i_02381,i_02866,i_04277
u_00191,i_03806,i_01827,i_11910,i_01167,i_17626,i_07263,i_14604,i_17602,i_02878,i_02229
u_00192,i_21094,i_00122,i_24980,i_00304,i_10316,i_02683,i_08518,i_01486,i_01111,i_02280
u_00193,i_24980,i_17626,i_06241,i_02786,i_00122,i_06228,i_10316,i_08881,i_01468,i_11373
u_00194,i_21094,i_00023,i_17626,i_24980,i_14604,i_01044,i_00122,i_01111,i_10316,i_02563
u_00195,i_04585,i_14221,i_05472,i_00428,i_01479,i_02333,i_09442,i_02359,i_10120,i_05901
u_00196,i_05212,i_04191,i_02319,i_08193,i_04585,i_00122,i_02279,i_10316,i_17626,i_01202
u_00197,i_02755,i_01432,i_04191,i_06390,i_13670,i_04413,i_21094,i_23026,i_08881,i_07524
u_00198,i_02786,i_01937,i_01523,i_27051,i_02209,i_08132,i_05267,i_05394,i_01993,i_02274
u_00199,i_03590,i_03773,i_14604,i_05342,i_15906,i_02786,i_14115,i_18095,i_04277,i_02091
u_00200,i_08091,i_04602,i_09070,i_14604,i_27051,i_07587,i_10316,i_08560,i_10353,i_04480
u_00201,i_01480,i_14604,i_24980,i_11373,i_05394,i_02786,i_09275,i_02079,i_01135,i_01523
u_00202,i_14604,i_28982,i_02786,i_06228,i_01468,i_17626,i_21094,i_22342,i_11373,i_29117
u_00203,i_10316,i_02786,i_17626,i_04413,i_01111,i_02683,i_07524,i_00395,i_05103,i_01523
u_00204,i_01111,i_03678,i_02136,i_02317,i_01099,i_14604,i_08052,i_02235,i_03302,i_05103
u_00205,i_21094,i_24980,i_17626,i_00586,i_01798,i_02786,i_04191,i_01480,i_01468,i_12901
u_00206,i_02634,i_04171,i_00793,i_05431,i_04585,i_00389,i_01135,i_02359,i_17108,i_03319
u_00207,i_00062,i_03773,i_17626,i_10316,i_03678,i_24980,i_01523,i_14984,i_14604,i_11910
u_00208,i_05394,i_02229,i_14651,i_11342,i_21849,i_08801,i_06441,i_13674,i_05167,i_02786
u_00209,i_24980,i_00122,i_02786,i_01480,i_17626,i_01468,i_21094,i_17389,i_01486,i_27051
u_00210,i_17626,i_32021,i_00249,i_15708,i_32036,i_11962,i_00395,i_27051,i_00793,i_31950
u_00211,i_02154,i_04171,i_00122,i_08193,i_21094,i_32108,i_08895,i_00922,i_00930,i_08518
u_00212,i_11047,i_09934,i_10316,i_06390,i_01807,i_08815,i_04692,i_02209,i_18801,i_02274
u_00213,i_00793,i_10057,i_02276,i_03590,i_02563,i_17626,i_14221,i_09442,i_01485,i_01135
u_00214,i_07370,i_10316,i_14604,i_00586,i_00433,i_04418,i_02213,i_24980,i_28982,i_04504
u_00215,i_31993,i_21094,i_22342,i_01937,i_00037,i_31741,i_02317,i_14604,i_09009,i_00306
u_00216,i_06533,i_17626,i_00964,i_02380,i_02319,i_18139,i_01468,i_02209,i_00554,i_01486
u_00217,i_02786,i_01111,i_01486,i_14604,i_07520,i_02299,i_06882,i_00073,i_06228,i_02317
u_00218,i_04692,i_11409,i_04480,i_04478,i_14604,i_11047,i_04527,i_02784,i_02274,i_04181
u_00219,i_21094,i_00724,i_05188,i_31902,i_01480,i_17924,i_14604,i_17626,i_24980,i_07520
u_00220,i_10316,i_00122,i_14604,i_02786,i_02111,i_01468,i_15615,i_04419,i_32036,i_02634
u_00221,i_05212,i_14221,i_27051,i_03803,i_01479,i_08193,i_01827,i_11910,i_00145,i_09103
u_00222,i_08132,i_14221,i_12728,i_01468,i_27051,i_04692,i_10316,i_03773,i_05416,i_02274
u_00223,i_14808,i_01111,i_31952,i_00122,i_02786,i_14604,i_02235,i_14115,i_11373,i_02209
u_00224,i_10316,i_06228,i_17626,i_24980,i_01479,i_02276,i_03773,i_09124,i_09934,i_12282
u_00225,i_02333,i_02111,i_02541,i_13690,i_04585,i_09501,i_23257,i_04186,i_03319,i_01807
u_00226,i_00091,i_18031,i_00075,i_18139,i_24980,i_17626,i_21094,i_02683,i_01827,i_00470
u_00227,i_05715,i_01111,i_05786,i_00122,i_04679,i_18801,i_24980,i_02631,i_09383,i_10810
u_00228,i_14604,i_24980,i_17626,i_01044,i_00122,i_02786,i_09591,i_21094,i_04277,i_02507
u_00229,i_01807,i_01111,i_04692,i_17687,i_11047,i_02520,i_03689,i_13690,i_01833,i_14120
u_00230,i_17108,i_05103,i_14604,i_00395,i_00044,i_01111,i_02235,i_00724,i_05493,i_01746
u_00231,i_17626,i_24980,i_10316,i_02786,i_01480,i_01746,i_21094,i_01486,i_02334,i_00011
u_00232,i_10316,i_07524,i_00054,i_05407,i_02079,i_17626,i_03468,i_01485,i_02235,i_01522
u_00233,i_10518,i_04102,i_28982,i_02022,i_02076,i_31903,i_31952,i_17923,i_31992,i_31988
u_00234,i_11373,i_01135,i_24980,i_17626,i_05786,i_00037,i_10316,i_00755,i_00122,i_04580
u_00235,i_10316,i_13841,i_00930,i_06228,i_00470,i_18031,i_01480,i_03678,i_00075,i_24019
u_00236,i_00122,i_01111,i_10316,i_04181,i_01468,i_01523,i_01937,i_02631,i_17119,i_11373
u_00237,i_21094,i_00122,i_31952,i_02786,i_00922,i_02235,i_01468,i_10316,i_03468,i_08518
u_00238,i_05267,i_31921,i_01937,i_21094,i_14604,i_00037,i_00389,i_13674,i_01810,i_01468
u_00239,i_11368,i_04692,i_23257,i_05472,i_17687,i_09842,i_05122,i_16660,i_05034,i_12101
u_00240,i_12141,i_02317,i_00470,i_10120,i_01937,i_14604,i_02209,i_02393,i_24980,i_03773
u_00241,i_21033,i_32036,i_01468,i_15708,i_00575,i_08642,i_03829,i_04480,i_04181,i_01044
u_00242,i_02380,i_02786,i_00922,i_05472,i_01523,i_11047,i_08052,i_05267,i_01486,i_02136
u_00243,i_17626,i_00928,i_02136,i_02786,i_01111,i_24980,i_31741,i_14604,i_05103,i_21094
u_00244,i_02831,i_04022,i_11959,i_13670,i_10996,i_08610,i_14526,i_02228,i_04504,i_15005
u_00245,i_01486,i_24980,i_01496,i_00306,i_00554,i_02228,i_02090,i_02080,i_18139,i_08895
u_00246,i_17626,i_01937,i_02786,i_14604,i_01468,i_10316,i_21094,i_02393,i_17108,i_02676
u_00247,i_01937,i_02786,i_01523,i_14604,i_01468,i_26936,i_00062,i_02415,i_00011,i_04692
u_00248,i_10995,i_13547,i_06228,i_10316,i_08881,i_24980,i_17626,i_07370,i_01097,i_04984
u_00249,i_14604,i_10316,i_01523,i_13651,i_17626,i_01937,i_02786,i_09275,i_00948,i_21094
u_00250,i_10316,i_10120,i_17626,i_11373,i_03773,i_09635,i_08132,i_24980,i_07370,i_08091
u_00251,i_13841,i_06228,i_06952,i_24980,i_02136,i_10316,i_13084,i_01523,i_00433,i_02380
u_00252,i_08193,i_13547,i_06228,i_04191,i_07370,i_04585,i_09635,i_02279,i_02359,i_05431
u_00253,i_01523,i_02786,i_01937,i_21094,i_24980,i_14808,i_05267,i_10316,i_01111,i_02031
u_00254,i_02786,i_21094,i_01923,i_10316,i_01523,i_17108,i_02334,i_17924,i_02136,i_01485
u_00255,i_01468,i_10316,i_04181,i_08132,i_01937,i_03689,i_02417,i_00062,i_06228,i_02136
u_00256,i_01468,i_05267,i_01485,i_13690,i_14604,i_09052,i_02786,i_10316,i_24980,i_08132
u_00257,i_24980,i_00462,i_08895,i_06776,i_02734,i_12141,i_11107,i_06241,i_03085,i_03262
u_00258,i_21094,i_05296,i_10316,i_01111,i_24980,i_14604,i_01523,i_13705,i_01998,i_08132
u_00259,i_02317,i_10316,i_24980,i_24696,i_02244,i_00870,i_09124,i_02079,i_08132,i_10120
u_00260,i_10057,i_14221,i_04585,i_09442,i_09816,i_03590,i_04480,i_05212,i_02359,i_02279
u_00261,i_01468,i_14604,i_01937,i_02786,i_24980,i_04578,i_01998,i_02380,i_02827,i_25690
u_00262,i_02031,i_08713,i_01937,i_02415,i_00062,i_31899,i_01135,i_07520,i_16499,i_04181
u_00263,i_02786,i_24980,i_01468,i_14604,i_00062,i_11910,i_02317,i_01937,i_10316,i_02596
u_00264,i_31946,i_01480,i_00155,i_28278,i_00506,i_28547,i_00440,i_21094,i_10316,i_00303
u_00265,i_02631,i_05354,i_02276,i_13084,i_06397,i_01523,i_23257,i_06228,i_10120,i_15902
u_00266,i_10316,i_14604,i_27051,i_04692,i_02382,i_00389,i_03590,i_02725,i_00057,i_02154
u_00267,i_11618,i_21033,i_24302,i_00037,i_02280,i_22342,i_01827,i_00468,i_17108,i_02683
u_00268,i_00433,i_31741,i_00075,i_31950,i_13670,i_00930,i_13124,i_00062,i_00306,i_31952
u_00269,i_01468,i_14604,i_01523,i_00122,i_10316,i_24980,i_21094,i_02415,i_02111,i_02786
u_00270,i_10316,i_14604,i_01523,i_27051,i_02393,i_00433,i_01937,i_01849,i_00870,i_11373
u_00271,i_14604,i_06223,i_11055,i_14808,i_11373,i_05394,i_08754,i_04580,i_09345,i_01798
u_00272,i_01746,i_00865,i_14604,i_17626,i_01468,i_04585,i_01523,i_00122,i_14221,i_24302
u_00273,i_14604,i_01111,i_00433,i_24980,i_21094,i_00037,i_01468,i_06228,i_00122,i_02786
u_00274,i_00062,i_05267,i_08713,i_02415,i_07520,i_17108,i_01523,i_05342,i_04181,i_02031
u_00275,i_18312,i_00428,i_00554,i_08895,i_02725,i_21094,i_03302,i_00395,i_03397,i_00023
u_00276,i_31741,i_31952,i_00440,i_08518,i_00470,i_00075,i_31921,i_00922,i_00311,i_00930
u_00277,i_14604,i_01645,i_03468,i_00440,i_00506,i_00362,i_05296,i_02786,i_32040,i_31946
u_00278,i_10057,i_08091,i_14221,i_08560,i_10353,i_10316,i_08314,i_03302,i_08193,i_03319
u_00279,i_01523,i_07520,i_17626,i_03773,i_13690,i_08713,i_04181,i_01485,i_14604,i_04692
u_00280,i_02282,i_03773,i_05103,i_09052,i_04418,i_14604,i_11483,i_00062,i_01523,i_02415
u_00281,i_19978,i_22134,i_26255,i_21691,i_24481,i_22515,i_23033,i_23464,i_15902,i_17904
u_00282,i_08355,i_06450,i_02725,i_09591,i_07263,i_04221,i_02235,i_07016,i_08560,i_24980
u_00283,i_01937,i_00122,i_02415,i_02276,i_02541,i_06228,i_24980,i_08713,i_09141,i_11373
u_00284,i_01111,i_06882,i_10316,i_02136,i_01097,i_21094,i_01135,i_01485,i_02334,i_27030
u_00285,i_17626,i_00922,i_00776,i_31946,i_02683,i_24980,i_12430,i_18139,i_27675,i_12901
u_00286,i_02111,i_01135,i_03689,i_11543,i_17108,i_05267,i_08132,i_03678,i_02541,i_01111
u_00287,i_05775,i_02316,i_10353,i_09070,i_14713,i_10699,i_19530,i_01111,i_08560,i_06450
u_00288,i_10518,i_24980,i_17924,i_02786,i_17626,i_14604,i_00122,i_28982,i_02755,i_21094
u_00289,i_24980,i_12430,i_17924,i_17670,i_16877,i_00523,i_03567,i_00395,i_09009,i_26940
u_00290,i_03616,i_02101,i_01135,i_05786,i_00037,i_09345,i_02725,i_00122,i_05517,i_08881
u_00291,i_04221,i_05213,i_09345,i_12282,i_11543,i_10316,i_00145,i_13084,i_02120,i_18209
u_00292,i_09072,i_03806,i_22417,i_28092,i_02209,i_01479,i_10100,i_08132,i_03829,i_09934
u_00293,i_01545,i_07983,i_02720,i_11386,i_14604,i_10781,i_01827,i_01476,i_01111,i_04585
u_00294,i_14604,i_01135,i_11373,i_01111,i_17626,i_02634,i_04692,i_03590,i_04181,i_01468
u_00295,i_01480,i_01523,i_02786,i_14604,i_01764,i_21094,i_01937,i_01468,i_00122,i_28982
u_00296,i_05212,i_04585,i_03590,i_17626,i_01904,i_08193,i_03319,i_27051,i_01479,i_02380
u_00297,i_13547,i_22342,i_05354,i_06228,i_06223,i_02297,i_10781,i_01075,i_05652,i_03797
u_00298,i_04480,i_13690,i_01485,i_27051,i_14604,i_31950,i_08659,i_02634,i_02613,i_05434
u_00299,i_10316,i_00011,i_13651,i_00091,i_17924,i_10518,i_24019,i_00395,i_00586,i_12263
u_00300,i_05439,i_08052,i_03773,i_08132,i_01523,i_09182,i_05394,i_11569,i_11487,i_09052
u_00301,i_10057,i_02680,i_14221,i_02154,i_05212,i_01479,i_00622,i_02359,i_02950,i_08193
u_00302,i_03590,i_08052,i_14604,i_08132,i_03829,i_11047,i_27051,i_04191,i_02031,i_01111
u_00303,i_00776,i_13841,i_06228,i_00122,i_10316,i_06952,i_11373,i_11107,i_05354,i_06951
u_00304,i_03915,i_10057,i_02127,i_02786,i_02631,i_02359,i_01111,i_04171,i_08051,i_03590
u_00305,i_01111,i_08193,i_05212,i_13547,i_02359,i_10057,i_04585,i_14221,i_10316,i_17626
u_00306,i_14604,i_01480,i_01937,i_17626,i_02786,i_10120,i_10316,i_00122,i_01523,i_01485
u_00307,i_02755,i_24980,i_00122,i_06228,i_02313,i_02080,i_17108,i_00755,i_01496,i_10316
u_00308,i_01111,i_10316,i_03678,i_06544,i_05212,i_05354,i_13354,i_06228,i_11373,i_01545
u_00309,i_01937,i_14604,i_02786,i_01523,i_00062,i_21094,i_17924,i_02334,i_13651,i_25535
u_00310,i_24980,i_14604,i_01937,i_02136,i_01523,i_05267,i_14115,i_03678,i_01111,i_11373
u_00311,i_10316,i_01111,i_03829,i_01468,i_04478,i_14115,i_03590,i_05472,i_14604,i_03773
u_00312,i_01111,i_05267,i_00037,i_02786,i_00073,i_00395,i_01135,i_02111,i_21094,i_26940
u_00313,i_01827,i_01942,i_01490,i_08560,i_02954,i_02228,i_08355,i_02276,i_00724,i_00306
u_00314,i_00776,i_13841,i_04413,i_02136,i_06951,i_02380,i_01827,i_31921,i_06952,i_02299
u_00315,i_27051,i_07344,i_03319,i_02634,i_04480,i_08132,i_03940,i_05653,i_02235,i_02240
u_00316,i_02435,i_02136,i_16499,i_02995,i_00062,i_04527,i_13288,i_03773,i_03368,i_11373
u_00317,i_14604,i_10316,i_01523,i_02415,i_17626,i_03590,i_04692,i_06228,i_01111,i_17108
u_00318,i_10316,i_17626,i_21094,i_24980,i_00506,i_00470,i_00091,i_02786,i_02136,i_01480
u_00319,i_01937,i_18681,i_14604,i_03866,i_01798,i_05267,i_07171,i_04580,i_02541,i_11910
u_00320,i_02334,i_01480,i_00523,i_11910,i_01135,i_17389,i_14604,i_01937,i_05267,i_03866
u_00321,i_14604,i_02786,i_00554,i_17626,i_01937,i_02280,i_01044,i_01202,i_07370,i_31921
u_00322,i_03590,i_10316,i_00122,i_14604,i_03319,i_04527,i_04181,i_00793,i_00395,i_03866
u_00323,i_01993,i_02520,i_00793,i_02154,i_04480,i_01904,i_09345,i_10316,i_11047,i_04585
u_00324,i_02563,i_02407,i_02634,i_01479,i_02382,i_02727,i_02725,i_04254,i_02321,i_10972
u_00325,i_02541,i_02136,i_01523,i_10316,i_02359,i_27051,i_02154,i_01993,i_24980,i_06882
u_00326,i_10316,i_00870,i_08518,i_02297,i_24980,i_00311,i_02317,i_01480,i_17626,i_00433
u_00327,i_04315,i_24980,i_10316,i_01480,i_02786,i_03525,i_01468,i_17626,i_01937,i_31921
u_00328,i_09383,i_01111,i_25690,i_21094,i_02209,i_02786,i_14604,i_06228,i_01937,i_02634
u_00329,i_14604,i_02136,i_04585,i_10057,i_00433,i_01468,i_01479,i_01523,i_03590,i_06228
u_00330,i_00023,i_01044,i_02111,i_17389,i_02731,i_02786,i_21094,i_10316,i_02382,i_00395
u_00331,i_01937,i_02079,i_01523,i_01764,i_02786,i_14115,i_08132,i_07520,i_02415,i_14651
u_00332,i_01937,i_24980,i_08881,i_10930,i_01485,i_09327,i_09124,i_02317,i_03590,i_01490
u_00333,i_19432,i_04478,i_10120,i_02209,i_04181,i_02136,i_10353,i_02882,i_09070,i_01111
u_00334,i_10316,i_24980,i_06533,i_00468,i_00948,i_14604,i_02136,i_01523,i_17626,i_07370
u_00335,i_21094,i_00362,i_31741,i_01480,i_16920,i_17626,i_10518,i_24980,i_09009,i_22342
u_00336,i_00044,i_02882,i_14604,i_00122,i_04478,i_03773,i_02415,i_32112,i_10316,i_04419
u_00337,i_03590,i_14604,i_11047,i_04478,i_03678,i_04692,i_01937,i_02317,i_08132,i_09934
u_00338,i_24980,i_01480,i_02786,i_10316,i_31903,i_01468,i_17923,i_10518,i_00011,i_14604
u_00339,i_04418,i_04585,i_02136,i_06228,i_00761,i_14221,i_04191,i_02079,i_08193,i_13291
u_00340,i_01111,i_14604,i_13670,i_09591,i_02079,i_03468,i_11373,i_07524,i_06450,i_04221
u_00341,i_01937,i_24980,i_17626,i_14604,i_02297,i_01523,i_18681,i_02786,i_02720,i_11373
u_00342,i_01746,i_10316,i_04181,i_11569,i_09275,i_03319,i_09591,i_01993,i_14651,i_14221
u_00343,i_00922,i_18312,i_22342,i_04191,i_00506,i_27675,i_01480,i_17626,i_10316,i_01054
u_00344,i_02246,i_02313,i_01468,i_17626,i_31914,i_01486,i_00725,i_12430,i_00122,i_08895
u_00345,i_08491,i_08476,i_08191,i_09345,i_05283,i_13823,i_09595,i_05852,i_16216,i_19356
u_00346,i_08193,i_09010,i_02297,i_04585,i_09275,i_10409,i_01479,i_07370,i_05212,i_13085
u_00347,i_10316,i_01523,i_13690,i_14604,i_01111,i_01486,i_02786,i_21094,i_05267,i_01937
u_00348,i_05700,i_02244,i_03568,i_21094,i_31921,i_00922,i_00506,i_01522,i_31952,i_00075
u_00349,i_04480,i_31950,i_04585,i_01904,i_02359,i_11409,i_02634,i_02279,i_14604,i_08669
u_00350,i_00122,i_24980,i_02786,i_14604,i_31952,i_05778,i_00395,i_09009,i_08895,i_17108
u_00351,i_05267,i_01937,i_17626,i_05394,i_02596,i_08052,i_01111,i_05576,i_02209,i_12072
u_00352,i_14604,i_08193,i_06882,i_02563,i_02276,i_00776,i_17626,i_02154,i_11373,i_06228
u_00353,i_00468,i_00948,i_03357,i_17626,i_14604,i_03317,i_00433,i_02786,i_00037,i_21094
u_00354,i_14604,i_02786,i_24980,i_10316,i_17626,i_00122,i_01937,i_01523,i_07520,i_03829
u_00355,i_22313,i_11548,i_04181,i_13127,i_11483,i_03590,i_09327,i_02507,i_02079,i_14796
u_00356,i_02209,i_10713,i_05472,i_01111,i_01523,i_02786,i_05797,i_10316,i_01739,i_31921
u_00357,i_00468,i_02334,i_01480,i_00011,i_31903,i_14604,i_02676,i_24980,i_05187,i_00928
u_00358,i_01993,i_02406,i_14221,i_12141,i_10120,i_01468,i_01523,i_02209,i_02317,i_02136
u_00359,i_01480,i_00122,i_01111,i_11373,i_24980,i_02786,i_17626,i_14604,i_10518,i_10316
u_00360,i_10316,i_06228,i_24980,i_01111,i_04191,i_01937,i_01523,i_17626,i_14115,i_11373
u_00361,i_01937,i_01485,i_01480,i_10316,i_13843,i_04181,i_03773,i_02415,i_27051,i_08713
u_00362,i_01111,i_03829,i_05416,i_01937,i_08132,i_03601,i_14651,i_05180,i_04692,i_05472
u_00363,i_11373,i_10316,i_01523,i_24980,i_04418,i_14604,i_03773,i_01937,i_01480,i_09052
u_00364,i_10316,i_01937,i_01523,i_24980,i_01111,i_14604,i_17626,i_21094,i_03404,i_00037
u_00365,i_02731,i_27051,i_02031,i_08895,i_11483,i_02279,i_00569,i_02209,i_01129,i_03866
u_00366,i_21094,i_08052,i_01937,i_01523,i_01468,i_10316,i_02274,i_02380,i_01485,i_05472
u_00367,i_02317,i_01523,i_00062,i_01485,i_02235,i_07370,i_17626,i_21094,i_01937,i_13674
u_00368,i_01937,i_02786,i_04692,i_01523,i_03829,i_00062,i_02031,i_13690,i_14604,i_10316
u_00369,i_01468,i_01937,i_08193,i_14604,i_01523,i_24980,i_10316,i_02380,i_02317,i_01537
u_00370,i_01135,i_02313,i_11543,i_03866,i_00122,i_21094,i_10316,i_05786,i_02228,i_17108
u_00371,i_10316,i_02786,i_24980,i_13651,i_00468,i_00062,i_01937,i_04637,i_14604,i_02136
u_00372,i_32062,i_09345,i_05956,i_17602,i_00428,i_01111,i_32048,i_08895,i_00395,i_00523
u_00373,i_03866,i_01111,i_21094,i_24980,i_02786,i_00776,i_14604,i_13084,i_00523,i_10316
u_00374,i_01480,i_00062,i_17626,i_07520,i_24980,i_02786,i_00724,i_32040,i_02676,i_01486
u_00375,i_00468,i_02136,i_01480,i_05103,i_02031,i_21094,i_02280,i_13651,i_08518,i_00011
u_00376,i_01468,i_02079,i_02120,i_02415,i_00468,i_09052,i_03829,i_25690,i_02675,i_00062
u_00377,i_17108,i_03590,i_27030,i_17626,i_00091,i_17119,i_02683,i_10316,i_18139,i_00930
u_00378,i_14604,i_01111,i_01480,i_24980,i_05267,i_00062,i_07171,i_25535,i_02786,i_01485
u_00379,i_07370,i_08132,i_05416,i_01523,i_24980,i_01486,i_10120,i_18217,i_02786,i_04478
u_00380,i_00622,i_02279,i_04480,i_11543,i_16775,i_13489,i_02359,i_00377,i_15129,i_02549
u_00381,i_11373,i_10316,i_03590,i_01111,i_10120,i_04480,i_04585,i_01479,i_05879,i_04692
u_00382,i_21094,i_05267,i_00126,i_00791,i_05394,i_08801,i_07171,i_05167,i_01468,i_01937
u_00383,i_03590,i_10120,i_02209,i_14221,i_05416,i_03940,i_01937,i_04181,i_09327,i_01111
u_00384,i_10518,i_24980,i_02683,i_12430,i_13841,i_06951,i_06228,i_17924,i_03567,i_10316
u_00385,i_01523,i_07370,i_02393,i_02317,i_03590,i_08132,i_02442,i_31921,i_17108,i_00395
u_00386,i_14604,i_02209,i_10316,i_21094,i_08132,i_00062,i_00922,i_02317,i_05267,i_01523
u_00387,i_00422,i_02031,i_02415,i_04398,i_31674,i_02676,i_17108,i_31921,i_01468,i_16499
u_00388,i_03866,i_04171,i_02440,i_01143,i_01937,i_01479,i_00523,i_11373,i_01827,i_01206
u_00389,i_03590,i_01479,i_05431,i_27051,i_01111,i_02154,i_04480,i_03829,i_02235,i_04692
u_00390,i_01480,i_10316,i_01537,i_14604,i_05267,i_01111,i_02786,i_21094,i_01523,i_00062
u_00391,i_17626,i_14604,i_07370,i_10316,i_09275,i_04418,i_02317,i_02319,i_24980,i_17904
u_00392,i_04191,i_10316,i_20180,i_00523,i_31952,i_16633,i_14604,i_21094,i_03773,i_13290
u_00393,i_10100,i_10316,i_21249,i_02273,i_10353,i_15005,i_14074,i_17904,i_04553,i_13084
u_00394,i_14604,i_10316,i_24980,i_00122,i_01111,i_10354,i_21094,i_23257,i_05859,i_06450
u_00395,i_00948,i_02786,i_00037,i_00468,i_00011,i_01523,i_04578,i_02596,i_24980,i_05393
u_00396,i_01486,i_21094,i_25690,i_00506,i_14604,i_01522,i_00554,i_02317,i_00091,i_10316
u_00397,i_01480,i_14604,i_00428,i_12430,i_21094,i_11373,i_31952,i_08895,i_01111,i_10316
u_00398,i_06533,i_08091,i_09070,i_07587,i_01534,i_04603,i_19432,i_22342,i_29639,i_06776
u_00399,i_00793,i_27051,i_04585,i_02634,i_10316,i_00492,i_01224,i_03590,i_25690,i_00389
u_00400,i_00433,i_22738,i_18031,i_12566,i_31952,i_00506,i_27675,i_00075,i_14604,i_21094
u_00401,i_13547,i_02541,i_05024,i_05576,i_02285,i_03404,i_05797,i_03319,i_05568,i_08193
u_00402,i_03262,i_13841,i_06228,i_06951,i_02380,i_04186,i_04191,i_01165,i_02954,i_01135
u_00403,i_08895,i_03397,i_10972,i_17660,i_00725,i_32048,i_17108,i_10995,i_09345,i_13499
u_00404,i_01937,i_07520,i_02786,i_02676,i_10316,i_14604,i_24980,i_01523,i_00433,i_08713
u_00405,i_01993,i_00622,i_09345,i_04480,i_02154,i_17108,i_04585,i_02317,i_04498,i_02313
u_00406,i_06228,i_05899,i_10781,i_01477,i_10353,i_12365,i_02388,i_08091,i_14796,i_21249
u_00407,i_04022,i_15669,i_13850,i_09591,i_13670,i_11959,i_08355,i_06450,i_08560,i_14808
u_00408,i_14604,i_01523,i_01937,i_02786,i_01468,i_01486,i_08132,i_14115,i_05439,i_02079
u_00409,i_01937,i_14604,i_24980,i_09052,i_03866,i_17626,i_01468,i_11910,i_01523,i_10316
u_00410,i_01111,i_09932,i_02209,i_12061,i_10316,i_01923,i_02786,i_04548,i_02111,i_14604
u_00411,i_04585,i_03590,i_08193,i_14221,i_01827,i_02154,i_04181,i_01097,i_05431,i_02440
u_00412,i_00122,i_02786,i_10316,i_04123,i_11373,i_14115,i_05439,i_08132,i_17626,i_18801
u_00413,i_04527,i_08132,i_04498,i_09442,i_04585,i_04692,i_02209,i_03507,i_00062,i_04523
u_00414,i_10316,i_18095,i_02240,i_03940,i_03590,i_03829,i_03319,i_04692,i_02359,i_01993
u_00415,i_10316,i_01523,i_05653,i_02415,i_03590,i_04692,i_02786,i_13690,i_11548,i_01937
u_00416,i_31903,i_13651,i_00468,i_17924,i_25690,i_01480,i_08713,i_02334,i_25535,i_14604
u_00417,i_02209,i_24019,i_09591,i_13124,i_00433,i_00506,i_07524,i_00930,i_12418,i_06228
u_00418,i_14604,i_05439,i_18681,i_04578,i_09052,i_01523,i_14115,i_17626,i_03773,i_07429
u_00419,i_31952,i_24019,i_08518,i_01486,i_31741,i_02318,i_31921,i_08881,i_00091,i_24980
u_00420,i_02079,i_03829,i_05786,i_14604,i_01468,i_01937,i_07370,i_02209,i_17626,i_02720
u_00421,i_02786,i_05267,i_03865,i_14604,i_01523,i_07263,i_01111,i_17626,i_10316,i_01468
u_00422,i_04102,i_10518,i_01868,i_00204,i_04549,i_09275,i_17924,i_01480,i_03316,i_00365
u_00423,i_02393,i_16920,i_00852,i_18031,i_01827,i_28547,i_01480,i_07061,i_24302,i_03357
u_00424,i_08193,i_01486,i_02279,i_10316,i_00389,i_27051,i_02359,i_02276,i_24980,i_04585
u_00425,i_02415,i_02786,i_01468,i_01480,i_07520,i_01486,i_02676,i_01523,i_17626,i_21094
u_00426,i_00724,i_24980,i_10316,i_01937,i_11373,i_01523,i_05267,i_03866,i_01111,i_04580
u_00427,i_21094,i_02786,i_00362,i_22342,i_14604,i_28547,i_21033,i_31741,i_01746,i_00506
u_00428,i_31952,i_24980,i_17626,i_21094,i_14604,i_16877,i_00122,i_08518,i_01764,i_00395
u_00429,i_10316,i_17626,i_01746,i_05493,i_17108,i_01764,i_24302,i_02683,i_08052,i_10094
u_00430,i_11373,i_00145,i_11543,i_12430,i_07260,i_03397,i_02111,i_02382,i_32048,i_00716
u_00431,i_00362,i_01054,i_01486,i_02105,i_00506,i_31741,i_00311,i_17626,i_00776,i_00075
u_00432,i_09327,i_07370,i_09442,i_02359,i_10781,i_00145,i_03319,i_05212,i_02279,i_01827
u_00433,i_02507,i_03678,i_02634,i_02417,i_27051,i_00122,i_02731,i_02240,i_16499,i_01485
u_00434,i_17108,i_02507,i_01937,i_02111,i_11715,i_00059,i_02380,i_11910,i_02186,i_16837
u_00435,i_25690,i_10316,i_04585,i_27051,i_02136,i_01912,i_01937,i_05272,i_02415,i_04480
u_00436,i_10316,i_01480,i_21094,i_11373,i_31741,i_31952,i_00470,i_24302,i_14604,i_02786
u_00437,i_13690,i_14604,i_10316,i_02442,i_03926,i_01523,i_04692,i_01111,i_01937,i_11548
u_00438,i_02380,i_04181,i_10316,i_13670,i_02244,i_09124,i_11548,i_31921,i_05472,i_05267
u_00439,i_00506,i_00575,i_25690,i_00011,i_00922,i_02786,i_00928,i_31952,i_02136,i_00054
u_00440,i_10316,i_14604,i_01480,i_00279,i_24980,i_02786,i_02317,i_01486,i_31741,i_00433
u_00441,i_21094,i_14604,i_31903,i_01480,i_24980,i_02786,i_01522,i_05188,i_01937,i_17626
u_00442,i_00122,i_01938,i_01952,i_31992,i_02334,i_11910,i_17108,i_01485,i_02313,i_00395
u_00443,i_01523,i_01111,i_10316,i_14604,i_06228,i_01468,i_31952,i_11373,i_01937,i_02317
u_00444,i_15902,i_17660,i_01937,i_02229,i_01129,i_00122,i_04580,i_23257,i_01135,i_03773
u_00445,i_05267,i_01111,i_01523,i_02786,i_02380,i_02136,i_13285,i_02720,i_10316,i_11745
u_00446,i_05267,i_14604,i_02279,i_08754,i_01523,i_01430,i_00122,i_01480,i_14808,i_01111
u_00447,i_13690,i_04692,i_17626,i_01468,i_04181,i_01937,i_02136,i_03829,i_10316,i_00122
u_00448,i_02136,i_04191,i_13547,i_06228,i_02720,i_05354,i_07711,i_07970,i_02319,i_11386
u_00449,i_00122,i_09027,i_17626,i_02382,i_02228,i_12430,i_01135,i_05642,i_02154,i_01165
u_00450,i_08132,i_10930,i_03773,i_14604,i_02209,i_05267,i_01998,i_17626,i_07171,i_10120
u_00451,i_28278,i_01468,i_00155,i_02786,i_00389,i_31741,i_00922,i_00075,i_27675,i_00506
u_00452,i_10316,i_01202,i_06017,i_00586,i_04191,i_03865,i_02393,i_07370,i_02786,i_00362
u_00453,i_03302,i_16877,i_02902,i_02228,i_08518,i_02954,i_02663,i_01545,i_12430,i_06450
u_00454,i_14604,i_10316,i_01523,i_04418,i_00470,i_09052,i_01468,i_00433,i_14115,i_31952
u_00455,i_10316,i_14604,i_00062,i_02317,i_01937,i_02209,i_02136,i_24980,i_01849,i_08193
u_00456,i_00062,i_10316,i_06228,i_24980,i_01937,i_01468,i_14604,i_08132,i_01111,i_01486
u_00457,i_21094,i_10316,i_01937,i_24980,i_02786,i_14604,i_22342,i_00122,i_25690,i_00037
u_00458,i_01937,i_14604,i_02415,i_01468,i_01523,i_08801,i_22605,i_17108,i_01485,i_10316
u_00459,i_12786,i_17687,i_15077,i_16487,i_09879,i_15399,i_11942,i_08470,i_14248,i_04123
u_00460,i_10316,i_00122,i_11910,i_02786,i_02317,i_05267,i_01849,i_02235,i_01111,i_21094
u_00461,i_01937,i_02786,i_07520,i_02079,i_01468,i_14604,i_11483,i_02031,i_02676,i_06582
u_00462,i_01937,i_14604,i_17626,i_09052,i_21094,i_01468,i_02317,i_10316,i_05493,i_31952
u_00463,i_21094,i_00922,i_14604,i_10316,i_31952,i_00554,i_02105,i_01486,i_25690,i_31921
u_00464,i_17626,i_03590,i_01044,i_00793,i_27051,i_01753,i_01937,i_04480,i_03829,i_02279
u_00465,i_01937,i_08713,i_02415,i_05342,i_00062,i_25690,i_05267,i_11910,i_24302,i_00433
u_00466,i_21094,i_01912,i_02282,i_00470,i_00428,i_25690,i_17626,i_14604,i_08895,i_02786
u_00467,i_02382,i_02228,i_02725,i_13122,i_13761,i_03302,i_03869,i_03865,i_03397,i_07050
u_00468,i_10316,i_02786,i_11373,i_01479,i_08132,i_10409,i_01111,i_03319,i_05354,i_02317
u_00469,i_04480,i_10316,i_17108,i_03590,i_27051,i_04478,i_00389,i_01746,i_04181,i_09247
u_00470,i_01111,i_03829,i_14604,i_14808,i_05976,i_02229,i_01468,i_04580,i_05267,i_05394
u_00471,i_00575,i_31921,i_13651,i_08713,i_17626,i_27675,i_31952,i_00054,i_02213,i_00506
u_00472,i_00306,i_00311,i_01486,i_17626,i_02683,i_02105,i_31921,i_18031,i_08518,i_28547
u_00473,i_01430,i_04578,i_02786,i_08132,i_01468,i_02415,i_21094,i_01486,i_00062,i_17626
u_00474,i_10972,i_15077,i_10761,i_04580,i_11800,i_13950,i_00755,i_13290,i_04033,i_04978
u_00475,i_10316,i_00724,i_24980,i_31921,i_14604,i_00428,i_21094,i_00395,i_31741,i_08895
u_00476,i_02407,i_15005,i_09436,i_13423,i_05786,i_01135,i_10133,i_03865,i_07370,i_02634
u_00477,i_01534,i_22342,i_04191,i_01485,i_02313,i_11910,i_00122,i_11373,i_10202,i_02954
u_00478,i_10509,i_04345,i_05850,i_02317,i_03773,i_17819,i_31921,i_04191,i_28547,i_06534
u_00479,i_05901,i_10316,i_02297,i_22342,i_16660,i_01827,i_07370,i_02725,i_02720,i_02954
u_00480,i_01732,i_14604,i_10316,i_02507,i_01523,i_02786,i_04181,i_01485,i_27051,i_02415
u_00481,i_04171,i_01827,i_11373,i_11618,i_15902,i_02954,i_06397,i_17626,i_06907,i_21249
u_00482,i_01111,i_01937,i_10316,i_21094,i_00122,i_31921,i_00377,i_01480,i_01523,i_02317
u_00483,i_00928,i_04578,i_01808,i_05001,i_05694,i_00062,i_03829,i_01937,i_01430,i_00468
u_00484,i_14604,i_09932,i_03866,i_00122,i_13290,i_13489,i_05394,i_02541,i_05267,i_07567
u_00485,i_08330,i_08713,i_01480,i_17626,i_02786,i_05188,i_01486,i_00054,i_21094,i_25690
u_00486,i_02282,i_14770,i_08293,i_01486,i_05103,i_00037,i_25690,i_04418,i_02317,i_02827
u_00487,i_21094,i_10316,i_25690,i_14604,i_31946,i_21033,i_28278,i_00470,i_05778,i_00506
u_00488,i_04692,i_02313,i_10316,i_13690,i_02111,i_10120,i_02244,i_03773,i_01111,i_05472
u_00489,i_01523,i_02596,i_14604,i_00037,i_05472,i_17626,i_24980,i_14115,i_05797,i_13690
u_00490,i_02634,i_03183,i_11409,i_02279,i_01135,i_03665,i_07674,i_02507,i_02154,i_04171
u_00491,i_14604,i_10316,i_17626,i_11373,i_13084,i_16000,i_14120,i_01807,i_03397,i_09345
u_00492,i_14604,i_02382,i_21094,i_24980,i_10316,i_32108,i_08895,i_11373,i_00716,i_01937
u_00493,i_01545,i_02954,i_11386,i_01827,i_03262,i_08596,i_05354,i_06952,i_02106,i_24980
u_00494,i_04181,i_10316,i_04480,i_17626,i_05653,i_02318,i_07370,i_01224,i_00930,i_01468
u_00495,i_02090,i_06017,i_14221,i_05354,i_02279,i_00122,i_10316,i_04191,i_08859,i_15005
u_00496,i_10316,i_14604,i_01937,i_03829,i_24980,i_15489,i_01111,i_03678,i_27051,i_04181
u_00497,i_10316,i_24980,i_01937,i_01480,i_01523,i_05267,i_21094,i_04377,i_03829,i_01468
u_00498,i_02784,i_27051,i_01937,i_27030,i_02507,i_02154,i_08193,i_01485,i_02279,i_02359
u_00499,i_23313,i_13761,i_07050,i_03302,i_05472,i_02563,i_01849,i_09345,i_04191,i_13103
u_00500,i_01923,i_02786,i_10316,i_05797,i_05439,i_02111,i_01485,i_03678,i_05267,i_01523
u_00501,i_02786,i_01468,i_04478,i_21094,i_14604,i_01937,i_10316,i_00492,i_24302,i_04181
u_00502,i_14604,i_10316,i_24980,i_02786,i_00468,i_01523,i_21094,i_01468,i_18031,i_13651
u_00503,i_06228,i_07370,i_10120,i_02319,i_22342,i_00433,i_03568,i_01202,i_08132,i_05103
u_00504,i_22342,i_00506,i_02786,i_17626,i_00091,i_01468,i_00154,i_21094,i_31921,i_00162
u_00505,i_05212,i_08193,i_02786,i_31952,i_14604,i_00395,i_00389,i_02276,i_01937,i_01523
u_00506,i_14984,i_02136,i_02209,i_04527,i_17108,i_08193,i_01479,i_14604,i_01111,i_05103
u_00507,i_17626,i_24980,i_09591,i_00395,i_05677,i_02079,i_17924,i_01541,i_01645,i_00122
u_00508,i_31952,i_31921,i_01480,i_00023,i_17924,i_27675,i_31946,i_00724,i_02786,i_01044
u_00509,i_01486,i_01111,i_14604,i_04504,i_10316,i_26940,i_05493,i_02786,i_24980,i_01849
u_00510,i_04413,i_13124,i_01645,i_01522,i_06863,i_00926,i_02079,i_01403,i_03866,i_02276
u_00511,i_06228,i_17831,i_02280,i_02273,i_15005,i_10316,i_02136,i_01849,i_00776,i_04191
u_00512,i_14604,i_00122,i_15902,i_10781,i_17660,i_12320,i_15005,i_01111,i_09345,i_09595
u_00513,i_00122,i_10316,i_02563,i_01135,i_02725,i_11373,i_00389,i_11107,i_00057,i_05354
u_00514,i_01523,i_01468,i_01111,i_02786,i_05493,i_03829,i_17831,i_07370,i_04692,i_11373
u_00515,i_03262,i_06951,i_02136,i_05337,i_13841,i_21094,i_31921,i_00433,i_02213,i_10316
u_00516,i_14604,i_14808,i_05786,i_00539,i_04347,i_12061,i_06533,i_10316,i_01868,i_00122
u_00517,i_06228,i_08596,i_06017,i_05354,i_02090,i_00725,i_13845,i_10614,i_02520,i_32048
u_00518,i_01480,i_14604,i_02786,i_31952,i_21094,i_02683,i_10518,i_05472,i_17924,i_01486
u_00519,i_14604,i_14808,i_12061,i_05439,i_01937,i_10316,i_05472,i_01111,i_04578,i_14115
u_00520,i_27051,i_00389,i_31950,i_09345,i_01135,i_00395,i_03590,i_14604,i_05664,i_01480
u_00521,i_01937,i_05899,i_00500,i_03418,i_02090,i_04585,i_22852,i_04283,i_06228,i_02954
u_00522,i_10316,i_14604,i_24980,i_21094,i_01937,i_17626,i_01111,i_11373,i_02786,i_17108
u_00523,i_06228,i_01545,i_05354,i_09345,i_02209,i_00724,i_02954,i_01111,i_00540,i_21094
u_00524,i_14604,i_05267,i_01480,i_01937,i_00122,i_05394,i_24980,i_10930,i_08191,i_11373
u_00525,i_00226,i_31952,i_00389,i_00075,i_21094,i_02280,i_00395,i_02786,i_10316,i_01480
u_00526,i_05212,i_24604,i_02154,i_03319,i_00145,i_03397,i_08859,i_07370,i_01451,i_02136
u_00527,i_02228,i_29164,i_01827,i_17660,i_14074,i_05354,i_22907,i_02080,i_02631,i_01135
u_00528,i_17626,i_03940,i_14604,i_17546,i_03773,i_16000,i_09345,i_10316,i_00122,i_01849
u_00529,i_01111,i_02136,i_17626,i_02786,i_01485,i_01523,i_01764,i_14604,i_02380,i_04480
u_00530,i_10316,i_14604,i_02240,i_17626,i_03829,i_07370,i_01480,i_01468,i_08132,i_03773
u_00531,i_03590,i_00389,i_07580,i_02380,i_00793,i_09127,i_04692,i_08669,i_09442,i_06099
u_00532,i_11576,i_03397,i_11386,i_11107,i_02297,i_00075,i_15389,i_10316,i_04984,i_01097
u_00533,i_01485,i_01135,i_00716,i_31921,i_02334,i_14604,i_10316,i_00389,i_08881,i_05267
u_00534,i_01480,i_02786,i_10316,i_15181,i_31952,i_14604,i_21094,i_01468,i_01937,i_00062
u_00535,i_24980,i_00023,i_17626,i_24049,i_31952,i_21094,i_00395,i_17108,i_09009,i_00470
u_00536,i_08193,i_01480,i_14604,i_05212,i_00716,i_00428,i_32048,i_00389,i_11373,i_06071
u_00537,i_01480,i_24980,i_11373,i_01523,i_03773,i_10316,i_14604,i_17626,i_14115,i_00395
u_00538,i_10316,i_01993,i_02359,i_04527,i_04398,i_02683,i_04181,i_02380,i_01479,i_10057
u_00539,i_08193,i_24980,i_02440,i_04585,i_02276,i_02359,i_01480,i_03507,i_02954,i_16877
u_00540,i_04181,i_04480,i_02382,i_00122,i_01904,i_00793,i_00622,i_00389,i_01111,i_02111
u_00541,i_09345,i_01479,i_04419,i_05472,i_01476,i_02031,i_27051,i_01468,i_02229,i_14506
u_00542,i_02228,i_00122,i_10081,i_01217,i_09345,i_01111,i_01135,i_08539,i_02631,i_03319
u_00543,i_03302,i_02725,i_00057,i_03397,i_02276,i_03866,i_24980,i_02487,i_00395,i_08895
u_00544,i_02755,i_04191,i_00122,i_01849,i_00725,i_14604,i_05354,i_11386,i_01545,i_03085
u_00545,i_00922,i_03302,i_12901,i_29164,i_00023,i_03866,i_00870,i_11543,i_02136,i_02228
u_00546,i_00122,i_00761,i_32108,i_00716,i_01827,i_03319,i_02313,i_02276,i_02154,i_00395
u_00547,i_01129,i_12430,i_00402,i_01158,i_06883,i_13761,i_11959,i_09592,i_17660,i_10972
u_00548,i_06228,i_04461,i_04584,i_01827,i_04644,i_02720,i_05152,i_05154,i_01937,i_03085
u_00549,i_01480,i_02786,i_24980,i_01129,i_17924,i_00468,i_17626,i_02334,i_13651,i_11373
u_00550,i_10316,i_03829,i_07520,i_01523,i_02415,i_01468,i_14604,i_03773,i_02100,i_10120
u_00551,i_02282,i_01468,i_21094,i_01480,i_31952,i_02786,i_00054,i_00062,i_01912,i_00554
u_00552,i_01937,i_01468,i_01523,i_07520,i_02079,i_02317,i_02136,i_03678,i_11483,i_00468
u_00553,i_01545,i_02313,i_09623,i_15005,i_11373,i_03397,i_01476,i_01135,i_04221,i_07567
u_00554,i_04171,i_27051,i_08193,i_11373,i_01993,i_05212,i_10316,i_07288,i_02276,i_04585
u_00555,i_24980,i_05354,i_14984,i_04093,i_01827,i_00122,i_11107,i_09635,i_04171,i_00136
u_00556,i_00428,i_02663,i_01827,i_03525,i_08895,i_01094,i_08592,i_00057,i_01849,i_02120
u_00557,i_24980,i_00204,i_09275,i_04549,i_07576,i_17924,i_31983,i_10518,i_01868,i_00795
u_00558,i_01111,i_24980,i_17626,i_00122,i_08895,i_12430,i_02382,i_02631,i_02755,i_01135
u_00559,i_01937,i_02417,i_01485,i_02415,i_17108,i_01732,i_14604,i_04523,i_08713,i_02541
u_00560,i_10316,i_21094,i_02786,i_06228,i_14604,i_00213,i_17626,i_00922,i_00506,i_02393
u_00561,i_02786,i_00037,i_13651,i_00468,i_00948,i_17626,i_12072,i_11569,i_03829,i_02317
u_00562,i_24980,i_10316,i_17626,i_00395,i_03829,i_02317,i_02334,i_27051,i_11800,i_01545
u_00563,i_00122,i_03319,i_03397,i_12430,i_10808,i_02563,i_10316,i_08895,i_04480,i_02631
u_00564,i_24980,i_12901,i_00122,i_10316,i_32108,i_00023,i_08895,i_01480,i_17626,i_02382
u_00565,i_10316,i_01111,i_01937,i_21094,i_12430,i_04254,i_01468,i_11910,i_02334,i_02079
u_00566,i_05653,i_00037,i_01111,i_10316,i_00755,i_01523,i_24980,i_00428,i_04679,i_03829
u_00567,i_10316,i_24980,i_00057,i_29117,i_17626,i_00389,i_03302,i_22342,i_00037,i_01135
u_00568,i_02297,i_11386,i_12282,i_22342,i_01451,i_04254,i_17108,i_24980,i_15537,i_14173
u_00569,i_01746,i_10316,i_02235,i_00389,i_00586,i_08895,i_01993,i_01486,i_10057,i_04585
u_00570,i_24980,i_05767,i_08895,i_13291,i_00433,i_05664,i_06228,i_10316,i_21094,i_01827
u_00571,i_04377,i_14604,i_18139,i_05786,i_17626,i_07370,i_01523,i_10316,i_00506,i_02786
u_00572,i_12373,i_01496,i_03567,i_01135,i_08881,i_01476,i_10213,i_01485,i_00122,i_00057
u_00573,i_21094,i_10316,i_14604,i_24980,i_11047,i_17901,i_06228,i_01485,i_02954,i_01937
u_00574,i_03781,i_05418,i_00057,i_13023,i_02382,i_14120,i_09595,i_02634,i_01993,i_16877
u_00575,i_01468,i_10316,i_24980,i_14604,i_04692,i_01485,i_02786,i_01937,i_00062,i_09052
u_00576,i_00122,i_01111,i_14604,i_12430,i_21094,i_00057,i_32129,i_00428,i_17626,i_05394
u_00577,i_01135,i_00724,i_14844,i_01993,i_04480,i_00389,i_00492,i_11373,i_17108,i_07567
u_00578,i_01476,i_02276,i_01097,i_00057,i_10995,i_04984,i_00122,i_03567,i_01215,i_24980
u_00579,i_01480,i_31952,i_00311,i_00310,i_28547,i_31946,i_17626,i_10518,i_27675,i_21094
u_00580,i_10316,i_03590,i_01485,i_02274,i_01135,i_01111,i_03829,i_01451,i_04527,i_01810
u_00581,i_00395,i_05212,i_32108,i_02276,i_08193,i_02279,i_00057,i_00389,i_02382,i_02563
u_00582,i_05103,i_21094,i_02786,i_00122,i_03773,i_04418,i_00506,i_00362,i_01827,i_00922
u_00583,i_06228,i_01468,i_17626,i_31952,i_24980,i_21094,i_18139,i_00922,i_00724,i_10316
u_00584,i_14604,i_01480,i_02786,i_28547,i_02079,i_24980,i_10316,i_02676,i_07520,i_31946
u_00585,i_14604,i_03590,i_13690,i_10316,i_00122,i_01937,i_27051,i_03773,i_05267,i_00492
u_00586,i_09817,i_03590,i_14604,i_02154,i_02440,i_10316,i_04181,i_05394,i_01485,i_02380
u_00587,i_08895,i_00122,i_10316,i_02563,i_08881,i_14604,i_02209,i_02786,i_02696,i_17626
u_00588,i_14115,i_01937,i_14604,i_05976,i_08355,i_01998,i_11047,i_00062,i_14651,i_05394
u_00589,i_17626,i_10518,i_00122,i_03302,i_31741,i_08518,i_21094,i_12430,i_24980,i_28982
u_00590,i_14604,i_10316,i_01486,i_21094,i_17626,i_08091,i_02380,i_01468,i_27051,i_31921
u_00591,i_14604,i_01111,i_27051,i_06951,i_01468,i_02111,i_02786,i_00023,i_00122,i_00540
u_00592,i_01468,i_14604,i_02786,i_17626,i_10316,i_14984,i_02393,i_07370,i_21094,i_01523
u_00593,i_08881,i_06228,i_14604,i_02786,i_21094,i_10316,i_17924,i_00506,i_10518,i_24980
u_00594,i_01468,i_01111,i_10316,i_04191,i_14604,i_24980,i_31993,i_21094,i_02786,i_01523
u_00595,i_08132,i_17626,i_31921,i_02317,i_24980,i_03773,i_01937,i_01480,i_00586,i_12141
u_00596,i_10316,i_11576,i_14604,i_01486,i_03829,i_01468,i_02380,i_00506,i_09934,i_10781
u_00597,i_24980,i_01480,i_17923,i_10518,i_17924,i_01741,i_31952,i_00122,i_31741,i_00204
u_00598,i_09383,i_24980,i_00122,i_01111,i_11355,i_10353,i_11373,i_02382,i_10316,i_02316
u_00599,i_17626,i_01810,i_14604,i_01468,i_05394,i_00122,i_10930,i_01798,i_00791,i_01480
u_00600,i_10316,i_11373,i_01111,i_04480,i_04585,i_00122,i_03590,i_02276,i_02154,i_02317
u_00601,i_02786,i_01523,i_17626,i_01937,i_00062,i_10316,i_14604,i_14115,i_08132,i_01111
u_00602,i_10316,i_24980,i_11373,i_07370,i_05472,i_01480,i_01849,i_00433,i_09934,i_02954
u_00603,i_01937,i_01923,i_10316,i_17626,i_02827,i_05267,i_01523,i_03334,i_03368,i_24980
u_00604,i_04398,i_02274,i_01135,i_02786,i_02111,i_27051,i_14604,i_10316,i_13690,i_03590
u_00605,i_08740,i_12901,i_08739,i_18073,i_15454,i_26940,i_13761,i_13850,i_01111,i_14173
u_00606,i_01111,i_11047,i_05267,i_03590,i_18801,i_04692,i_01485,i_11569,i_02634,i_26291
u_00607,i_08713,i_00062,i_10316,i_07520,i_02676,i_22313,i_14604,i_26936,i_01937,i_02233
u_00608,i_04181,i_04480,i_31950,i_00389,i_03590,i_04478,i_01135,i_01904,i_02882,i_02111
u_00609,i_11373,i_01135,i_02954,i_02313,i_01545,i_00716,i_02080,i_05431,i_03302,i_16877
u_00610,i_04692,i_13690,i_02417,i_15630,i_01923,i_05472,i_02786,i_02111,i_01468,i_00389
u_00611,i_01480,i_17923,i_04102,i_00586,i_17626,i_31952,i_00311,i_17924,i_02683,i_08895
u_00612,i_23026,i_06228,i_10761,i_15669,i_05573,i_15843,i_05879,i_06863,i_03829,i_00122
u_00613,i_21094,i_02136,i_31921,i_00433,i_14604,i_01486,i_06533,i_02213,i_10316,i_02106
u_00614,i_24980,i_03866,i_03590,i_09976,i_00122,i_00793,i_04480,i_02154,i_21094,i_10316
u_00615,i_00468,i_01468,i_07520,i_00724,i_25690,i_01810,i_11342,i_06441,i_04277,i_06450
u_00616,i_16877,i_10995,i_02228,i_01545,i_12785,i_12282,i_02382,i_11386,i_03397,i_01075
u_00617,i_14604,i_08132,i_02235,i_01111,i_24980,i_03590,i_06228,i_02382,i_31950,i_01741
u_00618,i_00226,i_01486,i_00852,i_07061,i_01480,i_00213,i_02105,i_04504,i_17626,i_02393
u_00619,i_02954,i_02080,i_02683,i_16177,i_06951,i_03085,i_02273,i_12373,i_02388,i_01120
u_00620,i_00362,i_01468,i_24980,i_31952,i_00011,i_31902,i_02786,i_21094,i_09009,i_01486
u_00621,i_24980,i_11373,i_17626,i_05677,i_10316,i_21094,i_14604,i_10509,i_05573,i_09591
u_00622,i_01108,i_24980,i_17626,i_28547,i_21033,i_00075,i_04191,i_02297,i_00122,i_00023
u_00623,i_24980,i_14604,i_10316,i_01523,i_02866,i_31921,i_31950,i_04181,i_21094,i_02786
u_00624,i_10316,i_04480,i_04181,i_06582,i_31950,i_27051,i_05653,i_16700,i_02031,i_16499
u_00625,i_10316,i_01746,i_01741,i_05267,i_24980,i_05493,i_01468,i_02786,i_02111,i_01764
u_00626,i_01135,i_27051,i_02154,i_04480,i_02680,i_01993,i_03590,i_02359,i_02333,i_02634
u_00627,i_17626,i_14604,i_31903,i_10518,i_00054,i_02334,i_02282,i_04102,i_00365,i_25690
u_00628,i_10316,i_24980,i_08091,i_01111,i_01486,i_07587,i_05103,i_31741,i_18209,i_01468
u_00629,i_00073,i_03590,i_01937,i_01485,i_02417,i_04523,i_10316,i_09842,i_12772,i_00389
u_00630,i_07323,i_21094,i_01645,i_13547,i_00782,i_03354,i_13841,i_10316,i_10258,i_02368
u_00631,i_10316,i_10057,i_11373,i_02359,i_29164,i_04221,i_02235,i_04585,i_12785,i_05431
u_00632,i_03803,i_04585,i_11373,i_15993,i_02154,i_00725,i_13850,i_03302,i_09591,i_00776
u_00633,i_02764,i_00765,i_00767,i_01167,i_00395,i_05956,i_01135,i_07567,i_32129,i_14604
u_00634,i_01807,i_04480,i_03590,i_02541,i_15630,i_02333,i_08815,i_00122,i_09442,i_03319
u_00635,i_01810,i_17924,i_04578,i_03829,i_06441,i_01430,i_01937,i_32129,i_08862,i_00724
u_00636,i_10316,i_08091,i_01849,i_07370,i_02786,i_00433,i_08132,i_02954,i_06228,i_04418
u_00637,i_15181,i_05188,i_01937,i_14604,i_01480,i_01486,i_28278,i_23941,i_02282,i_17626
u_00638,i_14604,i_01468,i_02786,i_00717,i_01810,i_01937,i_24980,i_21033,i_17108,i_10316
u_00639,i_01523,i_01937,i_02786,i_04578,i_14115,i_10316,i_08801,i_02415,i_02079,i_02136
u_00640,i_14504,i_08754,i_10673,i_02209,i_03616,i_14808,i_00145,i_05267,i_09141,i_02407
u_00641,i_09380,i_11386,i_10316,i_03803,i_01545,i_02279,i_04585,i_01135,i_02136,i_02440
u_00642,i_13690,i_11548,i_11409,i_03773,i_02520,i_00062,i_04692,i_22313,i_12226,i_03590
u_00643,i_08193,i_04171,i_17253,i_04585,i_14713,i_03397,i_10781,i_14221,i_05212,i_03678
u_00644,i_05103,i_04480,i_04181,i_10316,i_03829,i_02317,i_07370,i_04504,i_14984,i_14604
u_00645,i_02507,i_01485,i_02111,i_02382,i_00122,i_03404,i_05267,i_02417,i_02631,i_24980
u_00646,i_12430,i_14604,i_10316,i_01480,i_00922,i_31741,i_18031,i_00091,i_21094,i_00311
u_00647,i_08895,i_06228,i_00122,i_08091,i_01468,i_03678,i_09070,i_01746,i_02209,i_21094
u_00648,i_24980,i_02786,i_00122,i_10316,i_14604,i_01111,i_17626,i_11373,i_01523,i_09052
u_00649,i_27051,i_00612,i_02154,i_01993,i_04585,i_04480,i_00389,i_01904,i_17108,i_14604
u_00650,i_01937,i_10316,i_02415,i_02786,i_00062,i_05493,i_14604,i_05797,i_01468,i_14115
u_00651,i_10316,i_03773,i_00433,i_01942,i_00554,i_05700,i_01202,i_18031,i_02213,i_01645
u_00652,i_14604,i_03590,i_27030,i_04036,i_04480,i_11548,i_17626,i_00793,i_27051,i_00389
u_00653,i_00428,i_02406,i_08193,i_17626,i_05786,i_05212,i_02276,i_12157,i_28547,i_12901
u_00654,i_07520,i_02334,i_02786,i_08713,i_01523,i_01480,i_10316,i_14604,i_05188,i_01937
u_00655,i_10316,i_03590,i_01904,i_21161,i_11548,i_04480,i_04585,i_08669,i_02786,i_08355
u_00656,i_12430,i_16877,i_01907,i_29117,i_00716,i_00504,i_01476,i_12373,i_06228,i_01135
u_00657,i_09591,i_11373,i_06228,i_02954,i_00122,i_24980,i_05354,i_04191,i_01097,i_03319
u_00658,i_10316,i_14604,i_07370,i_06228,i_04418,i_21094,i_02393,i_08193,i_00922,i_24980
u_00659,i_00037,i_01523,i_02317,i_01135,i_02380,i_01430,i_00395,i_01937,i_17389,i_08193
u_00660,i_03590,i_23257,i_12625,i_09442,i_02229,i_01993,i_18154,i_13690,i_10100,i_02541
u_00661,i_08193,i_14604,i_14984,i_10316,i_04692,i_09934,i_00428,i_11047,i_09442,i_08497
u_00662,i_11373,i_21849,i_01904,i_14604,i_00492,i_14412,i_02541,i_04692,i_09345,i_22313
u_00663,i_03467,i_13761,i_00540,i_10081,i_02563,i_07050,i_04692,i_13103,i_00122,i_02631
u_00664,i_21094,i_00922,i_07583,i_00060,i_17626,i_08881,i_24980,i_31741,i_10316,i_31952
u_00665,i_24980,i_10316,i_00122,i_11373,i_01496,i_01476,i_12430,i_00716,i_02276,i_01539
u_00666,i_02279,i_02154,i_01993,i_01135,i_04181,i_11543,i_10316,i_01545,i_08193,i_01479
u_00667,i_02725,i_00122,i_00389,i_03495,i_32108,i_02154,i_03319,i_02279,i_00716,i_01135
u_00668,i_14604,i_01810,i_05267,i_01111,i_02786,i_01430,i_10316,i_01523,i_01937,i_01808
u_00669,i_07263,i_17626,i_05901,i_06533,i_10316,i_09591,i_17108,i_03457,i_03319,i_27030
u_00670,i_04181,i_05212,i_00793,i_08193,i_04480,i_02359,i_01993,i_00492,i_02279,i_00622
u_00671,i_07524,i_04413,i_13670,i_13124,i_03468,i_09591,i_01193,i_05267,i_01522,i_02380
u_00672,i_05267,i_10316,i_21094,i_01937,i_32112,i_03829,i_11342,i_01468,i_02317,i_01430
u_00673,i_12101,i_05394,i_04181,i_04692,i_01937,i_17108,i_03678,i_03590,i_05439,i_27051
u_00674,i_10316,i_01486,i_01111,i_11758,i_02334,i_02786,i_02827,i_00586,i_02136,i_05493
u_00675,i_24980,i_00395,i_02229,i_05320,i_00057,i_06228,i_01849,i_02111,i_02380,i_02120
u_00676,i_00122,i_10120,i_28982,i_14604,i_03773,i_02111,i_02407,i_11373,i_01480,i_02382
u_00677,i_17626,i_07255,i_07520,i_02676,i_01485,i_00062,i_00077,i_00306,i_00575,i_07567
u_00678,i_17626,i_00428,i_24980,i_08895,i_08881,i_00057,i_31741,i_08518,i_31952,i_00304
u_00679,i_10316,i_07370,i_14221,i_03590,i_08193,i_02154,i_04585,i_00062,i_01111,i_01486
u_00680,i_10316,i_05757,i_10339,i_18095,i_02415,i_03590,i_04480,i_04181,i_02406,i_02240
u_00681,i_01937,i_11800,i_04033,i_05710,i_07370,i_03829,i_04504,i_01202,i_02105,i_00724
u_00682,i_10425,i_15902,i_01937,i_10316,i_04043,i_03397,i_07370,i_01827,i_14173,i_05267
u_00683,i_05664,i_02831,i_12562,i_16487,i_02209,i_11373,i_01111,i_17626,i_01135,i_02520
u_00684,i_27051,i_16499,i_07596,i_04692,i_01937,i_17108,i_00389,i_01224,i_02784,i_01111
u_00685,i_01937,i_11537,i_10316,i_14604,i_17626,i_01523,i_00122,i_03590,i_04181,i_02209
u_00686,i_14604,i_05677,i_17626,i_01468,i_08713,i_02318,i_21094,i_10316,i_00389,i_07370
u_00687,i_03866,i_17626,i_01135,i_03616,i_02786,i_06383,i_00145,i_03397,i_03404,i_04679
u_00688,i_21094,i_10316,i_17626,i_01480,i_24302,i_14604,i_00575,i_00506,i_27675,i_31741
u_00689,i_01523,i_01937,i_01111,i_02415,i_00037,i_10930,i_27051,i_08052,i_00073,i_03319
u_00690,i_01937,i_05349,i_14115,i_03829,i_01798,i_02596,i_04578,i_05394,i_08396,i_14808
u_00691,i_01523,i_01937,i_16499,i_02415,i_05267,i_14604,i_11483,i_00062,i_08052,i_01798
u_00692,i_09345,i_03344,i_09932,i_07016,i_10910,i_01807,i_24980,i_04478,i_00395,i_05664
u_00693,i_06228,i_01545,i_01827,i_02080,i_00057,i_24980,i_02276,i_02228,i_10781,i_06017
u_00694,i_00057,i_00395,i_01479,i_00122,i_01135,i_04585,i_12542,i_14221,i_08081,i_17626
u_00695,i_00612,i_00395,i_17626,i_14604,i_21033,i_24980,i_01044,i_21094,i_17924,i_32108
u_00696,i_02786,i_01523,i_01111,i_10316,i_01480,i_01486,i_02417,i_13690,i_02280,i_01468
u_00697,i_10316,i_03568,i_02683,i_00922,i_31741,i_00554,i_00930,i_31946,i_00506,i_07370
u_00698,i_01480,i_24980,i_21094,i_00304,i_17626,i_00922,i_00226,i_18312,i_00122,i_00075
u_00699,i_04296,i_04295,i_05833,i_10316,i_04299,i_04089,i_04300,i_04298,i_09303,i_01827
u_00700,i_02786,i_01523,i_10316,i_05493,i_01468,i_14115,i_08713,i_10120,i_01111,i_09052
u_00701,i_02786,i_07520,i_10316,i_01523,i_14604,i_01937,i_05493,i_06228,i_08713,i_17108
u_00702,i_03302,i_00023,i_31921,i_21094,i_14604,i_08091,i_02316,i_05267,i_01097,i_00122
u_00703,i_17626,i_11373,i_21094,i_14604,i_02382,i_00075,i_00506,i_31921,i_02786,i_22342
u_00704,i_11373,i_14808,i_02563,i_02228,i_24980,i_10316,i_01496,i_01523,i_01827,i_09592
u_00705,i_11771,i_11373,i_08881,i_02954,i_11569,i_10100,i_02596,i_14074,i_13084,i_02725
u_00706,i_19432,i_08193,i_06882,i_17831,i_13499,i_22313,i_10781,i_02359,i_08091,i_00506
u_00707,i_14604,i_13841,i_24980,i_17626,i_00122,i_01523,i_02786,i_06952,i_21094,i_06228
u_00708,i_01523,i_02786,i_24980,i_10316,i_14604,i_01937,i_17626,i_01111,i_00776,i_06952
u_00709,i_24980,i_14604,i_21094,i_31921,i_02380,i_01523,i_01468,i_01480,i_02299,i_10316
u_00710,i_00011,i_21094,i_17924,i_10316,i_14604,i_05188,i_13651,i_00054,i_00311,i_02786
u_00711,i_24980,i_01764,i_10518,i_06951,i_06228,i_31741,i_03262,i_02683,i_07370,i_00433
u_00712,i_00279,i_01076,i_02213,i_03829,i_04413,i_05267,i_31946,i_09436,i_02317,i_04191
u_00713,i_05493,i_05439,i_01810,i_05472,i_23026,i_07370,i_16295,i_10781,i_12072,i_13690
u_00714,i_08895,i_24980,i_00091,i_01468,i_01937,i_10316,i_21094,i_17108,i_00389,i_01135
u_00715,i_11918,i_09442,i_16295,i_03483,i_15630,i_09490,i_09897,i_12072,i_12212,i_01807
u_00716,i_02209,i_01468,i_14604,i_10316,i_27051,i_02279,i_02359,i_14221,i_21033,i_17108
u_00717,i_00776,i_06951,i_02317,i_13841,i_17626,i_02136,i_01523,i_01764,i_21094,i_24980
u_00718,i_02285,i_17660,i_11373,i_13761,i_09182,i_10120,i_14074,i_07567,i_10761,i_05394
u_00719,i_02786,i_02380,i_01523,i_01937,i_01202,i_04523,i_14604,i_02274,i_01479,i_04692
u_00720,i_05905,i_07567,i_05439,i_09345,i_00492,i_01485,i_09275,i_04181,i_05472,i_32129
u_00721,i_27051,i_04181,i_11409,i_01993,i_01904,i_00492,i_00793,i_03319,i_02634,i_00062
u_00722,i_11548,i_02507,i_14604,i_04181,i_01937,i_08895,i_10781,i_02276,i_10120,i_03302
u_00723,i_03483,i_05757,i_18095,i_04181,i_22313,i_27051,i_05528,i_09442,i_02415,i_05759
u_00724,i_01993,i_05267,i_04585,i_02136,i_01479,i_02954,i_12061,i_10316,i_05212,i_02209
u_00725,i_01937,i_03678,i_11548,i_02031,i_16499,i_03368,i_02415,i_09345,i_05653,i_01224
u_00726,i_28547,i_00793,i_27675,i_08193,i_04191,i_28982,i_00433,i_05837,i_02280,i_02318
u_00727,i_31952,i_01480,i_00395,i_01097,i_08518,i_01486,i_00462,i_22342,i_02382,i_10518
u_00728,i_01937,i_01468,i_17119,i_07520,i_00062,i_24302,i_01523,i_02415,i_02786,i_08713
u_00729,i_01937,i_28982,i_02334,i_05267,i_10518,i_11910,i_24980,i_17626,i_02786,i_05187
u_00730,i_16000,i_11537,i_08091,i_19432,i_20180,i_02786,i_10316,i_01849,i_01111,i_05267
u_00731,i_01479,i_10353,i_08091,i_08193,i_10316,i_04603,i_00122,i_09442,i_07587,i_08132
u_00732,i_02786,i_01523,i_01937,i_00928,i_08713,i_03829,i_00468,i_01468,i_00062,i_08052
u_00733,i_05212,i_03590,i_01479,i_04560,i_02359,i_08193,i_14221,i_02634,i_09442,i_03940
u_00734,i_14604,i_01468,i_02786,i_01523,i_01937,i_03829,i_03773,i_01810,i_32112,i_02209
u_00735,i_10316,i_05493,i_02683,i_01468,i_01764,i_05103,i_02244,i_00930,i_07520,i_01485
u_00736,i_00122,i_00395,i_02228,i_03616,i_01135,i_09345,i_02725,i_00037,i_02563,i_03397
u_00737,i_03302,i_02380,i_10995,i_01523,i_05472,i_04692,i_05431,i_02541,i_01206,i_06882
u_00738,i_04186,i_01135,i_10316,i_00122,i_01206,i_02297,i_03319,i_16920,i_02393,i_04191
u_00739,i_07263,i_17626,i_02786,i_01099,i_11373,i_09591,i_09948,i_10316,i_17660,i_05416
u_00740,i_02786,i_10316,i_02317,i_01798,i_14115,i_01937,i_08801,i_14808,i_00062,i_17626
u_00741,i_03940,i_06411,i_11558,i_18095,i_09327,i_01402,i_04480,i_17108,i_09442,i_03590
u_00742,i_02235,i_01937,i_01523,i_10316,i_01468,i_02786,i_02079,i_14604,i_01111,i_02596
u_00743,i_04181,i_17626,i_03590,i_04585,i_04692,i_04171,i_02154,i_04480,i_00793,i_01807
u_00744,i_31921,i_02136,i_01111,i_17626,i_14604,i_24980,i_02417,i_01468,i_02231,i_01937
u_00745,i_00622,i_01993,i_04181,i_31950,i_02359,i_27051,i_05212,i_08193,i_04171,i_00389
u_00746,i_01937,i_00389,i_01732,i_04181,i_22313,i_03650,i_02786,i_08713,i_09327,i_10316
u_00747,i_23690,i_04679,i_02229,i_02786,i_04254,i_05203,i_10808,i_03397,i_13489,i_00122
u_00748,i_02333,i_06882,i_01097,i_04527,i_10316,i_02136,i_09452,i_05797,i_02541,i_04480
u_00749,i_00023,i_01468,i_00036,i_01044,i_24980,i_17626,i_21094,i_00037,i_00122,i_31952
u_00750,i_10316,i_04418,i_01202,i_24980,i_15181,i_14604,i_01480,i_22342,i_00122,i_01534
u_00751,i_02136,i_02520,i_11543,i_21435,i_01135,i_20764,i_09275,i_02111,i_18954,i_17900
u_00752,i_03590,i_08193,i_02240,i_00023,i_17626,i_09442,i_01203,i_14221,i_05212,i_03319
u_00753,i_14604,i_02786,i_17626,i_01998,i_01937,i_14808,i_11910,i_02334,i_00037,i_02317
u_00754,i_02549,i_06099,i_00622,i_02154,i_08193,i_01989,i_09442,i_02634,i_03507,i_02520
u_00755,i_05797,i_17108,i_01523,i_05394,i_02827,i_18681,i_03678,i_02136,i_09345,i_00037
u_00756,i_04181,i_03829,i_27051,i_01485,i_12212,i_31950,i_04585,i_23257,i_01764,i_02111
u_00757,i_01468,i_31921,i_03151,i_05786,i_00037,i_00724,i_05167,i_03866,i_00389,i_26940
u_00758,i_13124,i_06228,i_01827,i_00122,i_07524,i_00062,i_02297,i_02276,i_01486,i_24980
u_00759,i_10316,i_06882,i_06228,i_27030,i_01523,i_03590,i_01111,i_03302,i_02440,i_03319
u_00760,i_01111,i_06882,i_17626,i_11047,i_03590,i_05472,i_14604,i_12072,i_02136,i_04585
u_00761,i_14604,i_02111,i_21094,i_00122,i_01937,i_01111,i_02382,i_01480,i_02317,i_04692
u_00762,i_10409,i_14173,i_11569,i_11618,i_13084,i_01202,i_15906,i_11373,i_04065,i_10781
u_00763,i_02279,i_00122,i_02359,i_01904,i_26940,i_01468,i_27051,i_00761,i_01993,i_17626
u_00764,i_24980,i_02382,i_17626,i_11373,i_06228,i_00122,i_01827,i_02321,i_03397,i_10316
u_00765,i_17119,i_00492,i_01468,i_27051,i_16499,i_02786,i_17626,i_02334,i_00389,i_16700
u_00766,i_10316,i_00389,i_01746,i_04480,i_04585,i_04181,i_02235,i_17108,i_01485,i_17626
u_00767,i_05213,i_01135,i_01485,i_09595,i_32018,i_31950,i_05927,i_07520,i_05330,i_04434
u_00768,i_01480,i_02786,i_14604,i_01111,i_10316,i_02334,i_11910,i_01468,i_01523,i_00791
u_00769,i_01468,i_17626,i_03773,i_10316,i_05416,i_02435,i_01937,i_01523,i_02213,i_00506
u_00770,i_04181,i_04480,i_05698,i_11409,i_11548,i_04478,i_13843,i_04585,i_05759,i_02415
u_00771,i_04181,i_01111,i_03590,i_04692,i_10353,i_14604,i_17626,i_05267,i_07370,i_02786
u_00772,i_10316,i_14604,i_01111,i_01468,i_17626,i_01937,i_01523,i_05267,i_02111,i_01135
u_00773,i_09345,i_10761,i_01937,i_17108,i_01798,i_05394,i_04580,i_00037,i_32129,i_00057
u_00774,i_10057,i_01468,i_02786,i_17108,i_02279,i_02154,i_14604,i_10316,i_02136,i_04585
u_00775,i_04468,i_00725,i_11924,i_05472,i_03866,i_17924,i_03397,i_05354,i_15025,i_07752
u_00776,i_03590,i_06582,i_17626,i_14604,i_04181,i_04480,i_27051,i_04585,i_02209,i_03319
u_00777,i_04480,i_27051,i_00389,i_04585,i_01940,i_00622,i_01485,i_02154,i_03590,i_11409
u_00778,i_08881,i_00057,i_01476,i_24980,i_16877,i_17670,i_00122,i_03567,i_01129,i_02228
u_00779,i_06228,i_10316,i_17626,i_24980,i_00057,i_02786,i_04191,i_02297,i_00122,i_11373
u_00780,i_05267,i_14604,i_13181,i_10316,i_04181,i_02231,i_01937,i_27051,i_02274,i_11373
u_00781,i_10316,i_03773,i_01849,i_02136,i_04527,i_02209,i_17626,i_05786,i_16633,i_01937
u_00782,i_04181,i_02786,i_01479,i_10316,i_04692,i_05472,i_03590,i_00062,i_02333,i_00073
u_00783,i_17119,i_10316,i_01111,i_01519,i_01135,i_01523,i_02111,i_00540,i_03404,i_00377
u_00784,i_23941,i_14604,i_01480,i_05188,i_24049,i_17924,i_24980,i_05267,i_32112,i_02786
u_00785,i_05267,i_14808,i_04580,i_08132,i_05394,i_14115,i_10930,i_05416,i_01468,i_01998
u_00786,i_00776,i_03262,i_02786,i_05439,i_17831,i_05416,i_03773,i_06952,i_10120,i_11373
u_00787,i_06228,i_13841,i_10316,i_00776,i_04171,i_17831,i_14604,i_06951,i_02136,i_17626
u_00788,i_21094,i_24019,i_00922,i_02297,i_04191,i_00725,i_00395,i_01202,i_02283,i_01486
u_00789,i_02382,i_02680,i_02137,i_01541,i_00765,i_32108,i_01443,i_02696,i_01213,i_01912
u_00790,i_09345,i_02954,i_01827,i_02415,i_00506,i_01849,i_10930,i_00724,i_02209,i_06450
u_00791,i_02228,i_10781,i_09591,i_01468,i_08895,i_06228,i_07587,i_02495,i_08881,i_04191
u_00792,i_00575,i_08518,i_00506,i_21094,i_09124,i_00440,i_00470,i_00077,i_00724,i_31946
u_00793,i_05212,i_00793,i_08193,i_04585,i_10057,i_02680,i_02634,i_02279,i_27051,i_05901
u_00794,i_03568,i_01645,i_01522,i_06228,i_00776,i_01480,i_00311,i_08518,i_00054,i_17626
u_00795,i_10781,i_01485,i_26185,i_32048,i_03397,i_15902,i_02720,i_02317,i_05652,i_02079
u_00796,i_01111,i_09592,i_24980,i_14074,i_11107,i_15005,i_10972,i_02954,i_02209,i_03866
u_00797,i_01937,i_17108,i_04181,i_04692,i_24980,i_06228,i_04434,i_03829,i_00433,i_02541
u_00798,i_14604,i_02827,i_02415,i_00037,i_04504,i_00922,i_01523,i_09052,i_25690,i_02786
u_00799,i_00075,i_01742,i_02105,i_22738,i_03866,i_00122,i_10316,i_01097,i_05786,i_03397
u_00800,i_05267,i_09345,i_14808,i_14604,i_10895,i_04578,i_05439,i_13084,i_01111,i_10316
u_00801,i_02634,i_02725,i_00716,i_04480,i_02111,i_01993,i_08193,i_27051,i_04692,i_02154
u_00802,i_01645,i_07524,i_05407,i_01403,i_03468,i_01993,i_01479,i_05267,i_09442,i_03319
u_00803,i_01937,i_00389,i_02786,i_04523,i_04181,i_04692,i_10316,i_02417,i_14221,i_31938
u_00804,i_14604,i_31952,i_01480,i_01486,i_17626,i_11910,i_18031,i_02105,i_02954,i_00162
u_00805,i_14604,i_10316,i_21033,i_00122,i_01937,i_08713,i_21094,i_03829,i_02786,i_00506
u_00806,i_17901,i_13547,i_13841,i_00776,i_17831,i_01827,i_19751,i_12566,i_09436,i_10781
u_00807,i_11373,i_06228,i_10316,i_04692,i_14248,i_00122,i_09635,i_13761,i_00395,i_14604
u_00808,i_14604,i_03678,i_24980,i_17626,i_01111,i_01468,i_05797,i_04277,i_01849,i_01485
u_00809,i_01827,i_02786,i_00506,i_00377,i_01111,i_01135,i_10316,i_05267,i_01539,i_02236
u_00810,i_21094,i_05786,i_02228,i_06533,i_01827,i_00724,i_03866,i_02136,i_03907,i_03865
u_00811,i_02507,i_14604,i_01439,i_01937,i_08895,i_01485,i_02417,i_03773,i_02786,i_17626
u_00812,i_07524,i_08091,i_04413,i_09070,i_07587,i_10353,i_02316,i_06863,i_02902,i_08560
u_00813,i_01827,i_16877,i_12385,i_00057,i_08881,i_06228,i_11910,i_00395,i_25828,i_01923
u_00814,i_10316,i_02209,i_09442,i_00389,i_03590,i_01479,i_07263,i_02786,i_05393,i_01111
u_00815,i_08193,i_05212,i_09442,i_03590,i_03678,i_11543,i_02276,i_02313,i_12576,i_31950
u_00816,i_00922,i_07370,i_02273,i_02318,i_00586,i_06228,i_03457,i_01827,i_12141,i_09591
u_00817,i_04692,i_02274,i_03590,i_15630,i_02417,i_12101,i_05091,i_04181,i_11047,i_02111
u_00818,i_17108,i_02380,i_01937,i_02334,i_17119,i_02786,i_01480,i_10316,i_11910,i_01468
u_00819,i_02282,i_00433,i_21094,i_00554,i_05272,i_18139,i_02786,i_01486,i_00724,i_00037
u_00820,i_09592,i_00878,i_00145,i_06383,i_13761,i_08908,i_03606,i_11959,i_01111,i_06397
u_00821,i_04504,i_17626,i_09934,i_03773,i_05710,i_01486,i_01849,i_05103,i_07370,i_02079
u_00822,i_11373,i_17626,i_07567,i_05354,i_14604,i_02276,i_14651,i_10930,i_06228,i_01937
u_00823,i_10316,i_17108,i_01468,i_03262,i_03773,i_11373,i_13122,i_03829,i_13841,i_09124
u_00824,i_12901,i_02235,i_02228,i_06228,i_01097,i_08091,i_08895,i_01849,i_08881,i_01942
u_00825,i_11373,i_13761,i_10316,i_14604,i_04623,i_12564,i_00122,i_02382,i_02631,i_22973
u_00826,i_11154,i_17108,i_02786,i_04181,i_14604,i_05267,i_00062,i_15489,i_04580,i_00395
u_00827,i_00075,i_31952,i_21033,i_17626,i_01468,i_01054,i_21094,i_31921,i_00037,i_09009
u_00828,i_10316,i_04504,i_01746,i_00122,i_21094,i_02213,i_10353,i_00440,i_02136,i_01923
u_00829,i_01480,i_16920,i_00724,i_02393,i_31946,i_01486,i_00554,i_00091,i_08518,i_00226
u_00830,i_05267,i_14115,i_01523,i_11569,i_11047,i_01111,i_02827,i_09182,i_14878,i_04523
u_00831,i_03773,i_10316,i_02317,i_07263,i_14604,i_08091,i_08052,i_18217,i_09591,i_09124
u_00832,i_00091,i_00310,i_02105,i_00311,i_00075,i_02136,i_21094,i_08518,i_18031,i_00922
u_00833,i_04692,i_13084,i_00057,i_02279,i_13690,i_07567,i_02725,i_11373,i_01135,i_00389
u_00834,i_01111,i_02111,i_00122,i_02786,i_01523,i_14604,i_04692,i_17626,i_10316,i_01937
u_00835,i_21094,i_10316,i_06228,i_24980,i_05296,i_17626,i_06766,i_01111,i_02136,i_02786
u_00836,i_06882,i_02274,i_03590,i_00073,i_07580,i_03404,i_03319,i_11373,i_01807,i_11047
u_00837,i_01523,i_02317,i_03773,i_02136,i_14115,i_05472,i_04191,i_03568,i_12141,i_05493
u_00838,i_20383,i_17140,i_14860,i_15456,i_17820,i_20521,i_18922,i_20256,i_16426,i_17283
u_00839,i_01937,i_02786,i_05394,i_02827,i_08754,i_01798,i_01480,i_24302,i_01468,i_11910
u_00840,i_10316,i_00122,i_01523,i_17626,i_01468,i_02786,i_03835,i_21094,i_00428,i_01135
u_00841,i_01923,i_01485,i_03678,i_10316,i_11910,i_00126,i_22342,i_00724,i_01993,i_02380
u_00842,i_21094,i_02393,i_01764,i_02683,i_24980,i_01165,i_07061,i_01480,i_14604,i_01741
u_00843,i_01111,i_01468,i_05267,i_14604,i_00122,i_01937,i_02111,i_24980,i_03590,i_04181
u_00844,i_14604,i_03866,i_24980,i_01937,i_02786,i_01480,i_04580,i_05394,i_21094,i_00122
u_00845,i_02415,i_01111,i_27051,i_13690,i_02786,i_04181,i_01937,i_02111,i_01523,i_02417
u_00846,i_01522,i_02282,i_21094,i_01403,i_04413,i_31952,i_02380,i_07524,i_24980,i_08713
u_00847,i_02282,i_01523,i_05272,i_01468,i_24980,i_10316,i_05573,i_02827,i_02380,i_02297
u_00848,i_01523,i_01937,i_22605,i_03773,i_01485,i_17108,i_00470,i_00122,i_01923,i_25690
u_00849,i_03866,i_05267,i_10316,i_14604,i_24980,i_01937,i_02786,i_28984,i_17626,i_02334
u_00850,i_14651,i_02786,i_11047,i_02843,i_09345,i_05267,i_14115,i_13690,i_10120,i_04692
u_00851,i_14604,i_11047,i_08132,i_13690,i_10316,i_11548,i_09345,i_14115,i_23257,i_01479
u_00852,i_05212,i_08193,i_16730,i_01993,i_04585,i_12353,i_08813,i_10941,i_11786,i_11675
u_00853,i_07524,i_11408,i_10316,i_08091,i_10353,i_05416,i_11373,i_07587,i_21094,i_02317
u_00854,i_14604,i_02334,i_01523,i_01486,i_24980,i_00062,i_00440,i_28982,i_00506,i_00470
u_00855,i_24980,i_08895,i_31952,i_00122,i_31921,i_00428,i_32108,i_01480,i_18312,i_17670
u_00856,i_05103,i_01937,i_14984,i_02317,i_02136,i_02415,i_04504,i_09124,i_05576,i_05439
u_00857,i_14604,i_02786,i_01480,i_10316,i_25690,i_17626,i_01523,i_24980,i_07520,i_00122
u_00858,i_02240,i_03590,i_01479,i_04692,i_04181,i_02209,i_09327,i_01808,i_00389,i_12061
u_00859,i_01937,i_05267,i_00377,i_11373,i_02786,i_05349,i_01111,i_09345,i_02711,i_14604
u_00860,i_10316,i_07370,i_02313,i_17626,i_01486,i_01523,i_00433,i_02995,i_18139,i_00389
u_00861,i_02280,i_01764,i_05700,i_03568,i_05103,i_01202,i_14604,i_00586,i_02136,i_01746
u_00862,i_10316,i_00226,i_00395,i_31983,i_00964,i_08518,i_03781,i_14604,i_01486,i_02786
u_00863,i_01523,i_11373,i_06228,i_24980,i_01468,i_01485,i_03678,i_17626,i_02235,i_05267
u_00864,i_10316,i_31921,i_00870,i_02380,i_04377,i_01111,i_02274,i_03468,i_02786,i_01849
u_00865,i_31952,i_17626,i_00468,i_01480,i_02786,i_02676,i_24980,i_21094,i_01468,i_00575
u_00866,i_11373,i_14115,i_08132,i_10081,i_14074,i_21816,i_03869,i_03866,i_16487,i_13253
u_00867,i_02786,i_14604,i_02244,i_02136,i_09124,i_02209,i_06533,i_10120,i_12141,i_03829
u_00868,i_10316,i_03590,i_24980,i_02786,i_04585,i_01523,i_02154,i_00122,i_01468,i_08193
u_00869,i_01044,i_02786,i_21094,i_00122,i_14604,i_11373,i_31952,i_01468,i_26940,i_12901
u_00870,i_01937,i_14808,i_04578,i_01430,i_05267,i_02229,i_17108,i_14604,i_05167,i_09182
u_00871,i_01937,i_02736,i_02786,i_02954,i_00492,i_02415,i_00395,i_01523,i_27051,i_00725
u_00872,i_11373,i_21094,i_11047,i_01111,i_14120,i_01480,i_31950,i_02541,i_03678,i_01486
u_00873,i_05267,i_03678,i_11047,i_04181,i_02507,i_04692,i_10120,i_13690,i_01923,i_02136
u_00874,i_14604,i_01993,i_10316,i_27051,i_04585,i_01468,i_04171,i_03678,i_06466,i_14221
u_00875,i_06792,i_32048,i_12430,i_09345,i_24980,i_17108,i_01485,i_01135,i_01439,i_01849
u_00876,i_03590,i_01937,i_02786,i_01807,i_01135,i_12072,i_17108,i_05472,i_01523,i_02111
u_00877,i_05763,i_10100,i_13850,i_11154,i_11369,i_08063,i_03355,i_03678,i_00122,i_02382
u_00878,i_11373,i_24980,i_00776,i_06228,i_21094,i_00506,i_01523,i_13841,i_17626,i_01476
u_00879,i_00054,i_04377,i_01993,i_10316,i_00585,i_01810,i_05103,i_02079,i_02283,i_21094
u_00880,i_22874,i_03781,i_02954,i_03678,i_05418,i_17371,i_17985,i_17283,i_17818,i_15902
u_00881,i_03829,i_09052,i_05416,i_01523,i_09934,i_03678,i_02786,i_10316,i_08132,i_09948
u_00882,i_14604,i_10316,i_04480,i_04585,i_27051,i_14221,i_02209,i_01111,i_05901,i_01479
u_00883,i_04181,i_14604,i_17626,i_32112,i_01111,i_12061,i_00122,i_01998,i_05394,i_02784
u_00884,i_01937,i_14604,i_00037,i_02827,i_01523,i_17626,i_01808,i_01810,i_00428,i_03773
u_00885,i_17626,i_04523,i_01523,i_09345,i_02786,i_01937,i_14604,i_00122,i_17119,i_00062
u_00886,i_05267,i_05394,i_02274,i_01523,i_00377,i_06450,i_11047,i_12212,i_01807,i_01479
u_00887,i_04585,i_02154,i_00922,i_07370,i_06736,i_05212,i_14604,i_15077,i_06228,i_01468
u_00888,i_24980,i_10316,i_00389,i_02279,i_02680,i_31741,i_04585,i_01135,i_02276,i_18139
u_00889,i_02741,i_12786,i_14412,i_10316,i_11373,i_24980,i_01523,i_10120,i_07174,i_04732
u_00890,i_10316,i_14604,i_24980,i_06882,i_21094,i_02274,i_01468,i_02136,i_02786,i_05267
u_00891,i_10057,i_10316,i_01111,i_00793,i_00928,i_00468,i_02786,i_27051,i_03590,i_01479
u_00892,i_14604,i_02786,i_08116,i_00122,i_21094,i_17119,i_01746,i_24980,i_10316,i_01486
u_00893,i_25690,i_01912,i_21094,i_01468,i_02280,i_10316,i_17626,i_01486,i_07524,i_02136
u_00894,i_17108,i_03404,i_02541,i_02274,i_01485,i_11047,i_10781,i_02111,i_17626,i_02317
u_00895,i_01468,i_03829,i_02282,i_02786,i_01480,i_01937,i_01111,i_01523,i_24980,i_21094
u_00896,i_02786,i_10316,i_17626,i_11055,i_00468,i_02136,i_00928,i_01523,i_14604,i_04504
u_00897,i_14604,i_05416,i_11373,i_03829,i_17626,i_10120,i_08132,i_01523,i_17108,i_04181
u_00898,i_14604,i_01937,i_05267,i_05394,i_00122,i_14808,i_06450,i_01810,i_05786,i_02228
u_00899,i_02731,i_02507,i_17108,i_01904,i_01523,i_00569,i_01111,i_01485,i_31950,i_31921
u_00900,i_13084,i_04181,i_02136,i_00930,i_00126,i_09345,i_02380,i_08713,i_02231,i_03678
u_00901,i_07752,i_10100,i_03344,i_16000,i_14015,i_03818,i_24980,i_08173,i_05852,i_13354
u_00902,i_02228,i_04646,i_11373,i_00122,i_05677,i_10761,i_08116,i_13103,i_13761,i_04221
u_00903,i_02786,i_01523,i_31921,i_21094,i_17924,i_00037,i_14604,i_01937,i_24980,i_01468
u_00904,i_01486,i_05710,i_02435,i_02213,i_00468,i_00948,i_10316,i_13651,i_14984,i_00433
u_00905,i_06228,i_00091,i_00075,i_17924,i_00922,i_02442,i_01480,i_31952,i_28278,i_00062
u_00906,i_01523,i_03829,i_01135,i_01486,i_00389,i_00122,i_08132,i_00724,i_02596,i_05472
u_00907,i_01199,i_06228,i_05899,i_01495,i_02388,i_06754,i_06951,i_28503,i_20717,i_04585
u_00908,i_02786,i_01937,i_03829,i_14651,i_08132,i_02827,i_09948,i_10930,i_05472,i_11561
u_00909,i_25690,i_02213,i_01645,i_02786,i_07524,i_05272,i_01486,i_03468,i_01202,i_00433
u_00910,i_01480,i_00062,i_02786,i_02676,i_01523,i_02683,i_17626,i_07499,i_07520,i_21094
u_00911,i_17626,i_01479,i_09934,i_02563,i_05267,i_04585,i_03319,i_05664,i_06952,i_23257
u_00912,i_07050,i_10781,i_02090,i_11543,i_04984,i_32048,i_01827,i_00725,i_11800,i_04033
u_00913,i_02235,i_01468,i_01111,i_01099,i_00122,i_02786,i_21094,i_10316,i_14604,i_24980
u_00914,i_24019,i_24696,i_01937,i_07524,i_21094,i_09591,i_06228,i_14604,i_02786,i_13670
u_00915,i_00062,i_01937,i_02596,i_03829,i_03773,i_09052,i_05439,i_05976,i_11047,i_07171
u_00916,i_01937,i_01468,i_02393,i_04504,i_25690,i_17626,i_02031,i_14604,i_02786,i_08518
u_00917,i_00761,i_13789,i_01993,i_02786,i_09247,i_02209,i_00122,i_08081,i_05431,i_09383
u_00918,i_13651,i_14604,i_21094,i_17626,i_00011,i_02786,i_11373,i_01135,i_02631,i_00928
u_00919,i_01111,i_05267,i_01523,i_17626,i_10316,i_01468,i_14604,i_00122,i_01937,i_10930
u_00920,i_06228,i_21094,i_14604,i_02382,i_10316,i_02631,i_09345,i_12430,i_06241,i_01111
u_00921,i_10316,i_03085,i_00304,i_05103,i_02683,i_28593,i_00077,i_01111,i_01523,i_01486
u_00922,i_18139,i_02380,i_06951,i_00930,i_00470,i_00122,i_01097,i_02313,i_04186,i_02154
u_00923,i_00395,i_08895,i_00057,i_17108,i_04585,i_02209,i_01468,i_03616,i_01479,i_05786
u_00924,i_24980,i_00057,i_03302,i_10781,i_02228,i_03397,i_03866,i_01476,i_03678,i_01937
u_00925,i_05431,i_04398,i_00422,i_13690,i_02136,i_01485,i_24980,i_04527,i_05472,i_04181
u_00926,i_01468,i_10316,i_01523,i_01937,i_17626,i_02079,i_02317,i_08132,i_14604,i_02415
u_00927,i_24980,i_17626,i_06241,i_01135,i_00389,i_05191,i_00122,i_01486,i_02276,i_10316
u_00928,i_06228,i_03418,i_03318,i_11107,i_01803,i_09879,i_01937,i_22176,i_02273,i_04442
u_00929,i_14221,i_10057,i_01479,i_02359,i_04585,i_04692,i_04480,i_00145,i_02786,i_09442
u_00930,i_14604,i_00865,i_01468,i_11373,i_17626,i_31950,i_10316,i_04419,i_24302,i_09345
u_00931,i_01937,i_08132,i_01468,i_13690,i_24980,i_01111,i_14115,i_12061,i_00062,i_11373
u_00932,i_10316,i_00922,i_08518,i_10761,i_02786,i_05573,i_14526,i_02136,i_24980,i_14984
u_00933,i_00928,i_01522,i_00075,i_03829,i_00506,i_02299,i_01403,i_13651,i_21094,i_00724
u_00934,i_02228,i_09345,i_13761,i_21849,i_10081,i_12598,i_03616,i_04570,i_00395,i_02382
u_00935,i_04527,i_02136,i_04254,i_00724,i_24980,i_03590,i_10316,i_03773,i_05267,i_01111
u_00936,i_01480,i_00310,i_02786,i_14604,i_00470,i_10316,i_17626,i_21094,i_00506,i_06228
u_00937,i_01468,i_01937,i_02786,i_01480,i_17626,i_00062,i_01809,i_10316,i_00122,i_14604
u_00938,i_00202,i_07520,i_01810,i_02827,i_21094,i_04578,i_00126,i_00062,i_31921,i_00724
u_00939,i_04480,i_02279,i_04585,i_00462,i_02359,i_06017,i_00395,i_27675,i_02154,i_10057
u_00940,i_01746,i_08091,i_05493,i_19432,i_02209,i_01849,i_02136,i_07587,i_02235,i_02359
u_00941,i_03773,i_02136,i_10316,i_01849,i_14604,i_21094,i_00155,i_05267,i_31921,i_01523
u_00942,i_01523,i_05439,i_11548,i_14115,i_05416,i_06114,i_01468,i_11483,i_14604,i_09327
u_00943,i_02380,i_31741,i_21094,i_00575,i_04033,i_00922,i_02136,i_06951,i_00428,i_01827
u_00944,i_14221,i_01993,i_11373,i_00761,i_14412,i_20316,i_09442,i_03319,i_08193,i_03590
u_00945,i_01480,i_29639,i_01158,i_08895,i_17626,i_00122,i_14604,i_16877,i_17924,i_02786
u_00946,i_10057,i_08895,i_02279,i_02154,i_00395,i_01479,i_02563,i_03319,i_04585,i_14604
u_00947,i_12567,i_10316,i_07370,i_02786,i_01849,i_17108,i_07524,i_07263,i_02683,i_01202
u_00948,i_10316,i_27051,i_11373,i_01746,i_03829,i_04181,i_01480,i_04480,i_01111,i_01485
u_00949,i_12901,i_11548,i_11373,i_01468,i_01111,i_02784,i_21033,i_00122,i_00793,i_06228
u_00950,i_01111,i_00122,i_02786,i_24980,i_31903,i_14604,i_00468,i_02631,i_02407,i_01135
u_00951,i_10316,i_00870,i_24980,i_07370,i_21094,i_14984,i_06228,i_09591,i_00433,i_00506
u_00952,i_10316,i_03829,i_14808,i_02136,i_02317,i_05439,i_09103,i_02079,i_10713,i_01849
u_00953,i_04181,i_00793,i_11548,i_17626,i_00492,i_00865,i_03136,i_04585,i_02683,i_06951
u_00954,i_21094,i_22342,i_14604,i_32112,i_01468,i_00126,i_00724,i_01810,i_25535,i_05493
u_00955,i_10316,i_03590,i_02209,i_10120,i_14604,i_07370,i_06228,i_02563,i_14221,i_04181
u_00956,i_00776,i_06952,i_13841,i_10316,i_06228,i_04585,i_04171,i_02280,i_07370,i_01097
u_00957,i_01937,i_02786,i_08713,i_01468,i_01523,i_17108,i_00062,i_05698,i_05797,i_05472
u_00958,i_11483,i_17108,i_07520,i_05187,i_15181,i_00362,i_02676,i_02786,i_31921,i_00361
u_00959,i_10316,i_14984,i_10409,i_09934,i_09591,i_00586,i_02393,i_04191,i_02213,i_18032
u_00960,i_05267,i_00037,i_03829,i_24980,i_14808,i_01937,i_01485,i_11305,i_10316,i_01121
u_00961,i_02136,i_02209,i_04585,i_09934,i_15993,i_01479,i_04181,i_07263,i_03590,i_05431
u_00962,i_00122,i_02631,i_02563,i_01135,i_03495,i_01111,i_02228,i_12430,i_03355,i_00395
u_00963,i_00395,i_04413,i_01523,i_01403,i_02136,i_05407,i_03829,i_09345,i_02235,i_03468
u_00964,i_02786,i_10316,i_00062,i_00948,i_14604,i_02676,i_21094,i_02282,i_02136,i_00506
u_00965,i_02786,i_03773,i_08132,i_00062,i_14115,i_07520,i_05416,i_15852,i_03678,i_01937
u_00966,i_05267,i_00377,i_05786,i_24980,i_00027,i_14604,i_17108,i_08754,i_06450,i_05394
u_00967,i_00793,i_11409,i_01993,i_03590,i_10316,i_14221,i_04181,i_02786,i_03319,i_27051
u_00968,i_01468,i_01523,i_01937,i_14604,i_10316,i_05267,i_17626,i_01111,i_02381,i_01480
u_00969,i_04181,i_01479,i_02786,i_14604,i_03319,i_00793,i_02209,i_07370,i_01523,i_10057
u_00970,i_24980,i_10316,i_00122,i_13124,i_11373,i_01468,i_00468,i_06228,i_02079,i_02786
u_00971,i_02235,i_02100,i_10316,i_00249,i_07524,i_00395,i_00062,i_06241,i_24980,i_06228
u_00972,i_02228,i_02276,i_00122,i_02725,i_02313,i_03866,i_02563,i_00057,i_02209,i_09345
u_00973,i_21094,i_14604,i_11373,i_10316,i_00122,i_01111,i_02235,i_01998,i_07263,i_01468
u_00974,i_31903,i_04102,i_02076,i_01480,i_17924,i_00597,i_02022,i_01938,i_10518,i_28982
u_00975,i_01111,i_03590,i_01523,i_10316,i_14115,i_08132,i_14651,i_04181,i_27051,i_03678
u_00976,i_12573,i_08355,i_14412,i_13850,i_13761,i_04679,i_17660,i_07174,i_10120,i_07263
u_00977,i_29639,i_06883,i_00485,i_12430,i_01158,i_05786,i_17660,i_02228,i_00540,i_03397
u_00978,i_05777,i_01937,i_17108,i_09345,i_10316,i_02415,i_14604,i_00057,i_04585,i_06450
u_00979,i_00155,i_00506,i_00154,i_00091,i_00158,i_07520,i_13031,i_00585,i_00153,i_03773
u_00980,i_05267,i_14604,i_01523,i_01468,i_03773,i_10316,i_04578,i_00473,i_05188,i_17924
u_00981,i_10316,i_05493,i_14808,i_17626,i_01937,i_14984,i_08132,i_19907,i_03940,i_04692
u_00982,i_24980,i_11373,i_17904,i_09052,i_03773,i_05354,i_11047,i_01849,i_14604,i_11386
u_00983,i_24019,i_02136,i_01523,i_02235,i_03302,i_11373,i_03773,i_01202,i_00776,i_07370
u_00984,i_05267,i_04578,i_01937,i_01430,i_02229,i_14808,i_13674,i_10316,i_05393,i_10930
u_00985,i_10316,i_02786,i_21094,i_00948,i_04418,i_01523,i_00468,i_00586,i_03773,i_01739
u_00986,i_10316,i_02786,i_17626,i_01468,i_01485,i_08132,i_00062,i_11373,i_10120,i_02111
u_00987,i_03590,i_14604,i_04585,i_04480,i_03319,i_01993,i_17626,i_02786,i_01111,i_02136
u_00988,i_14983,i_02786,i_01937,i_05472,i_05698,i_01523,i_14651,i_02827,i_09327,i_19128
u_00989,i_08091,i_02786,i_11408,i_14604,i_01523,i_17626,i_22417,i_09070,i_09976,i_07587
u_00990,i_02786,i_14604,i_01468,i_01523,i_12407,i_25690,i_02079,i_24980,i_05267,i_11483
u_00991,i_21094,i_02786,i_31921,i_17626,i_00155,i_00724,i_17108,i_00395,i_14604,i_32129
u_00992,i_00372,i_00523,i_13806,i_02725,i_00122,i_02541,i_01165,i_21094,i_00061,i_03404
u_00993,i_10057,i_27051,i_01904,i_05408,i_03399,i_09591,i_15778,i_04480,i_10316,i_09327
u_00994,i_04221,i_15818,i_02736,i_11771,i_08638,i_01479,i_08193,i_10316,i_01993,i_13850
u_00995,i_14115,i_09052,i_14604,i_01937,i_05416,i_02079,i_05439,i_08132,i_00062,i_06228
u_00996,i_26940,i_17626,i_14604,i_21094,i_02229,i_00023,i_01044,i_11909,i_01480,i_31952
u_00997,i_11369,i_02316,i_04602,i_10353,i_04603,i_02725,i_01044,i_00153,i_09070,i_06766
u_00998,i_03262,i_13841,i_10120,i_02786,i_03773,i_10316,i_14808,i_06952,i_08132,i_06951
u_00999,i_13547,i_01827,i_05354,i_06952,i_00776,i_06951,i_00782,i_02090,i_00725,i_04191
u_01000,i_07263,i_10120,i_01479,i_06533,i_03319,i_09591,i_02209,i_11373,i_03590,i_04585
u_01001,i_01480,i_14604,i_10316,i_06228,i_17626,i_11373,i_00306,i_21094,i_00122,i_03678
u_01002,i_01523,i_02786,i_01111,i_07520,i_02317,i_02415,i_10316,i_08132,i_02596,i_01485
u_01003,i_05901,i_02154,i_01993,i_00389,i_03590,i_01111,i_03491,i_24980,i_00395,i_02634
u_01004,i_03773,i_14604,i_02786,i_05267,i_14984,i_03678,i_11483,i_01523,i_08713,i_01468
u_01005,i_04207,i_06773,i_04413,i_00428,i_02631,i_05267,i_24980,i_00037,i_28982,i_01202
u_01006,i_14604,i_13124,i_01645,i_04191,i_31952,i_22342,i_09591,i_21033,i_18312,i_00122
u_01007,i_17924,i_01523,i_01044,i_14604,i_00122,i_01135,i_26940,i_01111,i_00011,i_00062
u_01008,i_01111,i_10316,i_02111,i_17626,i_14604,i_24980,i_05267,i_10120,i_02417,i_02786
u_01009,i_10316,i_24980,i_10995,i_21094,i_06450,i_00122,i_10120,i_03302,i_08560,i_01993
u_01010,i_21094,i_00037,i_01496,i_01135,i_31921,i_00428,i_06361,i_04548,i_05267,i_09345
u_01011,i_24980,i_03302,i_00122,i_02382,i_03590,i_17626,i_10316,i_00057,i_02954,i_16877
u_01012,i_05394,i_14604,i_02031,i_00305,i_31921,i_27051,i_21094,i_11910,i_01937,i_10100
u_01013,i_01111,i_14604,i_09592,i_09345,i_00122,i_01479,i_09591,i_00057,i_00389,i_00037
u_01014,i_13023,i_05491,i_13499,i_03901,i_06766,i_02080,i_02273,i_15005,i_06773,i_03781
u_01015,i_05664,i_01479,i_14709,i_18217,i_14808,i_11537,i_09072,i_05394,i_11918,i_09948
u_01016,i_11373,i_10761,i_00122,i_00755,i_03397,i_02407,i_13489,i_04580,i_02828,i_03865
u_01017,i_14604,i_05267,i_03865,i_10316,i_10972,i_00062,i_05786,i_02209,i_06474,i_03829
u_01018,i_11373,i_05354,i_02954,i_06228,i_17831,i_00776,i_18032,i_11846,i_01075,i_02563
u_01019,i_17809,i_04480,i_19909,i_04478,i_03689,i_04181,i_00569,i_01934,i_01993,i_00793
u_01020,i_21094,i_01480,i_17626,i_14604,i_00057,i_00122,i_12430,i_10316,i_08895,i_00395
u_01021,i_07524,i_07370,i_02100,i_05103,i_19839,i_17626,i_10316,i_02786,i_00433,i_02297
u_01022,i_01486,i_05472,i_02786,i_14984,i_04504,i_02136,i_01468,i_31921,i_06882,i_22342
u_01023,i_10316,i_01937,i_14604,i_17626,i_24980,i_00062,i_01468,i_03773,i_14115,i_02136
u_01024,i_05472,i_02786,i_06882,i_00073,i_01523,i_00122,i_01923,i_02541,i_10316,i_01135
u_01025,i_21094,i_01849,i_04527,i_14984,i_09934,i_02274,i_01111,i_02209,i_08132,i_00062
u_01026,i_10316,i_27051,i_04480,i_03803,i_10057,i_00389,i_02680,i_08193,i_01993,i_05212
u_01027,i_01480,i_10316,i_01523,i_14604,i_17626,i_03773,i_11373,i_06228,i_14115,i_13998
u_01028,i_01523,i_01937,i_02786,i_01111,i_01468,i_02596,i_14115,i_10316,i_05976,i_05267
u_01029,i_03616,i_02561,i_00023,i_17660,i_00428,i_08132,i_14604,i_02535,i_00716,i_32048
u_01030,i_17626,i_21849,i_03781,i_00122,i_07524,i_09345,i_04413,i_06766,i_05852,i_09436
u_01031,i_10353,i_15958,i_01993,i_03616,i_07587,i_09442,i_01479,i_04480,i_08193,i_01810
u_01032,i_08355,i_17626,i_02786,i_05267,i_14808,i_14604,i_00062,i_09976,i_04027,i_03866
u_01033,i_00061,i_08193,i_05212,i_07255,i_04548,i_11543,i_02073,i_04221,i_02725,i_04585
u_01034,i_00122,i_01111,i_01485,i_01807,i_02417,i_22605,i_03404,i_02631,i_11373,i_17108
u_01035,i_22342,i_16877,i_04191,i_01534,i_01827,i_00057,i_32108,i_02090,i_11373,i_00075
u_01036,i_00122,i_01479,i_03773,i_11386,i_01993,i_21094,i_03590,i_02228,i_10316,i_14604
u_01037,i_29639,i_12562,i_01158,i_00755,i_12430,i_00122,i_00485,i_02703,i_05786,i_02228
u_01038,i_13253,i_15902,i_10781,i_05354,i_12282,i_07567,i_11543,i_12320,i_04221,i_14221
u_01039,i_03480,i_05418,i_13023,i_09595,i_01496,i_02413,i_01485,i_04434,i_24980,i_03796
u_01040,i_24980,i_00122,i_12430,i_31912,i_01545,i_11373,i_06228,i_31741,i_12373,i_02954
u_01041,i_04181,i_14221,i_01523,i_05472,i_02136,i_02031,i_06582,i_01937,i_00062,i_04480
u_01042,i_02080,i_05354,i_15630,i_01476,i_01827,i_06228,i_02246,i_10316,i_02313,i_16877
u_01043,i_01111,i_02111,i_01135,i_04692,i_01807,i_02417,i_03590,i_02541,i_02631,i_10316
u_01044,i_11543,i_01937,i_01135,i_10316,i_02541,i_04692,i_32048,i_03397,i_05267,i_01111
u_01045,i_14604,i_03829,i_01937,i_09345,i_24980,i_07260,i_17626,i_17389,i_00122,i_14808
u_01046,i_14604,i_01468,i_24980,i_01746,i_01741,i_02882,i_01937,i_03773,i_01523,i_01849
u_01047,i_14604,i_11373,i_28982,i_00204,i_24980,i_00365,i_12430,i_17626,i_10518,i_07576
u_01048,i_07520,i_01937,i_02415,i_09052,i_11483,i_00037,i_01523,i_10316,i_04181,i_09345
u_01049,i_11373,i_10316,i_12772,i_11910,i_03866,i_24980,i_01485,i_03773,i_02954,i_05354
u_01050,i_14604,i_01480,i_11373,i_10316,i_00122,i_21094,i_02786,i_11909,i_00523,i_17389
u_01051,i_24980,i_10509,i_21094,i_08518,i_01741,i_00122,i_01468,i_00062,i_00930,i_01480
u_01052,i_02359,i_17626,i_00724,i_01993,i_05899,i_08193,i_21033,i_04585,i_01480,i_17108
u_01053,i_17626,i_01468,i_03590,i_01937,i_17389,i_02786,i_24980,i_01480,i_21094,i_05267
u_01054,i_06228,i_06017,i_00724,i_10316,i_05899,i_05267,i_11059,i_11543,i_07567,i_29164
u_01055,i_00776,i_13841,i_02786,i_01111,i_24980,i_01937,i_01523,i_04181,i_05354,i_17626
u_01056,i_10316,i_21094,i_31952,i_11373,i_00122,i_14604,i_31921,i_02786,i_16877,i_31741
u_01057,i_05761,i_08193,i_09635,i_06228,i_12282,i_01486,i_02563,i_08859,i_05431,i_05212
u_01058,i_02786,i_01937,i_14604,i_08052,i_05653,i_05267,i_02415,i_03829,i_02472,i_01519
u_01059,i_01480,i_10518,i_24302,i_24980,i_17626,i_10316,i_00865,i_17924,i_01129,i_28982
u_01060,i_18801,i_13841,i_06951,i_05267,i_01111,i_13499,i_08355,i_11373,i_02786,i_09948
u_01061,i_10316,i_06228,i_07578,i_12018,i_06017,i_11373,i_10808,i_01807,i_11543,i_18757
u_01062,i_17626,i_03866,i_03869,i_00724,i_01111,i_14604,i_05034,i_32048,i_14173,i_08132
u_01063,i_00716,i_03302,i_01205,i_14604,i_29117,i_03397,i_08895,i_03866,i_32048,i_04984
u_01064,i_08428,i_04298,i_04089,i_04295,i_11386,i_04297,i_04296,i_17660,i_01937,i_19817
u_01065,i_05212,i_17626,i_08193,i_24980,i_10316,i_06499,i_02786,i_00077,i_01468,i_02276
u_01066,i_13843,i_00793,i_04181,i_17626,i_11548,i_02111,i_00122,i_22605,i_02507,i_31950
u_01067,i_00122,i_05956,i_01167,i_09345,i_02720,i_11348,i_02563,i_02228,i_06228,i_02080
u_01068,i_02317,i_32003,i_06450,i_11569,i_01736,i_13124,i_02136,i_13755,i_02079,i_09124
u_01069,i_14120,i_07752,i_21849,i_01827,i_32048,i_17660,i_10120,i_10316,i_07666,i_01485
u_01070,i_04480,i_13690,i_06582,i_02136,i_01523,i_01764,i_17626,i_03773,i_04181,i_11409
u_01071,i_02228,i_07050,i_32048,i_11543,i_12785,i_05852,i_05034,i_00755,i_09659,i_15077
u_01072,i_00922,i_05573,i_27675,i_31952,i_21033,i_21094,i_02318,i_14604,i_01486,i_00506
u_01073,i_21094,i_02235,i_31952,i_17108,i_02334,i_24302,i_03773,i_00122,i_00428,i_00506
u_01074,i_01480,i_04102,i_17924,i_07576,i_00204,i_28982,i_17923,i_31903,i_02334,i_09077
u_01075,i_06228,i_13084,i_21094,i_11373,i_14604,i_10316,i_05354,i_02136,i_05024,i_04191
u_01076,i_02240,i_01479,i_04181,i_03590,i_02209,i_01993,i_09816,i_02755,i_08193,i_02359
u_01077,i_10316,i_14604,i_01523,i_09124,i_01468,i_02786,i_17626,i_04181,i_04480,i_11483
u_01078,i_24396,i_00852,i_10316,i_04114,i_15906,i_11600,i_31921,i_17108,i_21094,i_11846
u_01079,i_16025,i_15902,i_10781,i_21427,i_04171,i_16568,i_20808,i_21849,i_13290,i_22522
u_01080,i_01923,i_14518,i_04692,i_01937,i_07062,i_02786,i_03829,i_09182,i_04254,i_14115
u_01081,i_02317,i_04504,i_02136,i_01486,i_02079,i_02786,i_02213,i_03829,i_01468,i_01937
u_01082,i_01111,i_04181,i_17108,i_11548,i_02882,i_10316,i_02786,i_01849,i_02111,i_00305
u_01083,i_05267,i_02786,i_01468,i_11910,i_02334,i_01937,i_11373,i_24980,i_05394,i_10316
u_01084,i_01849,i_01486,i_11910,i_00311,i_10316,i_02317,i_14604,i_00362,i_17108,i_02334
u_01085,i_01111,i_02111,i_02786,i_24980,i_01468,i_14604,i_01135,i_01523,i_10316,i_21094
u_01086,i_01937,i_01523,i_11365,i_00062,i_14115,i_08801,i_10316,i_05103,i_02596,i_14604
u_01087,i_01468,i_28278,i_01523,i_28238,i_00776,i_31741,i_31952,i_00122,i_00440,i_02786
u_01088,i_02320,i_10316,i_10120,i_16026,i_12966,i_09345,i_12567,i_09591,i_00057,i_06450
u_01089,i_07520,i_08330,i_02282,i_00468,i_00362,i_17626,i_02786,i_31921,i_14604,i_00539
u_01090,i_00122,i_17626,i_24980,i_08881,i_00057,i_31993,i_00395,i_26940,i_16877,i_02786
u_01091,i_21094,i_31952,i_17924,i_21033,i_00922,i_00395,i_31946,i_02786,i_17626,i_14604
u_01092,i_09591,i_13670,i_21094,i_10316,i_17626,i_03468,i_12418,i_01486,i_02683,i_11386
u_01093,i_01937,i_01523,i_01111,i_02786,i_05472,i_01468,i_10100,i_11487,i_01807,i_10120
u_01094,i_10941,i_09345,i_15802,i_14604,i_08539,i_13084,i_05394,i_00724,i_02827,i_02111
u_01095,i_14604,i_24980,i_10316,i_01111,i_00122,i_02407,i_11373,i_03397,i_12430,i_02321
u_01096,i_01937,i_00389,i_00433,i_25690,i_05267,i_14604,i_02136,i_06534,i_02334,i_01810
u_01097,i_01545,i_12320,i_06228,i_31921,i_00716,i_02136,i_01849,i_02393,i_02276,i_03866
u_01098,i_04181,i_00492,i_02382,i_00122,i_01485,i_13690,i_11373,i_04527,i_01111,i_21094
u_01099,i_00122,i_24980,i_03302,i_09027,i_10316,i_13084,i_12282,i_21094,i_02382,i_00716
u_01100,i_05407,i_02318,i_00586,i_10316,i_02280,i_01849,i_28880,i_02406,i_01054,i_02593
u_01101,i_24980,i_01111,i_01468,i_10316,i_09052,i_00122,i_11373,i_21094,i_01485,i_02507
u_01102,i_00724,i_00554,i_25690,i_03468,i_27675,i_02136,i_05103,i_04418,i_00470,i_04504
u_01103,i_10316,i_00468,i_01746,i_02786,i_14604,i_00011,i_00122,i_01741,i_01937,i_01111
u_01104,i_26185,i_13084,i_14120,i_03397,i_11386,i_11618,i_17660,i_10781,i_19817,i_32048
u_01105,i_10316,i_00122,i_17626,i_01480,i_02786,i_01523,i_11373,i_01468,i_02111,i_01135
u_01106,i_02786,i_01523,i_23941,i_01937,i_10316,i_24980,i_07520,i_01480,i_01808,i_14604
u_01107,i_01480,i_02683,i_02786,i_05267,i_04102,i_12157,i_10316,i_06951,i_17923,i_28982
u_01108,i_21094,i_02683,i_00311,i_17626,i_31952,i_01480,i_31946,i_10316,i_00310,i_12157
u_01109,i_05267,i_02786,i_02415,i_01111,i_04578,i_01480,i_17626,i_14604,i_14115,i_02827
u_01110,i_14604,i_04578,i_02079,i_08754,i_05439,i_11365,i_01937,i_04580,i_01868,i_14808
u_01111,i_10316,i_08132,i_01849,i_07370,i_09052,i_02786,i_01523,i_05416,i_08052,i_09461
u_01112,i_29639,i_01539,i_14604,i_21094,i_24980,i_16877,i_11373,i_01129,i_01480,i_01476
u_01113,i_11373,i_24980,i_00057,i_01468,i_00122,i_00492,i_29164,i_00716,i_01135,i_15669
u_01114,i_04585,i_10057,i_10316,i_14604,i_22342,i_06228,i_10781,i_01468,i_01827,i_11373
u_01115,i_31903,i_18031,i_00011,i_24980,i_02786,i_31946,i_04102,i_00154,i_10518,i_11373
u_01116,i_28238,i_02318,i_00922,i_00470,i_00440,i_02593,i_14604,i_00506,i_25690,i_17626
u_01117,i_00062,i_01746,i_01111,i_01523,i_01485,i_01468,i_01849,i_03773,i_02031,i_01937
u_01118,i_14115,i_01937,i_01523,i_09052,i_02786,i_08132,i_06228,i_10316,i_14651,i_09461
u_01119,i_10316,i_01827,i_14604,i_13122,i_13084,i_05394,i_06450,i_03829,i_10930,i_17662
u_01120,i_02380,i_01523,i_02228,i_02297,i_24980,i_02299,i_02209,i_04186,i_00057,i_01827
u_01121,i_17626,i_24980,i_00928,i_01937,i_00724,i_00468,i_14604,i_01523,i_32040,i_01468
u_01122,i_13690,i_04692,i_01135,i_05472,i_10120,i_04181,i_01485,i_02136,i_03773,i_06466
u_01123,i_01480,i_24980,i_01111,i_11910,i_02786,i_01808,i_10316,i_01849,i_02111,i_02334
u_01124,i_27051,i_01904,i_02111,i_01135,i_01807,i_04480,i_17108,i_00073,i_04692,i_00793
u_01125,i_10316,i_14604,i_01523,i_08754,i_06228,i_01937,i_05267,i_11373,i_02100,i_10120
u_01126,i_14808,i_11569,i_11537,i_05653,i_02079,i_11562,i_13489,i_03829,i_11493,i_11331
u_01127,i_01215,i_00057,i_02228,i_02862,i_00122,i_00878,i_02725,i_00725,i_14604,i_10316
u_01128,i_24980,i_03773,i_11373,i_06228,i_31741,i_01486,i_14604,i_01523,i_00311,i_00724
u_01129,i_00122,i_21094,i_00163,i_00155,i_00470,i_28508,i_02334,i_03773,i_02244,i_26940
u_01130,i_02136,i_01764,i_05493,i_01523,i_17626,i_02786,i_03773,i_02317,i_01849,i_01468
u_01131,i_14604,i_05267,i_18333,i_02786,i_17626,i_14808,i_01111,i_24980,i_11373,i_02317
u_01132,i_07263,i_01937,i_01523,i_03829,i_14604,i_01111,i_10316,i_02229,i_08801,i_08132
u_01133,i_05899,i_10995,i_01496,i_02228,i_03302,i_01545,i_01993,i_01827,i_00057,i_02382
u_01134,i_01937,i_02786,i_07520,i_00062,i_08052,i_11483,i_02415,i_02079,i_05180,i_03773
u_01135,i_02786,i_21094,i_01810,i_17626,i_14604,i_06228,i_01111,i_01937,i_00122,i_05976
u_01136,i_04181,i_01904,i_04480,i_02359,i_01993,i_27051,i_00793,i_02111,i_03590,i_00492
u_01137,i_01468,i_02228,i_00395,i_02100,i_17626,i_00122,i_02105,i_24980,i_10316,i_00075
u_01138,i_08193,i_02276,i_02359,i_04585,i_17108,i_00389,i_00716,i_01993,i_17626,i_01479
u_01139,i_02831,i_08638,i_04022,i_10995,i_00145,i_03397,i_13761,i_11959,i_00122,i_17108
u_01140,i_00122,i_24980,i_03302,i_00523,i_02313,i_01468,i_10316,i_21094,i_02100,i_02563
u_01141,i_10316,i_14604,i_02111,i_01485,i_04692,i_02786,i_01111,i_17626,i_11548,i_01937
u_01142,i_04181,i_14604,i_02209,i_04171,i_04480,i_11373,i_00793,i_01937,i_10316,i_01849
u_01143,i_01734,i_04177,i_04322,i_04261,i_22256,i_05677,i_05767,i_03397,i_03268,i_10761
u_01144,i_09345,i_15851,i_02827,i_14173,i_09436,i_00037,i_05786,i_02299,i_17660,i_24980
u_01145,i_01480,i_14604,i_00122,i_17626,i_11373,i_03829,i_00389,i_17389,i_01539,i_04181
u_01146,i_03866,i_03404,i_05762,i_11537,i_24980,i_03829,i_09659,i_11910,i_32048,i_00037
u_01147,i_00023,i_24980,i_21094,i_01044,i_00540,i_26940,i_00724,i_08881,i_08895,i_14604
u_01148,i_02079,i_01937,i_04585,i_02541,i_13084,i_02080,i_02209,i_08754,i_01545,i_09635
u_01149,i_10316,i_03590,i_21094,i_11373,i_17626,i_24980,i_10120,i_04478,i_00122,i_14604
u_01150,i_11373,i_01111,i_09380,i_02786,i_06228,i_00122,i_10316,i_01523,i_03829,i_01827
u_01151,i_01827,i_11543,i_00725,i_10316,i_11373,i_13547,i_17626,i_04191,i_02246,i_00122
u_01152,i_17626,i_24980,i_12430,i_21094,i_07323,i_31914,i_31916,i_31915,i_08895,i_16877
u_01153,i_00122,i_05212,i_02786,i_08193,i_01111,i_00389,i_02319,i_01480,i_02382,i_32108
u_01154,i_00122,i_10316,i_24980,i_17626,i_11373,i_09591,i_00395,i_18312,i_29117,i_02382
u_01155,i_24331,i_15902,i_17901,i_00716,i_13084,i_10781,i_16216,i_06228,i_01827,i_11543
u_01156,i_10316,i_05267,i_07263,i_01468,i_24980,i_14604,i_11373,i_02317,i_08132,i_31921
u_01157,i_00612,i_11962,i_12101,i_14604,i_02031,i_01485,i_00389,i_00569,i_05267,i_27051
u_01158,i_21950,i_22134,i_24481,i_23033,i_21691,i_05203,i_19978,i_26255,i_12320,i_13290
u_01159,i_03678,i_01111,i_01523,i_14115,i_10316,i_14604,i_24980,i_03590,i_01468,i_17626
u_01160,i_02786,i_01937,i_07520,i_00062,i_11483,i_02415,i_02079,i_14604,i_08052,i_01485
u_01161,i_00389,i_10316,i_02786,i_07263,i_07587,i_03319,i_17626,i_04603,i_27051,i_09070
u_01162,i_04585,i_00395,i_00037,i_02209,i_06450,i_17108,i_14604,i_02279,i_14221,i_01993
u_01163,i_10316,i_02235,i_14604,i_03590,i_04480,i_08052,i_01468,i_01937,i_04181,i_02209
u_01164,i_10995,i_24980,i_08560,i_02831,i_13761,i_04221,i_05764,i_00122,i_03397,i_07174
u_01165,i_14983,i_14604,i_01937,i_14651,i_01523,i_01904,i_05191,i_19128,i_04692,i_04478
u_01166,i_02228,i_04450,i_02031,i_17108,i_00389,i_04585,i_02136,i_02111,i_00492,i_01746
u_01167,i_02786,i_14604,i_03865,i_10316,i_08862,i_01135,i_00122,i_01523,i_00389,i_02297
u_01168,i_01937,i_08713,i_01468,i_03866,i_00122,i_14604,i_00062,i_00523,i_12430,i_02725
u_01169,i_02235,i_04413,i_10316,i_21094,i_07263,i_05407,i_03468,i_02380,i_01645,i_17626
u_01170,i_00468,i_01523,i_01545,i_00011,i_17626,i_21094,i_10316,i_00948,i_25690,i_02136
u_01171,i_04480,i_01904,i_00793,i_04192,i_05901,i_04585,i_04181,i_17626,i_01993,i_02154
u_01172,i_04465,i_08193,i_02786,i_02359,i_04171,i_02279,i_01993,i_27051,i_04181,i_04692
u_01173,i_01523,i_06228,i_09934,i_01485,i_14604,i_18333,i_10316,i_24980,i_11055,i_01111
u_01174,i_10316,i_11373,i_02786,i_14604,i_00122,i_01480,i_21094,i_00062,i_01523,i_31921
u_01175,i_05103,i_24980,i_27051,i_00062,i_00362,i_03678,i_17626,i_14604,i_01480,i_04480
u_01176,i_32040,i_00724,i_17626,i_02786,i_31921,i_14604,i_00470,i_00155,i_03773,i_00440
u_01177,i_04480,i_00480,i_00492,i_27051,i_00793,i_03146,i_16499,i_04181,i_04419,i_02417
u_01178,i_02786,i_21033,i_21094,i_02282,i_01468,i_02406,i_02634,i_24980,i_14604,i_02280
u_01179,i_01468,i_24980,i_05103,i_04504,i_17626,i_03773,i_09934,i_02683,i_31921,i_02282
u_01180,i_24980,i_00776,i_10316,i_00122,i_13841,i_06951,i_21094,i_17626,i_11373,i_03590
u_01181,i_00075,i_00506,i_00922,i_02100,i_00433,i_27675,i_00311,i_21094,i_02105,i_11386
u_01182,i_03151,i_01430,i_01937,i_02827,i_14604,i_00155,i_11365,i_21094,i_01798,i_07520
u_01183,i_10100,i_02442,i_10316,i_10781,i_01739,i_07711,i_21094,i_11047,i_18031,i_02274
u_01184,i_11483,i_00062,i_07520,i_05472,i_08052,i_01937,i_05342,i_01468,i_14604,i_06228
u_01185,i_00506,i_00075,i_06228,i_03773,i_01490,i_08518,i_02136,i_24019,i_00433,i_00470
u_01186,i_02631,i_01135,i_03866,i_02276,i_14604,i_02313,i_02111,i_10316,i_24980,i_02382
u_01187,i_14604,i_02316,i_00122,i_01523,i_01937,i_01468,i_10316,i_00389,i_17108,i_07263
u_01188,i_04181,i_02731,i_02111,i_10316,i_11548,i_04692,i_01523,i_02417,i_01904,i_13690
u_01189,i_12061,i_14115,i_14728,i_05976,i_05800,i_03678,i_01937,i_14651,i_06441,i_10100
u_01190,i_04692,i_09442,i_02228,i_15476,i_09345,i_02317,i_02541,i_00057,i_11373,i_17108
u_01191,i_10316,i_02318,i_02317,i_00586,i_17626,i_03568,i_00870,i_02393,i_00922,i_02209
u_01192,i_05394,i_07062,i_17626,i_11569,i_08132,i_02380,i_00395,i_10316,i_09103,i_02136
u_01193,i_10316,i_09383,i_09591,i_04254,i_07587,i_17626,i_01486,i_31952,i_01774,i_02209
u_01194,i_00506,i_03773,i_21094,i_11548,i_01523,i_00062,i_10316,i_24980,i_08132,i_11373
u_01195,i_11786,i_07525,i_10094,i_21436,i_01135,i_05174,i_02541,i_13084,i_01937,i_09345
u_01196,i_11373,i_14604,i_06228,i_01451,i_03866,i_24980,i_02313,i_10316,i_01849,i_12430
u_01197,i_14604,i_27051,i_10316,i_02786,i_01523,i_04585,i_01111,i_00492,i_01937,i_24980
u_01198,i_10316,i_17626,i_00122,i_01523,i_07263,i_11373,i_10120,i_14604,i_03773,i_02136
u_01199,i_11373,i_10316,i_03302,i_00122,i_08193,i_09635,i_24980,i_02090,i_01993,i_05354
u_01200,i_17253,i_15431,i_15689,i_10995,i_03397,i_10781,i_11373,i_01481,i_23257,i_12966
u_01201,i_18031,i_00091,i_18139,i_02213,i_03773,i_04104,i_31952,i_03568,i_00155,i_07370
u_01202,i_13547,i_17901,i_05852,i_02954,i_12320,i_21691,i_19978,i_01545,i_09635,i_06228
u_01203,i_14604,i_02317,i_24019,i_01486,i_00062,i_04418,i_10100,i_01480,i_06882,i_02209
u_01204,i_02154,i_10316,i_02382,i_11373,i_18312,i_00122,i_12901,i_08895,i_21094,i_00091
u_01205,i_06228,i_17626,i_02297,i_24980,i_01523,i_02317,i_00122,i_11386,i_14984,i_02209
u_01206,i_02425,i_22342,i_31741,i_06228,i_02297,i_02317,i_01523,i_01541,i_09275,i_05267
u_01207,i_04578,i_17626,i_02280,i_02235,i_00311,i_21094,i_27051,i_26940,i_05267,i_02683
u_01208,i_10057,i_17626,i_14604,i_03590,i_01468,i_04585,i_10316,i_01937,i_15708,i_07370
u_01209,i_14604,i_10316,i_14808,i_02786,i_08132,i_08355,i_09976,i_08560,i_01485,i_13122
u_01210,i_14604,i_01480,i_24980,i_00155,i_00153,i_02022,i_00158,i_17923,i_00163,i_00122
u_01211,i_01937,i_01468,i_02380,i_02417,i_02415,i_02786,i_01537,i_08713,i_17389,i_02317
u_01212,i_02786,i_10316,i_17626,i_08895,i_00122,i_17108,i_01111,i_01485,i_02380,i_01523
u_01213,i_02136,i_01523,i_24019,i_04418,i_02786,i_01468,i_02299,i_14984,i_24980,i_04191
u_01214,i_05573,i_21094,i_00922,i_00470,i_01827,i_00091,i_00554,i_22738,i_00428,i_01111
u_01215,i_00249,i_10316,i_02155,i_04413,i_21094,i_14604,i_00395,i_08560,i_05407,i_07370
u_01216,i_02228,i_00057,i_03865,i_02313,i_03866,i_01496,i_00122,i_32021,i_02725,i_02276
u_01217,i_01480,i_14808,i_17626,i_05267,i_04580,i_05394,i_11373,i_01430,i_25535,i_16000
u_01218,i_01468,i_01480,i_03773,i_10316,i_14604,i_01523,i_11910,i_00922,i_00470,i_07520
u_01219,i_10518,i_28982,i_24980,i_13651,i_17923,i_04102,i_17924,i_00011,i_17626,i_00433
u_01220,i_05267,i_01523,i_08132,i_03678,i_01468,i_14115,i_14604,i_01937,i_24980,i_05439
u_01221,i_08881,i_16877,i_01486,i_00057,i_04033,i_02902,i_00395,i_06228,i_00930,i_17108
u_01222,i_04504,i_10316,i_11548,i_02209,i_17108,i_08355,i_04480,i_00492,i_04692,i_01998
u_01223,i_11355,i_00057,i_10353,i_10316,i_00395,i_04603,i_01111,i_07587,i_09345,i_00122
u_01224,i_14604,i_04585,i_01937,i_27051,i_04692,i_17119,i_01111,i_13690,i_10120,i_02786
u_01225,i_17626,i_17108,i_00492,i_31921,i_02683,i_05493,i_04398,i_10316,i_01746,i_00389
u_01226,i_00226,i_06228,i_01486,i_17626,i_04504,i_00922,i_02213,i_04191,i_00506,i_00075
u_01227,i_10316,i_14604,i_02111,i_17626,i_02786,i_01111,i_24980,i_03829,i_00062,i_04692
u_01228,i_04181,i_00793,i_04480,i_01111,i_17108,i_00395,i_01479,i_01135,i_02231,i_01993
u_01229,i_00062,i_10316,i_01523,i_10120,i_03773,i_09052,i_14115,i_01468,i_04692,i_17626
u_01230,i_05940,i_00062,i_03368,i_01523,i_07520,i_05267,i_01111,i_11569,i_11548,i_03678
u_01231,i_08881,i_01480,i_17626,i_24980,i_21094,i_00303,i_00428,i_31921,i_01044,i_00037
u_01232,i_10316,i_24980,i_31950,i_00433,i_00930,i_01486,i_10120,i_00389,i_00870,i_06533
u_01233,i_01111,i_04181,i_05472,i_03590,i_02790,i_01807,i_15630,i_11047,i_08815,i_05797
u_01234,i_02333,i_06882,i_01111,i_02786,i_05431,i_01993,i_01135,i_02359,i_02634,i_04186
u_01235,i_02831,i_17626,i_20190,i_08355,i_17660,i_13499,i_16960,i_20084,i_10081,i_04254
u_01236,i_04186,i_02541,i_01523,i_05472,i_02380,i_09345,i_05439,i_02079,i_02596,i_04191
u_01237,i_04480,i_00793,i_01904,i_00492,i_16499,i_04181,i_01224,i_00038,i_00622,i_00389
u_01238,i_01523,i_02415,i_08713,i_02786,i_08052,i_03773,i_02031,i_14115,i_14651,i_10316
u_01239,i_01937,i_01468,i_17626,i_27051,i_00249,i_00395,i_32129,i_01135,i_32112,i_01810
u_01240,i_10316,i_08132,i_02136,i_03773,i_01111,i_14604,i_14808,i_04181,i_27051,i_21094
u_01241,i_02111,i_02417,i_04186,i_15902,i_03829,i_11910,i_08191,i_13690,i_05431,i_14120
u_01242,i_17626,i_01480,i_24980,i_31921,i_21094,i_01486,i_02380,i_01849,i_01097,i_01135
u_01243,i_00122,i_10120,i_31946,i_07263,i_31952,i_09345,i_14604,i_02313,i_02235,i_01523
u_01244,i_01993,i_10316,i_02596,i_02786,i_05267,i_01202,i_04480,i_04181,i_02954,i_00389
u_01245,i_06228,i_02631,i_32108,i_24980,i_00122,i_01486,i_01476,i_02276,i_31952,i_02080
u_01246,i_00776,i_06951,i_06952,i_13841,i_16127,i_06228,i_13350,i_04191,i_19451,i_05174
u_01247,i_17108,i_00865,i_01746,i_02786,i_10316,i_17626,i_01937,i_24302,i_17119,i_01741
u_01248,i_00622,i_02154,i_14221,i_32129,i_02680,i_17626,i_00480,i_02549,i_21849,i_04585
u_01249,i_10316,i_01937,i_22342,i_02786,i_02596,i_32112,i_00126,i_00037,i_03829,i_02136
u_01250,i_01111,i_00122,i_10316,i_02631,i_03590,i_17626,i_14604,i_01904,i_04478,i_11373
u_01251,i_05267,i_01523,i_01798,i_21094,i_02596,i_05472,i_14604,i_01468,i_01485,i_10316
u_01252,i_22342,i_12033,i_01937,i_02954,i_10316,i_02319,i_06228,i_11373,i_02297,i_06397
u_01253,i_02235,i_00870,i_02786,i_14604,i_02209,i_03457,i_10120,i_01998,i_03829,i_00506
u_01254,i_01111,i_31952,i_10316,i_24980,i_14604,i_00037,i_21094,i_02786,i_01468,i_02298
u_01255,i_01523,i_17108,i_05472,i_10316,i_17626,i_24980,i_01468,i_01485,i_04692,i_14604
u_01256,i_01523,i_02736,i_01827,i_13084,i_00062,i_05472,i_14115,i_04221,i_02415,i_01937
u_01257,i_01480,i_28982,i_28547,i_00365,i_00795,i_10518,i_31983,i_01938,i_00462,i_11908
u_01258,i_11373,i_06228,i_00122,i_13084,i_01496,i_02313,i_17626,i_03262,i_02954,i_02080
u_01259,i_14221,i_10316,i_02209,i_03319,i_14248,i_04181,i_09182,i_16660,i_04585,i_02359
u_01260,i_14604,i_01480,i_10120,i_01523,i_01937,i_03773,i_24980,i_06228,i_17626,i_08132
u_01261,i_00122,i_17626,i_10316,i_14604,i_01111,i_07263,i_00492,i_01468,i_02631,i_01485
u_01262,i_02786,i_02380,i_18333,i_14604,i_10316,i_06412,i_07089,i_04181,i_04480,i_04523
u_01263,i_00122,i_01111,i_10316,i_01523,i_24980,i_14604,i_01937,i_01468,i_01135,i_10120
u_01264,i_02786,i_01468,i_17626,i_02380,i_00122,i_00062,i_00506,i_01923,i_31741,i_04181
u_01265,i_01523,i_14604,i_01798,i_10316,i_02317,i_01810,i_01937,i_05267,i_21094,i_08801
u_01266,i_01849,i_03151,i_04027,i_15669,i_00122,i_00724,i_21094,i_10316,i_03616,i_06228
u_01267,i_01479,i_03806,i_00395,i_14604,i_05786,i_03616,i_03866,i_02407,i_01129,i_00389
u_01268,i_05901,i_09948,i_22939,i_13983,i_04663,i_15802,i_21849,i_09814,i_11800,i_13489
u_01269,i_00468,i_00724,i_02100,i_01480,i_01486,i_21094,i_00506,i_01468,i_01849,i_28278
u_01270,i_10316,i_11409,i_01523,i_04478,i_03590,i_01937,i_08132,i_04692,i_02786,i_14604
u_01271,i_10316,i_01807,i_11373,i_02274,i_01477,i_15802,i_01199,i_10100,i_07370,i_04692
u_01272,i_11548,i_05905,i_00492,i_22605,i_00922,i_21094,i_31921,i_01937,i_02136,i_02978
u_01273,i_04191,i_22342,i_12033,i_02209,i_27051,i_03085,i_02297,i_02313,i_06228,i_02954
u_01274,i_01523,i_04181,i_16700,i_00038,i_11483,i_01937,i_14604,i_06450,i_08052,i_02786
u_01275,i_04578,i_01937,i_14115,i_14808,i_03773,i_00062,i_08132,i_02827,i_11047,i_05439
u_01276,i_01111,i_08544,i_11373,i_08638,i_07567,i_10316,i_17626,i_05267,i_08258,i_15802
u_01277,i_04580,i_24980,i_00122,i_01129,i_08895,i_02382,i_00428,i_02631,i_02276,i_00395
u_01278,i_10316,i_01523,i_02209,i_08132,i_05472,i_05493,i_01937,i_02079,i_05797,i_14651
u_01279,i_24980,i_14604,i_07263,i_00062,i_03869,i_06228,i_02209,i_02382,i_01523,i_31952
u_01280,i_10316,i_01523,i_03773,i_01480,i_24980,i_06533,i_14604,i_05354,i_08132,i_21094
u_01281,i_15802,i_23092,i_15902,i_17660,i_11107,i_13823,i_14774,i_11373,i_06228,i_12974
u_01282,i_09380,i_24019,i_00506,i_00500,i_08465,i_02136,i_13499,i_01202,i_03262,i_21249
u_01283,i_08476,i_02317,i_01202,i_10316,i_08806,i_24980,i_00122,i_02318,i_04191,i_01523
u_01284,i_10316,i_17626,i_00724,i_32040,i_02786,i_01486,i_01480,i_28880,i_00506,i_14604
u_01285,i_03319,i_03806,i_05664,i_17626,i_02786,i_02631,i_10316,i_08081,i_00395,i_09072
u_01286,i_01468,i_02786,i_07520,i_01523,i_01937,i_01430,i_01111,i_14604,i_21094,i_10316
u_01287,i_10316,i_17626,i_01480,i_01486,i_17924,i_00724,i_02683,i_14604,i_31741,i_03773
u_01288,i_01480,i_10316,i_14604,i_31952,i_21094,i_02786,i_00306,i_01468,i_03304,i_11910
u_01289,i_02786,i_06882,i_01111,i_10316,i_02136,i_01486,i_05797,i_00010,i_01523,i_02209
u_01290,i_14604,i_14808,i_11373,i_05267,i_02025,i_02786,i_09345,i_08862,i_00377,i_14115
u_01291,i_00122,i_01111,i_03829,i_24980,i_01468,i_01523,i_10316,i_31741,i_10120,i_31952
u_01292,i_08518,i_27030,i_00389,i_04480,i_02786,i_31952,i_00724,i_27051,i_00440,i_31921
u_01293,i_01937,i_04480,i_31950,i_00793,i_06582,i_27051,i_02031,i_03590,i_00395,i_10316
u_01294,i_14604,i_02786,i_01808,i_00305,i_13705,i_24980,i_11910,i_04277,i_01849,i_11373
u_01295,i_10316,i_03773,i_02136,i_17626,i_01486,i_14604,i_21094,i_00506,i_14115,i_00922
u_01296,i_02300,i_08895,i_06241,i_08881,i_09345,i_00395,i_08560,i_00057,i_00037,i_03829
u_01297,i_09452,i_03588,i_02415,i_11483,i_04181,i_07408,i_14751,i_02507,i_00492,i_04480
u_01298,i_02209,i_04221,i_01937,i_14604,i_10316,i_01111,i_11373,i_02317,i_04523,i_01468
u_01299,i_01468,i_14604,i_10316,i_02786,i_02417,i_01485,i_05267,i_00062,i_01135,i_00122
u_01300,i_01480,i_14604,i_24980,i_02111,i_01849,i_00575,i_03151,i_02592,i_21094,i_01746
u_01301,i_11047,i_02454,i_04978,i_11543,i_04585,i_08881,i_05491,i_10120,i_32048,i_04692
u_01302,i_23257,i_00062,i_17626,i_13690,i_01111,i_05493,i_14604,i_14651,i_01523,i_05472
u_01303,i_01523,i_03773,i_10316,i_08091,i_09070,i_01468,i_14604,i_08132,i_05472,i_03262
u_01304,i_13651,i_31993,i_01937,i_08713,i_01480,i_17924,i_05188,i_14604,i_17626,i_24980
u_01305,i_03678,i_25690,i_14248,i_14173,i_03397,i_10781,i_11543,i_09659,i_04033,i_06397
u_01306,i_13690,i_01485,i_02417,i_00122,i_01111,i_02111,i_11543,i_01807,i_08052,i_02541
u_01307,i_11347,i_11771,i_08191,i_01937,i_04978,i_14808,i_01202,i_15906,i_10120,i_08063
u_01308,i_01486,i_01135,i_01827,i_01545,i_21094,i_02080,i_02105,i_01111,i_01476,i_10316
u_01309,i_24980,i_01480,i_14604,i_00122,i_04692,i_02079,i_02334,i_01764,i_01937,i_11373
u_01310,i_09591,i_06228,i_15489,i_02274,i_08091,i_05493,i_10713,i_15906,i_22939,i_03678
u_01311,i_03866,i_01111,i_05267,i_13084,i_17108,i_03397,i_06228,i_01485,i_05786,i_02101
u_01312,i_01904,i_09327,i_20623,i_05759,i_10339,i_02415,i_02209,i_12226,i_01402,i_09934
u_01313,i_01451,i_14604,i_01545,i_17626,i_24980,i_05354,i_09592,i_06228,i_01496,i_10316
u_01314,i_08881,i_06046,i_00480,i_14604,i_01993,i_17108,i_01827,i_02279,i_05786,i_09345
u_01315,i_21094,i_24980,i_03302,i_10316,i_14604,i_00122,i_06228,i_01480,i_11373,i_02725
u_01316,i_01937,i_01523,i_07429,i_02827,i_10316,i_12061,i_00428,i_05439,i_11047,i_11569
u_01317,i_10316,i_02111,i_04181,i_00062,i_01937,i_02079,i_01485,i_05653,i_04523,i_03689
u_01318,i_02313,i_02382,i_24980,i_00122,i_01827,i_13291,i_10316,i_00057,i_03213,i_01206
u_01319,i_01111,i_02209,i_04585,i_03590,i_08815,i_12072,i_17687,i_15630,i_10316,i_01485
u_01320,i_01523,i_01111,i_02136,i_14983,i_01485,i_10316,i_02472,i_04692,i_08052,i_09182
u_01321,i_10316,i_02786,i_08258,i_17734,i_01523,i_07520,i_08091,i_01937,i_14604,i_07587
u_01322,i_00724,i_31952,i_14604,i_02786,i_06228,i_00122,i_11373,i_25690,i_31741,i_31946
u_01323,i_00091,i_18031,i_02593,i_00158,i_00155,i_01486,i_00163,i_00157,i_28238,i_00922
u_01324,i_10894,i_14604,i_03590,i_01937,i_02209,i_02136,i_21094,i_02786,i_04171,i_03773
u_01325,i_10316,i_01486,i_02435,i_00852,i_05710,i_09934,i_03226,i_02213,i_17626,i_16920
u_01326,i_14604,i_11047,i_03678,i_01849,i_01523,i_04181,i_12101,i_03829,i_11758,i_21094
u_01327,i_02111,i_24980,i_01468,i_11373,i_02276,i_04181,i_00122,i_00395,i_02764,i_01432
u_01328,i_00928,i_06533,i_02334,i_02136,i_01739,i_09275,i_07370,i_06534,i_00506,i_01849
u_01329,i_14604,i_07520,i_24980,i_02786,i_01810,i_01937,i_02415,i_06228,i_02282,i_05653
u_01330,i_08193,i_05212,i_10057,i_04544,i_00057,i_01827,i_02313,i_04585,i_01496,i_04171
u_01331,i_08885,i_03907,i_03616,i_00145,i_10972,i_06397,i_02634,i_08561,i_07904,i_13779
u_01332,i_08193,i_10316,i_11373,i_02136,i_21094,i_13761,i_02228,i_07524,i_00122,i_17626
u_01333,i_08518,i_21094,i_03468,i_00870,i_01486,i_02244,i_02318,i_28278,i_00554,i_01645
u_01334,i_01468,i_14604,i_24980,i_01937,i_01764,i_01523,i_04277,i_02683,i_02079,i_06466
u_01335,i_13761,i_16482,i_17536,i_21849,i_23113,i_16627,i_17660,i_13423,i_11576,i_15124
u_01336,i_04181,i_27051,i_01111,i_05439,i_02111,i_04692,i_02623,i_17108,i_03590,i_15831
u_01337,i_10995,i_03590,i_01523,i_06228,i_19432,i_02244,i_14248,i_21249,i_05416,i_06533
u_01338,i_01480,i_10316,i_00865,i_24980,i_01764,i_01741,i_10518,i_14604,i_17924,i_00122
u_01339,i_10057,i_04585,i_00122,i_17626,i_02359,i_02786,i_14604,i_10316,i_02634,i_09345
u_01340,i_02111,i_01111,i_10316,i_05267,i_01807,i_13690,i_04181,i_02810,i_15630,i_05472
u_01341,i_13023,i_06678,i_05491,i_32048,i_02720,i_16877,i_05418,i_00057,i_03781,i_10781
u_01342,i_02228,i_11373,i_08855,i_10995,i_02764,i_07567,i_04984,i_09345,i_00057,i_02954
u_01343,i_23941,i_06473,i_24049,i_02334,i_14604,i_17108,i_11910,i_01906,i_00155,i_00011
u_01344,i_00122,i_01480,i_14604,i_17626,i_10316,i_10120,i_12785,i_02786,i_10353,i_01523
u_01345,i_10316,i_01486,i_04504,i_01111,i_01937,i_02317,i_01849,i_01523,i_14604,i_09052
u_01346,i_10316,i_02786,i_05394,i_13690,i_04692,i_08132,i_24980,i_14604,i_01937,i_03773
u_01347,i_01468,i_31921,i_21094,i_17626,i_00506,i_00062,i_24980,i_14604,i_17389,i_25690
u_01348,i_02786,i_10316,i_01937,i_00037,i_01523,i_14604,i_18139,i_02276,i_03829,i_02380
u_01349,i_01827,i_29117,i_02559,i_14120,i_00122,i_02725,i_03397,i_24980,i_03866,i_02228
u_01350,i_08518,i_02228,i_03302,i_02725,i_00145,i_01849,i_06450,i_11373,i_09124,i_15005
u_01351,i_01076,i_00279,i_08293,i_02282,i_02317,i_18139,i_25690,i_13651,i_00362,i_00011
u_01352,i_10316,i_24696,i_02209,i_05493,i_02406,i_22342,i_09591,i_07370,i_01746,i_00586
u_01353,i_08091,i_14604,i_01468,i_10353,i_21094,i_06228,i_10316,i_02136,i_31952,i_08560
u_01354,i_24980,i_09345,i_02954,i_01523,i_02786,i_01075,i_32048,i_00716,i_01849,i_00037
u_01355,i_01111,i_04480,i_01135,i_03869,i_02634,i_01993,i_02269,i_10057,i_02631,i_27051
u_01356,i_14604,i_05267,i_02786,i_01430,i_04578,i_08862,i_05394,i_00062,i_11365,i_08191
u_01357,i_01468,i_01523,i_03590,i_14604,i_05472,i_01937,i_01111,i_05267,i_10316,i_27051
u_01358,i_06241,i_01206,i_12901,i_18312,i_00077,i_00440,i_21094,i_08881,i_31921,i_17670
u_01359,i_00037,i_02380,i_00122,i_14604,i_08132,i_03773,i_11910,i_21094,i_01468,i_02299
u_01360,i_05267,i_17626,i_05394,i_01937,i_10120,i_01523,i_06441,i_08539,i_00126,i_14604
u_01361,i_21094,i_08560,i_08091,i_01849,i_11408,i_10353,i_07587,i_26940,i_03302,i_01993
u_01362,i_00922,i_24980,i_21094,i_00122,i_27675,i_00311,i_17108,i_17626,i_31946,i_22342
u_01363,i_01480,i_04102,i_31903,i_17924,i_10518,i_31983,i_05188,i_28982,i_07576,i_28593
u_01364,i_01741,i_10316,i_24980,i_01764,i_00122,i_00930,i_12430,i_17626,i_24302,i_00389
u_01365,i_03590,i_17626,i_17389,i_01135,i_02280,i_27051,i_02154,i_03319,i_27030,i_21094
u_01366,i_10316,i_01937,i_17626,i_02786,i_14604,i_00122,i_01523,i_01468,i_24980,i_01537
u_01367,i_07752,i_09345,i_13084,i_31952,i_14604,i_01827,i_16877,i_11373,i_00724,i_00057
u_01368,i_01480,i_08518,i_22342,i_31741,i_11910,i_21094,i_10316,i_00462,i_01054,i_00122
u_01369,i_01135,i_12430,i_01535,i_02321,i_00755,i_02563,i_02121,i_02407,i_01111,i_02382
u_01370,i_10057,i_02393,i_27051,i_10316,i_05103,i_00793,i_04585,i_01468,i_14604,i_01111
u_01371,i_14604,i_17626,i_01480,i_00054,i_17924,i_02755,i_03590,i_21033,i_24980,i_00122
u_01372,i_10316,i_03568,i_02235,i_01741,i_00506,i_28880,i_02280,i_00395,i_31741,i_04413
u_01373,i_21094,i_16877,i_00077,i_10316,i_02954,i_06068,i_01523,i_01545,i_31921,i_05267
u_01374,i_10316,i_02136,i_00122,i_05472,i_02317,i_17626,i_02380,i_00062,i_02297,i_01523
u_01375,i_00122,i_05267,i_02786,i_14604,i_24980,i_00377,i_05394,i_10316,i_01044,i_00523
u_01376,i_07520,i_08713,i_02415,i_25690,i_01937,i_01923,i_26885,i_01523,i_31921,i_17108
u_01377,i_02321,i_01439,i_02382,i_11373,i_06228,i_12430,i_01476,i_00057,i_21094,i_02276
u_01378,i_00122,i_09383,i_17626,i_02631,i_03404,i_14604,i_05267,i_10316,i_11373,i_02382
u_01379,i_01486,i_00122,i_01111,i_13670,i_05103,i_00724,i_02703,i_02228,i_07050,i_03907
u_01380,i_05267,i_05439,i_02409,i_02786,i_01937,i_01523,i_05416,i_17626,i_13489,i_05394
u_01381,i_02022,i_09275,i_06223,i_01480,i_31903,i_11055,i_11373,i_14604,i_02786,i_22342
u_01382,i_11373,i_10316,i_05762,i_01937,i_01480,i_01111,i_00122,i_11910,i_00540,i_10120
u_01383,i_11373,i_12282,i_07089,i_13084,i_00122,i_05354,i_11055,i_10316,i_18333,i_01202
u_01384,i_01135,i_00122,i_00389,i_16877,i_15902,i_13253,i_01496,i_02442,i_10316,i_03397
u_01385,i_01468,i_10316,i_14604,i_32112,i_02786,i_03773,i_00062,i_00389,i_01810,i_16700
u_01386,i_00468,i_01523,i_28982,i_00948,i_01480,i_09275,i_10316,i_02334,i_13651,i_24980
u_01387,i_02415,i_01798,i_05267,i_01485,i_01523,i_01937,i_26936,i_13651,i_25690,i_00122
u_01388,i_23026,i_03866,i_15077,i_03865,i_02313,i_17626,i_21094,i_01545,i_05407,i_22342
u_01389,i_00122,i_02563,i_29117,i_02631,i_12430,i_01476,i_24980,i_02725,i_01496,i_00725
u_01390,i_06228,i_04418,i_10316,i_03829,i_00724,i_24980,i_14604,i_10120,i_12786,i_00062
u_01391,i_21094,i_31921,i_10316,i_24980,i_31952,i_00724,i_14604,i_00506,i_01486,i_05267
u_01392,i_14604,i_24980,i_10316,i_06228,i_02136,i_11373,i_05103,i_17626,i_01849,i_01480
u_01393,i_10316,i_09052,i_01111,i_05267,i_07370,i_09934,i_14604,i_02136,i_03773,i_01937
u_01394,i_07263,i_05407,i_02136,i_10120,i_17626,i_01523,i_14604,i_05493,i_02786,i_21094
u_01395,i_10316,i_00433,i_06228,i_02786,i_03319,i_01486,i_14604,i_02235,i_07370,i_11373
u_01396,i_01523,i_05267,i_05472,i_25690,i_10316,i_01486,i_01480,i_02596,i_01468,i_01912
u_01397,i_13611,i_00725,i_07389,i_08116,i_17660,i_15802,i_08439,i_13084,i_08539,i_09345
u_01398,i_08193,i_10316,i_05354,i_09842,i_06228,i_06241,i_19432,i_09635,i_01827,i_11543
u_01399,i_14604,i_01480,i_21094,i_01523,i_06228,i_10316,i_01468,i_01937,i_17119,i_02111
u_01400,i_10316,i_00433,i_02393,i_21094,i_12141,i_01486,i_04504,i_01764,i_22342,i_24696
u_01401,i_02321,i_24980,i_14604,i_02382,i_01424,i_02228,i_32108,i_29117,i_01111,i_11373
u_01402,i_09345,i_14604,i_24980,i_08191,i_04692,i_12772,i_00037,i_00724,i_27097,i_00782
u_01403,i_01468,i_10316,i_01746,i_01480,i_21094,i_01764,i_02786,i_17626,i_14604,i_03773
u_01404,i_26940,i_21094,i_14604,i_24980,i_01523,i_02229,i_01468,i_00122,i_17626,i_00126
u_01405,i_21094,i_02282,i_14604,i_00724,i_01523,i_02631,i_00122,i_01486,i_11373,i_01111
u_01406,i_10316,i_09383,i_04181,i_01468,i_05024,i_03590,i_01523,i_02634,i_02111,i_02285
u_01407,i_10316,i_14604,i_01480,i_17626,i_01485,i_10120,i_24980,i_02786,i_11910,i_00122
u_01408,i_05267,i_02786,i_01523,i_14604,i_17626,i_10316,i_00122,i_04478,i_01485,i_02317
u_01409,i_01111,i_05677,i_14604,i_07016,i_15346,i_07567,i_08560,i_10316,i_04221,i_01644
u_01410,i_06001,i_00793,i_15802,i_03302,i_02634,i_04221,i_03590,i_10996,i_10120,i_08638
u_01411,i_00122,i_02382,i_02631,i_08895,i_06228,i_03567,i_04033,i_10316,i_32018,i_11373
u_01412,i_02786,i_05267,i_01808,i_01111,i_17108,i_31921,i_01937,i_01523,i_01539,i_12430
u_01413,i_02786,i_01937,i_01523,i_04191,i_05797,i_08713,i_04523,i_17626,i_14604,i_01468
u_01414,i_01111,i_12562,i_14604,i_02786,i_17626,i_00122,i_24980,i_11373,i_01937,i_10316
u_01415,i_14604,i_02786,i_01523,i_02415,i_05267,i_01468,i_00062,i_11365,i_03829,i_14115
u_01416,i_24980,i_01523,i_01468,i_17626,i_10316,i_01937,i_01111,i_02786,i_02393,i_21094
u_01417,i_01480,i_00922,i_01468,i_17626,i_08713,i_21094,i_22342,i_17119,i_02683,i_24980
u_01418,i_04181,i_02209,i_01479,i_10316,i_03590,i_01111,i_00122,i_01523,i_09442,i_02359
u_01419,i_08191,i_00122,i_02382,i_17108,i_05267,i_06228,i_11373,i_02541,i_02111,i_13084
u_01420,i_06241,i_02782,i_31952,i_01097,i_03485,i_21094,i_02101,i_14115,i_06017,i_06228
u_01421,i_02786,i_01523,i_04480,i_14604,i_11373,i_04692,i_04181,i_10120,i_03302,i_14074
u_01422,i_08544,i_08258,i_04221,i_12629,i_12687,i_17626,i_15802,i_16607,i_06228,i_10316
u_01423,i_08881,i_02297,i_24980,i_02317,i_00122,i_00428,i_31921,i_03829,i_00023,i_17108
u_01424,i_01111,i_02786,i_06228,i_10316,i_01937,i_14248,i_24980,i_11373,i_04692,i_11047
u_01425,i_13547,i_14248,i_04984,i_13253,i_00145,i_04679,i_11107,i_11800,i_10781,i_11386
u_01426,i_00158,i_01480,i_00506,i_24980,i_10316,i_21094,i_14604,i_00440,i_00075,i_28278
u_01427,i_01937,i_01523,i_02786,i_01468,i_05797,i_12728,i_17108,i_05267,i_05472,i_11487
u_01428,i_12566,i_24980,i_08428,i_32108,i_09711,i_02276,i_12282,i_10316,i_03319,i_09303
u_01429,i_13084,i_07567,i_08784,i_21520,i_15802,i_11373,i_11543,i_02228,i_13823,i_03397
u_01430,i_10316,i_04480,i_00793,i_10057,i_01485,i_01993,i_11548,i_31950,i_00389,i_11373
u_01431,i_03689,i_02634,i_01111,i_00793,i_02209,i_11409,i_03590,i_11887,i_04181,i_05431
u_01432,i_11373,i_17626,i_14604,i_01523,i_05439,i_09345,i_10316,i_11386,i_02720,i_02786
u_01433,i_00075,i_00878,i_24980,i_04186,i_02090,i_31913,i_04544,i_02100,i_01243,i_02319
u_01434,i_01523,i_17626,i_05472,i_02786,i_10316,i_24980,i_01111,i_10120,i_14604,i_08132
u_01435,i_02136,i_24019,i_00062,i_07370,i_10409,i_10509,i_00586,i_18032,i_02317,i_03262
u_01436,i_05677,i_14604,i_02392,i_14115,i_01111,i_11373,i_05786,i_21094,i_06783,i_01486
u_01437,i_01523,i_01937,i_00062,i_02596,i_11483,i_08713,i_02415,i_10316,i_01468,i_14115
u_01438,i_05267,i_05394,i_01468,i_10316,i_24980,i_01523,i_00122,i_01937,i_11373,i_04580
u_01439,i_10316,i_02786,i_14604,i_01746,i_01111,i_17626,i_01485,i_11771,i_11373,i_31921
u_01440,i_01741,i_10316,i_14604,i_24980,i_17108,i_17626,i_00122,i_02683,i_08091,i_09070
u_01441,i_06228,i_03678,i_09345,i_14604,i_14173,i_01545,i_05835,i_12785,i_02954,i_04442
u_01442,i_05354,i_01476,i_11373,i_01827,i_24980,i_02720,i_01496,i_16877,i_12282,i_04191
u_01443,i_10316,i_02786,i_01111,i_17626,i_02317,i_13084,i_06228,i_05354,i_06951,i_01937
u_01444,i_01158,i_01821,i_00057,i_22342,i_01129,i_01539,i_29600,i_07567,i_01111,i_01165
u_01445,i_14604,i_11373,i_02786,i_24980,i_05109,i_11348,i_05652,i_03797,i_11910,i_05394
u_01446,i_17626,i_01111,i_01539,i_02321,i_01135,i_14604,i_02382,i_25828,i_02235,i_32108
u_01447,i_08784,i_05352,i_10425,i_02764,i_06951,i_16945,i_00725,i_08258,i_02090,i_07126
u_01448,i_09591,i_01746,i_01523,i_02382,i_00433,i_31950,i_00506,i_31921,i_08831,i_00389
u_01449,i_01111,i_02786,i_10316,i_01523,i_01486,i_04504,i_02827,i_07370,i_17626,i_01937
u_01450,i_02786,i_00865,i_17108,i_17626,i_01523,i_10316,i_02154,i_14604,i_03678,i_01468
u_01451,i_02382,i_02563,i_01479,i_02631,i_01135,i_01111,i_12072,i_13690,i_10316,i_04692
u_01452,i_10316,i_11373,i_02228,i_06228,i_10808,i_24980,i_01111,i_01468,i_00523,i_15005
u_01453,i_00122,i_24980,i_01480,i_06228,i_11373,i_31952,i_10316,i_01468,i_04221,i_03262
u_01454,i_18681,i_04578,i_00126,i_01798,i_01430,i_00377,i_14604,i_24980,i_02786,i_00791
u_01455,i_21691,i_09842,i_11800,i_29117,i_09595,i_10781,i_10316,i_03397,i_11047,i_12320
u_01456,i_10316,i_01468,i_01480,i_02786,i_01849,i_04504,i_17626,i_00470,i_02317,i_02136
u_01457,i_01937,i_10316,i_11548,i_17626,i_03829,i_01468,i_06228,i_14604,i_01523,i_14115
u_01458,i_04585,i_01111,i_02631,i_03438,i_02382,i_05024,i_05901,i_01135,i_17687,i_09345
u_01459,i_02382,i_16877,i_01135,i_29164,i_00057,i_01496,i_01476,i_02631,i_01539,i_02786
u_01460,i_21094,i_00506,i_02786,i_27675,i_00091,i_00362,i_02136,i_04413,i_01486,i_24980
u_01461,i_00122,i_17626,i_24980,i_02382,i_31952,i_00761,i_18312,i_01827,i_12430,i_10910
u_01462,i_02786,i_00062,i_01937,i_10316,i_07520,i_04578,i_14604,i_14115,i_17626,i_02317
u_01463,i_07263,i_01486,i_01135,i_17626,i_01480,i_02228,i_02382,i_02280,i_24980,i_00122
u_01464,i_01111,i_05267,i_14604,i_17626,i_11373,i_24980,i_02321,i_00377,i_02786,i_07260
u_01465,i_14604,i_01111,i_01937,i_01523,i_02786,i_10316,i_03773,i_17626,i_08132,i_02111
u_01466,i_10316,i_05103,i_21094,i_03829,i_09182,i_00362,i_04341,i_13690,i_02317,i_21012
u_01467,i_11373,i_09010,i_13023,i_17831,i_05418,i_13621,i_02782,i_09635,i_11107,i_03781
u_01468,i_03601,i_00482,i_29164,i_01135,i_01111,i_02382,i_09345,i_03616,i_17108,i_05394
u_01469,i_09383,i_10316,i_11310,i_24980,i_14604,i_00122,i_05267,i_05394,i_01111,i_02786
u_01470,i_24980,i_08518,i_14604,i_00395,i_31946,i_00122,i_00440,i_17626,i_02382,i_01486
u_01471,i_06017,i_12282,i_00725,i_02520,i_12785,i_02563,i_02228,i_00716,i_09345,i_03397
u_01472,i_05267,i_14604,i_02229,i_11047,i_09182,i_11569,i_01111,i_01485,i_02274,i_10316
u_01473,i_11373,i_10316,i_00075,i_03773,i_13084,i_01523,i_03262,i_10781,i_12430,i_00154
u_01474,i_04377,i_10316,i_14604,i_01523,i_01937,i_08091,i_02786,i_01849,i_31921,i_06228
u_01475,i_14604,i_00122,i_24980,i_21094,i_06228,i_10316,i_01468,i_01480,i_01476,i_01523
u_01476,i_07525,i_02741,i_05748,i_10941,i_06130,i_04732,i_29164,i_02683,i_17108,i_06228
u_01477,i_10316,i_13841,i_11373,i_10409,i_00075,i_24980,i_02105,i_00311,i_01486,i_00506
u_01478,i_01480,i_01798,i_02786,i_00011,i_17626,i_00315,i_01808,i_14604,i_25535,i_11910
u_01479,i_14604,i_02100,i_03829,i_00724,i_27051,i_21094,i_06397,i_03604,i_06068,i_09345
u_01480,i_00776,i_13841,i_02683,i_10316,i_06228,i_01827,i_06952,i_00922,i_00075,i_16877
u_01481,i_14604,i_01937,i_01998,i_11373,i_26649,i_11047,i_13084,i_08754,i_04692,i_09345
u_01482,i_10316,i_01111,i_11373,i_18333,i_01468,i_24980,i_01937,i_01480,i_01998,i_02631
u_01483,i_01937,i_07520,i_02415,i_02786,i_14604,i_05188,i_00037,i_02507,i_02334,i_11483
u_01484,i_09842,i_01135,i_05213,i_01523,i_01485,i_04692,i_05797,i_01937,i_04181,i_02541
u_01485,i_02228,i_01496,i_03567,i_03866,i_02209,i_05418,i_00716,i_00122,i_16877,i_02382
u_01486,i_01111,i_13850,i_17734,i_13761,i_19432,i_08544,i_00145,i_05761,i_04221,i_02831
u_01487,i_10316,i_17626,i_14604,i_01468,i_24980,i_01523,i_01741,i_00586,i_01480,i_14221
u_01488,i_10316,i_07370,i_14604,i_05103,i_02786,i_06533,i_03866,i_02318,i_01523,i_02209
u_01489,i_10316,i_14604,i_08193,i_02276,i_24980,i_02382,i_04207,i_05212,i_17626,i_11373
u_01490,i_14604,i_08091,i_11408,i_15802,i_07587,i_01111,i_08560,i_05439,i_08638,i_04221
u_01491,i_06228,i_17626,i_24980,i_00122,i_01097,i_10316,i_16877,i_07255,i_21094,i_01545
u_01492,i_09182,i_01479,i_15902,i_06228,i_09591,i_14173,i_14651,i_02786,i_01827,i_08754
u_01493,i_02417,i_02786,i_05472,i_02380,i_02235,i_01479,i_03616,i_02209,i_01468,i_03319
u_01494,i_29639,i_29600,i_12430,i_24980,i_00122,i_29117,i_01539,i_01496,i_02080,i_02313
u_01495,i_04181,i_11548,i_08193,i_03590,i_06228,i_10316,i_07370,i_04478,i_04692,i_09842
u_01496,i_14604,i_17626,i_06466,i_10316,i_06228,i_01479,i_02279,i_01993,i_00724,i_08193
u_01497,i_14604,i_10120,i_05267,i_01111,i_01523,i_10316,i_01937,i_09052,i_05416,i_00062
u_01498,i_14604,i_01937,i_06228,i_01468,i_02111,i_00122,i_10316,i_00724,i_02786,i_02541
u_01499,i_21094,i_17626,i_24980,i_02282,i_00724,i_01468,i_02120,i_31921,i_14604,i_01988
u_01500,i_14604,i_02786,i_10316,i_31903,i_17626,i_01827,i_01468,i_10518,i_01135,i_01111
u_01501,i_03866,i_03829,i_24980,i_17626,i_00755,i_11373,i_07567,i_00716,i_01451,i_02631
u_01502,i_04585,i_05103,i_02786,i_01993,i_02136,i_17626,i_02393,i_01764,i_03773,i_00389
u_01503,i_11107,i_01545,i_06228,i_11373,i_01827,i_05354,i_11600,i_01165,i_16216,i_15902
u_01504,i_03468,i_03829,i_02209,i_01479,i_04413,i_01468,i_02380,i_14221,i_02136,i_10316
u_01505,i_02786,i_00122,i_14604,i_24980,i_00755,i_10316,i_13084,i_01468,i_01111,i_11373
u_01506,i_08518,i_17626,i_04692,i_10316,i_02786,i_02380,i_04186,i_03829,i_02231,i_02541
u_01507,i_02229,i_08191,i_32129,i_05267,i_12075,i_06441,i_10930,i_14808,i_08862,i_05167
u_01508,i_02786,i_11365,i_01523,i_13705,i_05267,i_02676,i_14604,i_11910,i_02827,i_01111
u_01509,i_02764,i_06327,i_22091,i_14987,i_09032,i_08855,i_10941,i_05174,i_14989,i_05546
u_01510,i_05267,i_14808,i_02786,i_10316,i_05394,i_14604,i_11373,i_17626,i_08132,i_00377
u_01511,i_02235,i_07370,i_10316,i_00586,i_01480,i_24980,i_28547,i_14604,i_00433,i_01746
u_01512,i_24980,i_02334,i_10518,i_05187,i_25535,i_08713,i_04102,i_17924,i_11910,i_17923
u_01513,i_02786,i_02228,i_00586,i_28278,i_01827,i_21094,i_29117,i_01480,i_08539,i_00122
u_01514,i_03262,i_02563,i_24980,i_10316,i_17626,i_07567,i_08132,i_14604,i_02276,i_02382
u_01515,i_01111,i_05439,i_10316,i_08132,i_07524,i_04692,i_01468,i_10120,i_09948,i_01998
u_01516,i_24980,i_02786,i_01523,i_17626,i_00122,i_14604,i_21094,i_10316,i_01468,i_01111
u_01517,i_01523,i_01111,i_11032,i_10781,i_11569,i_09449,i_11386,i_02954,i_00716,i_10316
u_01518,i_28982,i_10518,i_00365,i_00311,i_17626,i_01486,i_17924,i_09077,i_04549,i_21094
u_01519,i_00122,i_01451,i_06228,i_17626,i_11373,i_10316,i_01937,i_13084,i_00377,i_15005
u_01520,i_09137,i_08754,i_01937,i_05439,i_09345,i_08191,i_06441,i_17626,i_11716,i_08862
u_01521,i_02101,i_02382,i_11373,i_32108,i_02100,i_03866,i_05034,i_12430,i_09659,i_02112
u_01522,i_11543,i_02541,i_01807,i_13690,i_01485,i_03404,i_17108,i_02634,i_11373,i_02380
u_01523,i_12135,i_06491,i_13084,i_08191,i_01135,i_04480,i_16837,i_13883,i_02764,i_02111
u_01524,i_02786,i_04692,i_01111,i_01523,i_10316,i_03926,i_17626,i_02442,i_14604,i_12072
u_01525,i_04089,i_06228,i_01495,i_17622,i_14452,i_04191,i_22342,i_00122,i_06754,i_11386
u_01526,i_05212,i_08193,i_00395,i_02359,i_29175,i_02228,i_02276,i_02736,i_00389,i_09345
u_01527,i_00776,i_04527,i_02273,i_03262,i_02954,i_01485,i_02495,i_01111,i_03302,i_02228
u_01528,i_02120,i_08082,i_12263,i_00540,i_11800,i_19252,i_04340,i_14074,i_09345,i_00716
u_01529,i_29117,i_00122,i_02609,i_02228,i_03397,i_02725,i_11373,i_01496,i_02090,i_07567
u_01530,i_01480,i_10316,i_17626,i_24980,i_00122,i_21094,i_02631,i_02786,i_14604,i_06228
u_01531,i_24980,i_17626,i_11373,i_10316,i_00122,i_03302,i_14604,i_01523,i_15902,i_00145
u_01532,i_10316,i_05472,i_17626,i_01468,i_01111,i_14604,i_01937,i_03689,i_02507,i_09182
u_01533,i_02786,i_10316,i_00062,i_05797,i_01111,i_02596,i_04692,i_11047,i_00073,i_03773
u_01534,i_01480,i_14604,i_10316,i_02786,i_24980,i_05493,i_00122,i_07089,i_04102,i_25535
u_01535,i_05267,i_01937,i_02786,i_18681,i_01430,i_00062,i_07171,i_14115,i_01798,i_14604
u_01536,i_09345,i_04434,i_09595,i_03397,i_15902,i_01937,i_15021,i_13290,i_13084,i_16710
u_01537,i_03262,i_02786,i_14604,i_17626,i_01480,i_13841,i_01523,i_10316,i_01746,i_06228
u_01538,i_04602,i_10353,i_10316,i_19530,i_06228,i_21094,i_09934,i_02393,i_02098,i_09976
u_01539,i_31993,i_10316,i_24980,i_17626,i_02786,i_14604,i_06228,i_04033,i_08091,i_14808
u_01540,i_24980,i_14604,i_28982,i_01937,i_17626,i_10316,i_05267,i_03773,i_11910,i_01111
u_01541,i_10316,i_03468,i_02317,i_11537,i_02209,i_01937,i_01486,i_02079,i_05493,i_01645
u_01542,i_11548,i_17108,i_27051,i_17626,i_10120,i_01485,i_10316,i_06228,i_01937,i_00062
u_01543,i_27051,i_01993,i_04181,i_04171,i_08193,i_10057,i_02359,i_03319,i_02136,i_03803
u_01544,i_00761,i_01993,i_02563,i_13761,i_08193,i_01479,i_10057,i_01827,i_05493,i_09442
u_01545,i_02228,i_01158,i_11373,i_02725,i_01129,i_12430,i_03907,i_02382,i_08116,i_01476
u_01546,i_06228,i_13841,i_06951,i_01923,i_06952,i_24980,i_02380,i_17831,i_08518,i_00725
u_01547,i_01468,i_14604,i_08355,i_05677,i_24980,i_21094,i_10316,i_01111,i_05267,i_11154
u_01548,i_04480,i_08193,i_01993,i_01523,i_03319,i_02380,i_02786,i_00037,i_09591,i_04221
u_01549,i_05272,i_02136,i_02380,i_00073,i_02317,i_25690,i_03468,i_01912,i_05472,i_03829
u_01550,i_03262,i_06228,i_17831,i_09834,i_13841,i_13291,i_12282,i_10258,i_13775,i_14796
u_01551,i_00776,i_13841,i_21094,i_17626,i_06952,i_00122,i_12157,i_04191,i_08518,i_02136
u_01552,i_24980,i_01111,i_02786,i_17626,i_01937,i_05267,i_11910,i_01480,i_00122,i_10316
u_01553,i_01937,i_02091,i_02786,i_01523,i_05472,i_05439,i_02415,i_05191,i_12072,i_03590
u_01554,i_02600,i_24980,i_02282,i_25690,i_02786,i_00122,i_01480,i_02318,i_17626,i_00251
u_01555,i_10316,i_21094,i_01937,i_11373,i_02786,i_01468,i_00122,i_01111,i_13084,i_01808
u_01556,i_00122,i_32048,i_03397,i_06534,i_16877,i_09592,i_03678,i_04692,i_00062,i_00145
u_01557,i_01468,i_14604,i_21094,i_01937,i_00428,i_06792,i_01129,i_01111,i_17626,i_24980
u_01558,i_00122,i_14604,i_00395,i_00755,i_01135,i_05267,i_01849,i_24980,i_01485,i_02111
u_01559,i_10316,i_00586,i_17626,i_01736,i_01746,i_14604,i_02786,i_21094,i_01486,i_01523
u_01560,i_04413,i_03468,i_10316,i_01111,i_13841,i_21094,i_02380,i_03319,i_09591,i_01645
u_01561,i_01937,i_05267,i_02786,i_00162,i_11910,i_07520,i_01468,i_01430,i_02827,i_01480
u_01562,i_10316,i_02136,i_06228,i_14604,i_11373,i_00122,i_01827,i_17626,i_02276,i_00091
u_01563,i_24481,i_22515,i_23464,i_26255,i_21950,i_22134,i_32048,i_15005,i_09009,i_12320
u_01564,i_24980,i_08596,i_01545,i_06228,i_03085,i_11386,i_10202,i_01075,i_09635,i_11373
u_01565,i_02382,i_02634,i_02725,i_01135,i_02321,i_17108,i_01827,i_02228,i_00395,i_01206
u_01566,i_02079,i_12901,i_24980,i_03829,i_02317,i_01202,i_07260,i_00023,i_13031,i_03590
u_01567,i_04191,i_09380,i_02111,i_05899,i_02380,i_17108,i_01545,i_01523,i_05472,i_03678
u_01568,i_01430,i_01937,i_31903,i_14604,i_01468,i_14808,i_03819,i_02786,i_17108,i_00428
u_01569,i_00922,i_01480,i_02683,i_24980,i_31946,i_00506,i_31741,i_22342,i_21094,i_17626
u_01570,i_14604,i_00122,i_32129,i_02786,i_11373,i_05394,i_06441,i_14808,i_00037,i_01937
u_01571,i_17626,i_15181,i_10316,i_01480,i_01486,i_02136,i_02317,i_04377,i_21094,i_18031
u_01572,i_00075,i_04191,i_02319,i_01480,i_12430,i_00122,i_01541,i_24980,i_16877,i_21094
u_01573,i_13998,i_03773,i_11910,i_06228,i_08132,i_08544,i_18217,i_01998,i_10509,i_05394
u_01574,i_10316,i_01645,i_03678,i_14221,i_27051,i_14115,i_04413,i_21094,i_13670,i_01523
u_01575,i_01480,i_11373,i_06241,i_01468,i_12430,i_11047,i_01496,i_10316,i_04191,i_10781
u_01576,i_03773,i_00506,i_21094,i_18031,i_00470,i_00922,i_10316,i_19432,i_00433,i_09934
u_01577,i_14604,i_13651,i_07520,i_05267,i_31903,i_03151,i_00011,i_01808,i_01430,i_21094
u_01578,i_12101,i_02380,i_02111,i_01111,i_24980,i_01485,i_00724,i_04585,i_02541,i_01923
u_01579,i_00122,i_01479,i_14604,i_24980,i_21094,i_08132,i_10316,i_11047,i_01111,i_05664
u_01580,i_10057,i_14221,i_03302,i_20084,i_01479,i_09592,i_03309,i_02279,i_09124,i_04480
u_01581,i_28982,i_00470,i_00506,i_10518,i_31952,i_02213,i_06228,i_14604,i_02786,i_00075
u_01582,i_04692,i_02111,i_02313,i_05472,i_04186,i_13084,i_02380,i_11373,i_09345,i_02541
u_01583,i_03151,i_28982,i_10316,i_21094,i_06466,i_31921,i_17924,i_00011,i_24302,i_02334
u_01584,i_00122,i_16877,i_02382,i_06228,i_01496,i_02631,i_00057,i_02313,i_02276,i_08895
u_01585,i_14604,i_05267,i_17626,i_10316,i_05394,i_02786,i_31921,i_01523,i_01937,i_24980
u_01586,i_10316,i_21094,i_01111,i_05296,i_02786,i_17626,i_24980,i_02136,i_01937,i_06228
u_01587,i_31946,i_02380,i_31952,i_03773,i_01849,i_11910,i_02136,i_02276,i_02683,i_05472
u_01588,i_10316,i_02235,i_02786,i_01937,i_24980,i_00062,i_02599,i_01111,i_01099,i_14604
u_01589,i_05797,i_02786,i_01523,i_09275,i_24980,i_14173,i_06228,i_09436,i_09345,i_01111
u_01590,i_00724,i_31946,i_24980,i_31952,i_01746,i_01480,i_14604,i_00311,i_17626,i_00075
u_01591,i_13031,i_02786,i_02136,i_21094,i_15181,i_00462,i_01097,i_01522,i_01645,i_00054
u_01592,i_01480,i_17108,i_02136,i_02683,i_02317,i_05103,i_07370,i_02280,i_05493,i_06228
u_01593,i_32129,i_21094,i_25535,i_31921,i_01808,i_10316,i_01468,i_02334,i_05786,i_09383
u_01594,i_10316,i_21094,i_01523,i_02596,i_31921,i_02282,i_14604,i_05272,i_01798,i_01937
u_01595,i_05103,i_00586,i_01486,i_02280,i_02317,i_17626,i_10316,i_31952,i_02136,i_04221
u_01596,i_02136,i_04504,i_01849,i_05267,i_00433,i_14604,i_08132,i_03151,i_21094,i_01937
u_01597,i_02154,i_08193,i_32021,i_00389,i_02786,i_01937,i_15708,i_00395,i_21094,i_01430
u_01598,i_11369,i_24980,i_02316,i_09070,i_17108,i_03866,i_10781,i_17626,i_09345,i_32048
u_01599,i_14651,i_04478,i_04692,i_01807,i_01937,i_11047,i_17626,i_16633,i_03678,i_10316
u_01600,i_10316,i_14604,i_01849,i_01937,i_00062,i_01485,i_24980,i_02786,i_02136,i_01111
u_01601,i_01937,i_01523,i_02786,i_06882,i_10316,i_11047,i_05797,i_03829,i_02136,i_17108
u_01602,i_00755,i_15067,i_12428,i_02487,i_32048,i_08660,i_00122,i_25332,i_02321,i_02274
u_01603,i_10316,i_01468,i_00122,i_00062,i_01523,i_05267,i_14604,i_02317,i_09383,i_01937
u_01604,i_02741,i_04602,i_07587,i_08091,i_09070,i_04603,i_09591,i_02235,i_02393,i_10353
u_01605,i_03480,i_13023,i_05418,i_19978,i_22515,i_10972,i_21691,i_15922,i_23464,i_32048
u_01606,i_24980,i_14604,i_01111,i_01468,i_01476,i_00122,i_05354,i_02228,i_10316,i_11373
u_01607,i_02786,i_01937,i_01523,i_08713,i_02415,i_02596,i_14115,i_11487,i_02317,i_10316
u_01608,i_02786,i_01937,i_14604,i_01798,i_01468,i_18681,i_17626,i_01923,i_28984,i_01810
u_01609,i_03781,i_01827,i_03302,i_21691,i_05418,i_19978,i_10995,i_10120,i_02954,i_16877
u_01610,i_14604,i_04692,i_01523,i_01937,i_05267,i_23257,i_08132,i_13690,i_02786,i_01111
u_01611,i_10316,i_00586,i_31741,i_01764,i_01746,i_02359,i_01741,i_10120,i_02380,i_14221
u_01612,i_10316,i_00122,i_11373,i_02631,i_03865,i_01468,i_14604,i_01523,i_17626,i_24980
u_01613,i_01480,i_14604,i_11373,i_06228,i_10316,i_03866,i_05354,i_08895,i_12430,i_00062
u_01614,i_05267,i_01937,i_10353,i_01523,i_08052,i_14604,i_17626,i_11355,i_08091,i_02031
u_01615,i_16276,i_16032,i_14933,i_19053,i_20416,i_20828,i_15907,i_13435,i_12320,i_14173
u_01616,i_01468,i_05267,i_02334,i_10316,i_01937,i_01798,i_00791,i_14604,i_01523,i_00126
u_01617,i_01937,i_02786,i_02209,i_17108,i_01523,i_02415,i_24980,i_17626,i_00037,i_02334
u_01618,i_01869,i_02090,i_02520,i_03866,i_09345,i_32048,i_05786,i_00540,i_00389,i_01808
u_01619,i_01111,i_00122,i_01807,i_01485,i_10316,i_00389,i_12101,i_02634,i_14604,i_06228
u_01620,i_01111,i_01523,i_27051,i_02380,i_03590,i_01135,i_17108,i_10316,i_04186,i_02359
u_01621,i_01798,i_00468,i_00011,i_14604,i_01523,i_01468,i_01937,i_02334,i_25690,i_01111
u_01622,i_10316,i_05472,i_00389,i_01486,i_27051,i_08193,i_04191,i_00311,i_00433,i_05212
u_01623,i_10316,i_07587,i_14604,i_05493,i_09070,i_11408,i_17626,i_21094,i_04603,i_17108
u_01624,i_13084,i_06228,i_17622,i_11373,i_11909,i_04298,i_01523,i_13423,i_04022,i_13845
u_01625,i_21094,i_14604,i_10316,i_05296,i_02136,i_01739,i_06533,i_04418,i_04377,i_03773
u_01626,i_02321,i_12430,i_05786,i_02228,i_16877,i_09345,i_01998,i_32129,i_32048,i_02313
u_01627,i_02755,i_06228,i_11373,i_10316,i_00122,i_01044,i_02359,i_08895,i_21094,i_05212
u_01628,i_11373,i_11543,i_11561,i_06228,i_10316,i_04181,i_04692,i_14221,i_15077,i_04679
u_01629,i_23906,i_26423,i_12223,i_27840,i_14808,i_30520,i_21139,i_20808,i_19907,i_30914
u_01630,i_05407,i_07524,i_01645,i_10316,i_03568,i_01202,i_02235,i_02317,i_00506,i_21094
u_01631,i_01486,i_05103,i_02136,i_10316,i_01293,i_00122,i_00145,i_02228,i_04585,i_03302
u_01632,i_02786,i_32040,i_24980,i_21094,i_05267,i_17626,i_01480,i_00155,i_01849,i_11910
u_01633,i_13670,i_01522,i_02725,i_00075,i_01165,i_00057,i_01496,i_00428,i_12901,i_17626
u_01634,i_05267,i_14115,i_24980,i_02786,i_01937,i_02079,i_00062,i_01998,i_10120,i_14808
u_01635,i_01480,i_11910,i_01468,i_00122,i_02786,i_10518,i_05267,i_04580,i_01486,i_00027
u_01636,i_05267,i_02786,i_14604,i_01523,i_11548,i_01111,i_11365,i_11305,i_10316,i_02415
u_01637,i_05267,i_05976,i_01937,i_01798,i_01523,i_04578,i_08052,i_05797,i_08754,i_18681
u_01638,i_13845,i_21475,i_25053,i_13844,i_14452,i_13691,i_11543,i_11107,i_03397,i_09303
u_01639,i_24980,i_31903,i_01480,i_32048,i_11373,i_11576,i_00037,i_01827,i_05786,i_21094
u_01640,i_14808,i_14604,i_08132,i_24980,i_03773,i_01937,i_31921,i_11047,i_11145,i_14173
u_01641,i_14604,i_17626,i_01480,i_01937,i_01468,i_05267,i_00122,i_05439,i_02786,i_10316
u_01642,i_00126,i_05394,i_02229,i_00395,i_09948,i_11569,i_09182,i_13122,i_02274,i_17626
u_01643,i_11590,i_01473,i_01993,i_17108,i_02786,i_01741,i_02683,i_00389,i_01480,i_10316
u_01644,i_03773,i_09345,i_21849,i_14808,i_10316,i_05267,i_04580,i_07171,i_05394,i_24980
u_01645,i_10316,i_01468,i_05439,i_01480,i_01486,i_21094,i_11910,i_07520,i_00433,i_10120
u_01646,i_31993,i_00428,i_00395,i_09345,i_24980,i_26940,i_00037,i_06450,i_21094,i_00523
u_01647,i_10316,i_24980,i_06228,i_31741,i_14604,i_10518,i_00311,i_00433,i_01827,i_00122
u_01648,i_24980,i_01468,i_01937,i_01523,i_14604,i_10316,i_11483,i_02415,i_08801,i_02786
u_01649,i_01480,i_31952,i_00037,i_11909,i_01111,i_14604,i_01468,i_24302,i_10518,i_21094
u_01650,i_02417,i_01807,i_01135,i_22136,i_04692,i_08815,i_01111,i_06739,i_01485,i_15630
u_01651,i_02786,i_07520,i_10316,i_01523,i_02415,i_01111,i_14604,i_24980,i_03773,i_17626
u_01652,i_10995,i_00122,i_03869,i_03397,i_02407,i_00716,i_01496,i_00755,i_01476,i_01451
u_01653,i_10316,i_24980,i_02154,i_11569,i_04692,i_17626,i_14604,i_08193,i_09948,i_01741
u_01654,i_01480,i_11910,i_31903,i_00365,i_10518,i_17923,i_01868,i_04102,i_13651,i_07576
u_01655,i_00922,i_18312,i_31946,i_15616,i_02228,i_24980,i_02683,i_00075,i_10316,i_16877
u_01656,i_02755,i_04585,i_02209,i_01135,i_01479,i_00395,i_32108,i_02380,i_05431,i_09442
u_01657,i_01451,i_02786,i_24980,i_14604,i_10316,i_01111,i_01937,i_17626,i_03869,i_00122
u_01658,i_05267,i_14604,i_01937,i_05439,i_01430,i_02786,i_07520,i_01798,i_03773,i_14808
u_01659,i_06228,i_03302,i_24980,i_00145,i_10316,i_02786,i_01111,i_00122,i_05354,i_02725
u_01660,i_00122,i_24980,i_01129,i_02631,i_01158,i_14604,i_16877,i_06883,i_01480,i_01496
u_01661,i_14808,i_04580,i_18801,i_00377,i_11543,i_02786,i_14604,i_18217,i_05394,i_09948
u_01662,i_01111,i_05267,i_01468,i_21094,i_11373,i_14604,i_02786,i_01523,i_09383,i_04679
u_01663,i_21094,i_02235,i_00922,i_08518,i_00057,i_00389,i_00554,i_17626,i_08895,i_02786
u_01664,i_01937,i_04578,i_02827,i_09345,i_05267,i_14808,i_02415,i_17626,i_14604,i_11548
u_01665,i_04603,i_09070,i_08091,i_07587,i_08560,i_10353,i_02786,i_02276,i_03797,i_02209
u_01666,i_28278,i_28508,i_02280,i_00155,i_28593,i_00470,i_00217,i_02786,i_07370,i_22342
u_01667,i_03773,i_14604,i_03151,i_00011,i_25690,i_01798,i_00062,i_01937,i_00027,i_17626
u_01668,i_10316,i_24980,i_14604,i_03773,i_21094,i_01468,i_01937,i_01111,i_02786,i_31921
u_01669,i_00310,i_01135,i_05852,i_24980,i_03878,i_06678,i_21094,i_05267,i_00428,i_00389
u_01670,i_11373,i_01202,i_18333,i_13084,i_14604,i_02786,i_02297,i_01135,i_10316,i_31741
u_01671,i_24980,i_21094,i_32040,i_14604,i_05835,i_02786,i_17626,i_11373,i_10316,i_14518
u_01672,i_03866,i_00075,i_02136,i_00433,i_06228,i_00506,i_00554,i_02100,i_24980,i_14604
u_01673,i_01111,i_11373,i_01937,i_06228,i_00062,i_13084,i_14604,i_02786,i_00126,i_03773
u_01674,i_02334,i_01937,i_09345,i_03829,i_11483,i_10930,i_14604,i_02031,i_11047,i_00473
u_01675,i_03806,i_00395,i_09072,i_01167,i_01479,i_02298,i_09345,i_05664,i_00389,i_12901
u_01676,i_01111,i_09383,i_05394,i_00122,i_02786,i_10316,i_24980,i_06432,i_01937,i_14604
u_01677,i_00724,i_14604,i_11373,i_08518,i_00122,i_31921,i_03525,i_05835,i_32040,i_17108
u_01678,i_14604,i_17626,i_24980,i_02631,i_02725,i_02563,i_02382,i_02407,i_02321,i_04580
u_01679,i_24980,i_11373,i_10316,i_21094,i_00506,i_00470,i_31952,i_01486,i_00922,i_17626
u_01680,i_01523,i_00122,i_01937,i_31952,i_01485,i_14604,i_10316,i_24980,i_14762,i_21094
u_01681,i_14604,i_02786,i_04578,i_04580,i_01430,i_01468,i_01523,i_01111,i_05439,i_10316
u_01682,i_00145,i_11373,i_00122,i_13084,i_10081,i_03397,i_06228,i_00725,i_01135,i_13253
u_01683,i_25690,i_02786,i_05272,i_02596,i_01937,i_01523,i_01486,i_10316,i_00073,i_01912
u_01684,i_13690,i_02111,i_02031,i_10316,i_04692,i_01523,i_03773,i_24980,i_01937,i_01904
u_01685,i_00037,i_32048,i_09345,i_05394,i_09182,i_05267,i_06228,i_10316,i_06450,i_00724
u_01686,i_00122,i_01111,i_10316,i_02111,i_14604,i_01468,i_21094,i_04181,i_05267,i_01937
u_01687,i_00725,i_10316,i_01523,i_02079,i_02080,i_02725,i_00037,i_01111,i_17670,i_01202
u_01688,i_01486,i_24980,i_05103,i_00122,i_02786,i_00362,i_17626,i_01293,i_17108,i_02136
u_01689,i_00776,i_11373,i_17626,i_01135,i_13841,i_24980,i_10316,i_06952,i_12282,i_12785
u_01690,i_02786,i_14604,i_01849,i_10316,i_31921,i_04418,i_01923,i_01486,i_24980,i_21094
u_01691,i_07567,i_02111,i_07126,i_00492,i_04221,i_29164,i_01485,i_00122,i_17108,i_08855
u_01692,i_14604,i_09345,i_11373,i_01746,i_10316,i_01480,i_02786,i_01764,i_24302,i_05493
u_01693,i_02786,i_01937,i_01523,i_05797,i_17108,i_08713,i_13127,i_08052,i_11483,i_04523
u_01694,i_01430,i_18681,i_01937,i_08754,i_01523,i_04578,i_01468,i_02786,i_05267,i_05349
u_01695,i_02228,i_15346,i_10226,i_13122,i_00724,i_04221,i_11373,i_06399,i_05762,i_08309
u_01696,i_28982,i_01480,i_00365,i_01468,i_17923,i_11590,i_17924,i_09275,i_04191,i_25535
u_01697,i_14604,i_00122,i_10316,i_00389,i_04692,i_11373,i_04181,i_24980,i_01485,i_01111
u_01698,i_02786,i_01937,i_14604,i_06228,i_31921,i_09275,i_11365,i_10316,i_06068,i_08862
u_01699,i_01111,i_10316,i_02786,i_21094,i_27051,i_01523,i_03319,i_02111,i_00389,i_02154
u_01700,i_05877,i_03866,i_03302,i_02382,i_02440,i_02725,i_01111,i_01215,i_29117,i_02313
u_01701,i_14604,i_00716,i_02313,i_12430,i_02786,i_28982,i_01496,i_10316,i_31946,i_05669
u_01702,i_03590,i_01479,i_04181,i_03319,i_02333,i_02380,i_27051,i_04480,i_02279,i_17626
u_01703,i_21094,i_13651,i_00928,i_00011,i_24980,i_14604,i_17626,i_05694,i_01849,i_02676
u_01704,i_17626,i_07524,i_05407,i_02317,i_07587,i_09070,i_00279,i_11355,i_04603,i_01522
u_01705,i_16183,i_05899,i_13547,i_02154,i_05212,i_08596,i_02279,i_00091,i_12141,i_07323
u_01706,i_14604,i_09383,i_00122,i_11373,i_17626,i_02631,i_02563,i_18801,i_28278,i_05786
u_01707,i_04523,i_13935,i_04692,i_12072,i_05698,i_09490,i_15568,i_01807,i_08543,i_01111
u_01708,i_01111,i_01942,i_03468,i_17108,i_01523,i_02136,i_04341,i_05267,i_04585,i_01937
u_01709,i_11373,i_10518,i_17923,i_14604,i_00122,i_17924,i_02334,i_00204,i_00306,i_01523
u_01710,i_01937,i_00062,i_02786,i_05267,i_11305,i_06412,i_01523,i_02031,i_10316,i_11483
u_01711,i_17660,i_02297,i_00122,i_11373,i_01496,i_03866,i_12430,i_01539,i_21094,i_17108
u_01712,i_04181,i_14604,i_06882,i_10316,i_00389,i_04480,i_07370,i_03773,i_14115,i_02333
u_01713,i_24980,i_02786,i_05267,i_10930,i_01937,i_08132,i_10316,i_14808,i_11910,i_09345
u_01714,i_17626,i_01480,i_10316,i_24980,i_00122,i_11373,i_01135,i_02276,i_00716,i_29164
u_01715,i_05212,i_08193,i_02276,i_01479,i_02279,i_01993,i_03319,i_03590,i_27051,i_02359
u_01716,i_11373,i_04221,i_07525,i_11786,i_10941,i_01993,i_07567,i_16276,i_05431,i_00122
u_01717,i_00122,i_11373,i_01480,i_01468,i_02631,i_12430,i_00057,i_10316,i_14604,i_01135
u_01718,i_01111,i_10316,i_02786,i_05493,i_01523,i_04181,i_05103,i_02209,i_03590,i_09934
u_01719,i_00122,i_17108,i_07263,i_01286,i_03866,i_08895,i_02235,i_02382,i_01432,i_02276
u_01720,i_11373,i_01523,i_21094,i_13084,i_01451,i_06533,i_23257,i_14604,i_01111,i_00122
u_01721,i_10316,i_06228,i_13779,i_04191,i_00122,i_11373,i_09052,i_00057,i_01496,i_01523
u_01722,i_08518,i_00870,i_10316,i_03568,i_00311,i_00075,i_01827,i_00122,i_01097,i_18139
u_01723,i_14604,i_01111,i_11373,i_10316,i_24980,i_01937,i_01468,i_08862,i_00755,i_00122
u_01724,i_02786,i_00062,i_01937,i_11910,i_02317,i_05267,i_01808,i_14115,i_05797,i_07520
u_01725,i_08116,i_04022,i_12562,i_11543,i_15077,i_05786,i_06450,i_13122,i_07050,i_15669
u_01726,i_08282,i_00122,i_02276,i_01496,i_01545,i_06228,i_02329,i_02209,i_17108,i_16877
u_01727,i_04418,i_01523,i_14115,i_01486,i_00062,i_03773,i_02317,i_08132,i_01937,i_09461
u_01728,i_01923,i_05800,i_12101,i_02442,i_02026,i_05472,i_31950,i_30416,i_01937,i_13690
u_01729,i_14604,i_10316,i_01111,i_11373,i_01998,i_00724,i_00122,i_08560,i_12282,i_10100
u_01730,i_13850,i_06926,i_20316,i_05763,i_05764,i_14412,i_02228,i_09976,i_09592,i_09070
u_01731,i_02393,i_13850,i_05103,i_07370,i_02209,i_10316,i_02276,i_04527,i_09934,i_02136
u_01732,i_02786,i_01523,i_01937,i_01111,i_10316,i_01468,i_03829,i_05472,i_02596,i_17626
u_01733,i_14604,i_24980,i_01798,i_02317,i_10316,i_02786,i_01523,i_17626,i_06228,i_01202
u_01734,i_00122,i_11373,i_17626,i_24980,i_14604,i_02786,i_02313,i_10316,i_01523,i_21094
u_01735,i_10316,i_21094,i_01480,i_14604,i_02786,i_32040,i_09591,i_17626,i_00362,i_28278
u_01736,i_05767,i_05034,i_12451,i_00061,i_16877,i_00057,i_32048,i_15902,i_14120,i_01827
u_01737,i_24980,i_03829,i_01998,i_01937,i_14115,i_14808,i_02786,i_03773,i_11373,i_08132
u_01738,i_02786,i_10316,i_01523,i_21033,i_21094,i_06228,i_14604,i_31741,i_17626,i_24980
u_01739,i_03590,i_04578,i_01468,i_14604,i_17626,i_17389,i_01480,i_00011,i_24980,i_02334
u_01740,i_17626,i_00122,i_01135,i_11373,i_01468,i_06228,i_02563,i_05431,i_02276,i_09345
u_01741,i_01496,i_10781,i_16877,i_02228,i_01215,i_24980,i_10316,i_02080,i_29117,i_01545
u_01742,i_03678,i_14983,i_00062,i_02417,i_03368,i_01523,i_14604,i_11910,i_01485,i_09345
u_01743,i_05267,i_04578,i_14604,i_01430,i_10316,i_01523,i_02827,i_14808,i_07520,i_09052
u_01744,i_03773,i_17108,i_02209,i_02244,i_01849,i_05439,i_06228,i_00395,i_17626,i_09345
u_01745,i_02786,i_05267,i_01111,i_24980,i_01937,i_01523,i_07171,i_10316,i_01480,i_04580
u_01746,i_11879,i_03397,i_04659,i_10181,i_06534,i_03878,i_11841,i_03866,i_07752,i_32048
u_01747,i_13883,i_01334,i_08318,i_04221,i_08346,i_01810,i_05267,i_07567,i_14601,i_11342
u_01748,i_27051,i_01937,i_01485,i_00062,i_31950,i_02111,i_00305,i_03946,i_02634,i_26936
u_01749,i_06228,i_06951,i_08465,i_00091,i_05651,i_11373,i_01545,i_03085,i_11386,i_07567
u_01750,i_01523,i_01937,i_05394,i_02786,i_01809,i_02415,i_02827,i_14604,i_02596,i_00062
u_01751,i_01111,i_02317,i_05103,i_13670,i_01523,i_02786,i_03829,i_02136,i_09052,i_02299
u_01752,i_11537,i_02786,i_05394,i_10316,i_02317,i_05103,i_05267,i_24980,i_05797,i_02209
u_01753,i_02786,i_14221,i_15630,i_11548,i_17626,i_09442,i_01904,i_04692,i_01479,i_09341
u_01754,i_17626,i_01523,i_31903,i_09275,i_14604,i_03773,i_00365,i_02136,i_02786,i_03678
u_01755,i_05491,i_03397,i_02080,i_12282,i_03926,i_22907,i_07676,i_01545,i_17660,i_02697
u_01756,i_01480,i_10316,i_14604,i_00062,i_00362,i_09052,i_24980,i_02334,i_01486,i_13651
u_01757,i_18658,i_11719,i_12555,i_12493,i_09209,i_08097,i_09024,i_03955,i_15730,i_05435
u_01758,i_10316,i_11373,i_01480,i_02280,i_14604,i_02786,i_07370,i_01111,i_17626,i_01523
u_01759,i_06228,i_02080,i_01476,i_11373,i_01988,i_00057,i_12430,i_03397,i_09635,i_02276
u_01760,i_02786,i_00062,i_05267,i_02317,i_01937,i_10316,i_05394,i_01111,i_14115,i_08801
u_01761,i_24980,i_02725,i_11373,i_02609,i_01496,i_08355,i_00122,i_01468,i_12141,i_21094
u_01762,i_17626,i_24980,i_00075,i_01480,i_00122,i_02228,i_12901,i_05778,i_16877,i_01515
u_01763,i_21094,i_24980,i_02273,i_32040,i_25590,i_06228,i_00389,i_17108,i_06017,i_00395
u_01764,i_09052,i_01937,i_24980,i_01523,i_01111,i_04692,i_14604,i_00362,i_03590,i_14115
u_01765,i_06223,i_10518,i_14604,i_11055,i_01937,i_10316,i_02786,i_00122,i_04549,i_09275
u_01766,i_09345,i_02313,i_04548,i_13084,i_10202,i_11373,i_01988,i_05394,i_02228,i_01135
u_01767,i_05267,i_02786,i_00122,i_01937,i_05394,i_10316,i_14604,i_06228,i_01480,i_11373
u_01768,i_17626,i_00122,i_00776,i_01111,i_24980,i_14604,i_06228,i_01468,i_10316,i_13841
u_01769,i_17626,i_21094,i_14604,i_13031,i_01937,i_24980,i_02786,i_11373,i_02380,i_01486
u_01770,i_00122,i_05267,i_14604,i_11373,i_24980,i_00377,i_02631,i_02786,i_00057,i_01937
u_01771,i_00062,i_01523,i_01937,i_26936,i_00073,i_02786,i_01485,i_02136,i_08713,i_18681
u_01772,i_03302,i_01111,i_11373,i_10057,i_10316,i_14221,i_06228,i_02563,i_17626,i_02229
u_01773,i_02786,i_17626,i_10316,i_14604,i_24980,i_08713,i_01523,i_06228,i_00122,i_11373
u_01774,i_32040,i_00724,i_24980,i_11373,i_00122,i_14604,i_17626,i_10316,i_18031,i_01468
u_01775,i_01480,i_00922,i_17626,i_24980,i_10316,i_09345,i_09275,i_14604,i_31741,i_10518
u_01776,i_14604,i_24980,i_02300,i_01135,i_23941,i_00037,i_11373,i_06473,i_17108,i_31952
u_01777,i_02786,i_01111,i_21094,i_03151,i_24980,i_01480,i_25690,i_14604,i_06882,i_01486
u_01778,i_07520,i_00062,i_14604,i_31952,i_01111,i_10316,i_01937,i_01523,i_00122,i_00470
u_01779,i_14604,i_05493,i_01523,i_24980,i_05267,i_08132,i_05103,i_02786,i_14115,i_11373
u_01780,i_01523,i_00948,i_04504,i_10316,i_01486,i_02317,i_00852,i_14604,i_01468,i_05710
u_01781,i_00922,i_00091,i_01486,i_02105,i_00075,i_00470,i_02683,i_17626,i_27675,i_18139
u_01782,i_01937,i_01523,i_03806,i_14604,i_10316,i_04578,i_08052,i_02786,i_05797,i_11483
u_01783,i_02382,i_00716,i_02154,i_02279,i_02823,i_00389,i_02440,i_02276,i_01480,i_02634
u_01784,i_10316,i_11548,i_31921,i_03773,i_02136,i_08132,i_04527,i_02882,i_00724,i_05267
u_01785,i_04480,i_14221,i_01111,i_01993,i_17626,i_01523,i_10316,i_04692,i_27051,i_00062
u_01786,i_08193,i_14604,i_02209,i_17626,i_03806,i_02235,i_02154,i_24980,i_01479,i_00122
u_01787,i_24980,i_07089,i_01480,i_10316,i_04580,i_10120,i_01937,i_00540,i_02317,i_14808
u_01788,i_14604,i_24980,i_02786,i_01111,i_05267,i_14808,i_09345,i_04580,i_02229,i_05394
u_01789,i_02080,i_11618,i_11386,i_06228,i_03797,i_04442,i_09010,i_12282,i_01545,i_02954
u_01790,i_09009,i_01480,i_00226,i_00870,i_00922,i_28982,i_03781,i_07061,i_02954,i_31921
u_01791,i_01937,i_05267,i_11910,i_02786,i_24980,i_00062,i_21094,i_01480,i_10316,i_01998
u_01792,i_01480,i_10518,i_00204,i_17923,i_02334,i_06473,i_04102,i_24302,i_31903,i_17924
u_01793,i_03678,i_04181,i_01523,i_03368,i_10316,i_04480,i_27051,i_01937,i_02031,i_09066
u_01794,i_02680,i_02276,i_00395,i_00122,i_02228,i_17108,i_00389,i_01135,i_02382,i_01993
u_01795,i_02380,i_21094,i_02786,i_14604,i_31952,i_01998,i_24980,i_01468,i_00122,i_10316
u_01796,i_00122,i_02631,i_24980,i_01135,i_02407,i_05354,i_01545,i_02228,i_09345,i_11373
u_01797,i_21094,i_01523,i_08355,i_24980,i_14604,i_01937,i_01468,i_02786,i_11373,i_00433
u_01798,i_11373,i_10316,i_06228,i_10120,i_03773,i_09052,i_04478,i_02209,i_11386,i_12282
u_01799,i_17923,i_00365,i_00122,i_14604,i_01938,i_00157,i_17626,i_24980,i_00163,i_31921
u_01800,i_10316,i_02631,i_15993,i_02382,i_05493,i_10509,i_11373,i_02725,i_14604,i_04585
u_01801,i_02382,i_02631,i_12430,i_06432,i_00755,i_17626,i_03865,i_01111,i_01135,i_08895
u_01802,i_24980,i_10316,i_10995,i_09591,i_14808,i_18139,i_03302,i_03866,i_01937,i_02786
u_01803,i_01468,i_24980,i_14604,i_02111,i_02313,i_10316,i_02300,i_02382,i_02786,i_00122
u_01804,i_00122,i_01451,i_24980,i_02631,i_03866,i_09141,i_02382,i_10316,i_02563,i_02313
u_01805,i_24472,i_13825,i_02382,i_10972,i_02541,i_17253,i_10316,i_02229,i_02209,i_01827
u_01806,i_21094,i_09275,i_01111,i_10518,i_31921,i_02786,i_14604,i_24302,i_11910,i_02282
u_01807,i_01523,i_10316,i_02317,i_17626,i_01486,i_01798,i_14604,i_01111,i_01937,i_03590
u_01808,i_31741,i_01480,i_17626,i_02319,i_04191,i_24980,i_01486,i_02786,i_02297,i_10518
u_01809,i_17626,i_11373,i_24980,i_10316,i_05786,i_02321,i_00122,i_21094,i_02725,i_12430
u_01810,i_04181,i_11548,i_05267,i_11047,i_07172,i_09182,i_02274,i_02417,i_09345,i_04277
u_01811,i_02319,i_02235,i_02297,i_01541,i_01468,i_24980,i_01746,i_18139,i_10316,i_06952
u_01812,i_01937,i_02786,i_01468,i_08132,i_00037,i_08052,i_02596,i_10316,i_01523,i_01430
u_01813,i_02786,i_01937,i_14808,i_04578,i_05394,i_01468,i_01430,i_17626,i_14604,i_01523
u_01814,i_10316,i_01523,i_01468,i_01937,i_02317,i_17626,i_04527,i_02136,i_14604,i_05472
u_01815,i_01111,i_10316,i_01480,i_11355,i_26940,i_21094,i_00122,i_11373,i_09009,i_02382
u_01816,i_10316,i_17626,i_24980,i_00776,i_06951,i_01111,i_07370,i_03262,i_01480,i_01496
u_01817,i_01523,i_00062,i_01937,i_01764,i_10509,i_14604,i_00155,i_09124,i_00948,i_10120
u_01818,i_05103,i_03468,i_03773,i_02317,i_01523,i_08052,i_24980,i_02136,i_02786,i_01468
u_01819,i_10316,i_02786,i_01468,i_17626,i_24980,i_14604,i_02317,i_32040,i_01111,i_04504
u_01820,i_22342,i_04191,i_02297,i_01496,i_00122,i_16877,i_01541,i_03085,i_03567,i_02080
u_01821,i_01468,i_25535,i_01044,i_25690,i_08713,i_02676,i_00468,i_00054,i_16499,i_02334
u_01822,i_14173,i_01937,i_02136,i_12282,i_13122,i_02415,i_02541,i_11483,i_11373,i_10996
u_01823,i_00928,i_00468,i_01480,i_14604,i_17626,i_10316,i_00011,i_21094,i_11373,i_17924
u_01824,i_02786,i_01523,i_01468,i_01937,i_00062,i_08713,i_14604,i_02415,i_17108,i_11483
u_01825,i_21094,i_02786,i_24980,i_01480,i_14604,i_00922,i_00122,i_00395,i_01468,i_00428
u_01826,i_11373,i_03302,i_24980,i_01451,i_00122,i_02631,i_00433,i_01111,i_02725,i_02382
u_01827,i_21094,i_31952,i_00506,i_27675,i_06228,i_14604,i_11373,i_17924,i_02786,i_28278
u_01828,i_05267,i_01937,i_10120,i_10316,i_09182,i_02317,i_04580,i_14604,i_05472,i_00073
u_01829,i_01111,i_11368,i_01486,i_21094,i_24980,i_00440,i_31921,i_10316,i_01523,i_14604
u_01830,i_01937,i_01430,i_05267,i_24980,i_02827,i_11373,i_09052,i_08191,i_08132,i_04578
u_01831,i_07263,i_07524,i_04413,i_10316,i_10120,i_28982,i_06863,i_02213,i_04504,i_02105
u_01832,i_11543,i_04692,i_01937,i_04191,i_02954,i_02541,i_11386,i_06228,i_10995,i_03590
u_01833,i_14983,i_21094,i_32040,i_03678,i_05789,i_01523,i_18031,i_00062,i_01480,i_25690
u_01834,i_08116,i_02228,i_03397,i_05786,i_03355,i_04022,i_02609,i_13103,i_13761,i_04580
u_01835,i_00395,i_10316,i_05103,i_08895,i_02380,i_10120,i_32129,i_11047,i_05493,i_02228
u_01836,i_00122,i_01480,i_17626,i_21094,i_08895,i_17924,i_17670,i_08881,i_29117,i_24980
u_01837,i_01645,i_01403,i_03866,i_09345,i_00037,i_18139,i_15902,i_05267,i_04413,i_04221
u_01838,i_00126,i_01523,i_32040,i_14604,i_02786,i_01480,i_00027,i_17626,i_07499,i_01937
u_01839,i_03803,i_14875,i_02764,i_08193,i_03590,i_16694,i_09948,i_01989,i_02683,i_04221
u_01840,i_11771,i_15906,i_09345,i_07676,i_08063,i_11669,i_02136,i_00122,i_02079,i_32005
u_01841,i_13547,i_07323,i_04468,i_02827,i_00155,i_02541,i_03418,i_03866,i_08845,i_04504
u_01842,i_01523,i_14604,i_01468,i_00433,i_02209,i_03773,i_06228,i_18217,i_01486,i_21094
u_01843,i_04191,i_16877,i_00122,i_09592,i_05034,i_17626,i_06228,i_05354,i_02631,i_06397
u_01844,i_17626,i_28547,i_02406,i_05103,i_01746,i_08052,i_07263,i_04480,i_32048,i_05493
u_01845,i_02786,i_07263,i_17626,i_00062,i_24980,i_03829,i_01111,i_08132,i_01937,i_10316
u_01846,i_10316,i_17626,i_05103,i_00586,i_14604,i_11373,i_02317,i_06228,i_01486,i_04504
u_01847,i_01480,i_10518,i_24980,i_00155,i_04549,i_17923,i_31903,i_10316,i_02786,i_09275
u_01848,i_00365,i_02076,i_32048,i_01938,i_04102,i_31983,i_05652,i_10518,i_02312,i_01849
u_01849,i_14604,i_05267,i_11373,i_01111,i_02407,i_00755,i_05762,i_06228,i_10316,i_14808
u_01850,i_10316,i_01645,i_07524,i_24019,i_17626,i_01403,i_05407,i_01490,i_06863,i_06228
u_01851,i_00122,i_02786,i_01485,i_17626,i_10316,i_01937,i_17108,i_05797,i_01111,i_05439
u_01852,i_29600,i_29639,i_01496,i_12430,i_00122,i_11373,i_01044,i_02236,i_01129,i_09345
u_01853,i_00062,i_07520,i_02827,i_02415,i_12911,i_11483,i_26936,i_11329,i_05267,i_01523
u_01854,i_01480,i_24980,i_02786,i_17626,i_21094,i_11910,i_00155,i_14808,i_01937,i_06228
u_01855,i_01937,i_08754,i_04578,i_01523,i_05394,i_05439,i_05349,i_03819,i_02827,i_02786
u_01856,i_03773,i_21094,i_10316,i_00506,i_10518,i_11373,i_14604,i_09027,i_31921,i_00724
u_01857,i_01486,i_25690,i_05272,i_01937,i_17626,i_01523,i_10316,i_21094,i_14604,i_00037
u_01858,i_14604,i_05267,i_11910,i_10316,i_04578,i_01480,i_01468,i_01430,i_00062,i_07520
u_01859,i_05901,i_07524,i_04603,i_09070,i_14604,i_03468,i_10316,i_21094,i_08091,i_00062
u_01860,i_24980,i_06228,i_12562,i_01827,i_03302,i_02313,i_11373,i_04191,i_14604,i_13084
u_01861,i_01202,i_01923,i_17707,i_01523,i_02111,i_00122,i_01468,i_04186,i_01135,i_02334
u_01862,i_08091,i_14604,i_02136,i_09070,i_10316,i_04603,i_02316,i_01480,i_09591,i_09976
u_01863,i_05439,i_01523,i_04578,i_10316,i_18681,i_05267,i_02786,i_01430,i_09052,i_14115
u_01864,i_14604,i_00122,i_00377,i_17626,i_12430,i_14173,i_03397,i_02228,i_13084,i_05786
u_01865,i_05267,i_01111,i_10316,i_01998,i_12061,i_02786,i_09345,i_24980,i_14604,i_01430
u_01866,i_10316,i_01111,i_02631,i_17626,i_14604,i_09383,i_01523,i_06228,i_05267,i_02563
u_01867,i_14604,i_01937,i_24980,i_17626,i_01111,i_05267,i_13705,i_06228,i_01998,i_05394
u_01868,i_01480,i_24980,i_21094,i_05267,i_01111,i_10316,i_31921,i_14604,i_03773,i_31741
u_01869,i_02415,i_02786,i_01111,i_05267,i_11365,i_01523,i_02031,i_14604,i_08713,i_11910
u_01870,i_01827,i_24980,i_21094,i_04646,i_00122,i_13291,i_00395,i_02154,i_02520,i_31741
u_01871,i_08193,i_02154,i_14604,i_10316,i_01523,i_01937,i_04585,i_07420,i_01479,i_02279
u_01872,i_00724,i_17626,i_31921,i_01480,i_03468,i_00162,i_00470,i_24980,i_32040,i_10316
u_01873,i_00389,i_06466,i_00057,i_00540,i_01135,i_24980,i_06537,i_02276,i_00122,i_02313
u_01874,i_01523,i_00062,i_08052,i_10316,i_01468,i_02317,i_08132,i_00122,i_01485,i_14115
u_01875,i_24980,i_00122,i_01111,i_13674,i_11373,i_10316,i_04254,i_09182,i_06228,i_02786
u_01876,i_01937,i_05267,i_14604,i_24980,i_01485,i_00122,i_01523,i_08713,i_03650,i_02541
u_01877,i_06399,i_14072,i_17626,i_03590,i_04221,i_06450,i_27051,i_08309,i_10930,i_02359
u_01878,i_04254,i_04692,i_03397,i_04548,i_14120,i_11047,i_32048,i_11543,i_01135,i_18801
u_01879,i_03151,i_10316,i_01849,i_16499,i_08063,i_14604,i_02786,i_01480,i_17108,i_01764
u_01880,i_01480,i_11910,i_31952,i_14604,i_01044,i_00575,i_31741,i_01468,i_02786,i_31921
u_01881,i_01111,i_10316,i_05267,i_03773,i_01937,i_01523,i_05797,i_14604,i_24980,i_05653
u_01882,i_02676,i_00011,i_24980,i_31902,i_00468,i_31952,i_01480,i_10316,i_14604,i_21094
u_01883,i_01111,i_02786,i_10316,i_05267,i_01523,i_01480,i_14604,i_24302,i_00062,i_11910
u_01884,i_01523,i_24019,i_01480,i_07370,i_00776,i_13124,i_00075,i_24980,i_03773,i_02105
u_01885,i_02209,i_21033,i_00612,i_02276,i_00389,i_17626,i_21094,i_10316,i_17108,i_04171
u_01886,i_02786,i_01523,i_07520,i_01937,i_08052,i_02031,i_04523,i_02079,i_05267,i_05797
u_01887,i_03590,i_06228,i_10316,i_00793,i_01135,i_01111,i_21094,i_01827,i_02276,i_07370
u_01888,i_10316,i_01523,i_01937,i_02683,i_00037,i_14604,i_05267,i_01468,i_07520,i_06228
u_01889,i_01937,i_00062,i_01523,i_14115,i_03773,i_05416,i_14604,i_17626,i_10120,i_08132
u_01890,i_10316,i_02882,i_10120,i_05416,i_03590,i_09052,i_03262,i_14604,i_14221,i_14115
u_01891,i_01827,i_11107,i_02720,i_17904,i_02786,i_10781,i_17660,i_06228,i_19817,i_09591
u_01892,i_01044,i_14604,i_24980,i_21094,i_02786,i_01111,i_00575,i_00122,i_00428,i_01468
u_01893,i_08132,i_05267,i_05394,i_17108,i_01111,i_02229,i_11047,i_10781,i_09345,i_00037
u_01894,i_11735,i_10316,i_01937,i_17108,i_05267,i_00619,i_12687,i_09345,i_24980,i_15077
u_01895,i_13295,i_05899,i_13291,i_01496,i_08895,i_00306,i_06017,i_02954,i_01827,i_11909
u_01896,i_02676,i_18681,i_05188,i_01937,i_01798,i_08713,i_01480,i_31921,i_14604,i_02786
u_01897,i_01937,i_32036,i_31921,i_14604,i_24302,i_00062,i_02031,i_17108,i_08713,i_21033
u_01898,i_22515,i_17901,i_26255,i_13295,i_23464,i_19978,i_22134,i_24481,i_21691,i_21950
u_01899,i_01480,i_10316,i_14604,i_11910,i_01523,i_31921,i_00027,i_00755,i_00791,i_06228
u_01900,i_03262,i_10316,i_21094,i_03773,i_01486,i_24980,i_31952,i_01480,i_00922,i_02393
u_01901,i_14604,i_24980,i_10316,i_01480,i_12430,i_11373,i_07089,i_17626,i_05786,i_11055
u_01902,i_01480,i_24980,i_21094,i_17626,i_00122,i_01097,i_22342,i_27675,i_08518,i_31952
u_01903,i_06766,i_11373,i_07567,i_01827,i_01539,i_02725,i_12282,i_08862,i_32048,i_02563
u_01904,i_10316,i_02786,i_17225,i_03590,i_27231,i_14604,i_01468,i_08132,i_01523,i_05393
u_01905,i_03803,i_04171,i_09442,i_04692,i_05642,i_09327,i_12072,i_08428,i_14651,i_15906
u_01906,i_02668,i_08895,i_00114,i_17108,i_31741,i_08881,i_09591,i_26804,i_00761,i_00023
u_01907,i_22342,i_00433,i_07370,i_02319,i_24980,i_10316,i_02297,i_02022,i_01952,i_31741
u_01908,i_14604,i_02786,i_24980,i_01468,i_01937,i_01480,i_01523,i_03773,i_02334,i_05188
u_01909,i_00724,i_24980,i_00922,i_00470,i_17626,i_25690,i_00440,i_08518,i_00122,i_01111
u_01910,i_05267,i_01523,i_02786,i_08801,i_14115,i_07429,i_05394,i_10316,i_03829,i_18681
u_01911,i_02786,i_00037,i_00062,i_14115,i_02317,i_14604,i_07520,i_01111,i_10316,i_17108
u_01912,i_13547,i_12407,i_05416,i_05267,i_03773,i_14984,i_02786,i_09345,i_14651,i_17626
u_01913,i_14604,i_17626,i_26940,i_14808,i_02786,i_32129,i_09345,i_00540,i_05786,i_02300
u_01914,i_11373,i_14604,i_02683,i_08191,i_05653,i_13084,i_17660,i_18623,i_13471,i_03397
u_01915,i_13841,i_00776,i_06952,i_10316,i_09442,i_06951,i_21249,i_02273,i_03803,i_08193
u_01916,i_14604,i_01937,i_01480,i_24980,i_01111,i_04580,i_11373,i_01523,i_00062,i_03773
u_01917,i_08132,i_01523,i_02209,i_11373,i_00062,i_01937,i_06533,i_01111,i_10316,i_11569
u_01918,i_02786,i_01468,i_05267,i_14604,i_01430,i_00062,i_02827,i_00037,i_09124,i_11483
u_01919,i_01937,i_02297,i_14604,i_02786,i_02317,i_10316,i_02755,i_21094,i_24980,i_00122
u_01920,i_04191,i_04093,i_06228,i_06952,i_02317,i_10316,i_28982,i_01827,i_00057,i_01480
u_01921,i_14604,i_01111,i_02507,i_02786,i_11910,i_01937,i_02417,i_13690,i_12212,i_02810
u_01922,i_31952,i_01480,i_02786,i_01111,i_14604,i_10316,i_21094,i_31983,i_11373,i_24980
u_01923,i_14604,i_24980,i_01539,i_21094,i_25828,i_01111,i_00724,i_01480,i_01476,i_05778
u_01924,i_14604,i_17626,i_24980,i_05267,i_01523,i_10316,i_09345,i_05394,i_02786,i_01937
u_01925,i_09659,i_09436,i_10781,i_14173,i_04585,i_32048,i_14604,i_01827,i_01135,i_02313
u_01926,i_01480,i_31952,i_31741,i_17924,i_31903,i_28982,i_31902,i_31983,i_03398,i_02786
u_01927,i_04480,i_17119,i_15708,i_00038,i_02415,i_16499,i_01468,i_01519,i_32036,i_32021
u_01928,i_04377,i_05493,i_02136,i_14604,i_02786,i_17626,i_02297,i_01523,i_24980,i_02954
u_01929,i_10316,i_03262,i_06228,i_11373,i_21094,i_01746,i_14604,i_01480,i_00226,i_17626
u_01930,i_01480,i_05267,i_14604,i_24980,i_01523,i_01111,i_10316,i_21094,i_01937,i_02786
u_01931,i_06228,i_10316,i_02276,i_02106,i_02318,i_09591,i_17108,i_11107,i_05472,i_02317
u_01932,i_05267,i_02786,i_01937,i_01523,i_14115,i_04578,i_11910,i_14808,i_02827,i_24980
u_01933,i_01523,i_03151,i_00776,i_02282,i_01468,i_32040,i_10316,i_01486,i_00470,i_02786
u_01934,i_31952,i_00468,i_17626,i_10316,i_14604,i_31946,i_24980,i_01937,i_00122,i_01468
u_01935,i_10316,i_10995,i_01523,i_04637,i_07370,i_02209,i_01468,i_05694,i_27030,i_13651
u_01936,i_04584,i_06228,i_04462,i_11107,i_13547,i_02313,i_09261,i_01545,i_21769,i_13952
u_01937,i_32048,i_15005,i_05034,i_03302,i_04978,i_11047,i_05786,i_00755,i_04679,i_02563
u_01938,i_10162,i_11548,i_26211,i_14120,i_00073,i_11933,i_02790,i_00122,i_02321,i_03590
u_01939,i_07567,i_04221,i_03829,i_13841,i_23026,i_12282,i_11543,i_00755,i_04315,i_17831
u_01940,i_02786,i_05267,i_10316,i_07520,i_02415,i_14604,i_00062,i_10120,i_11483,i_14115
u_01941,i_15005,i_17660,i_11386,i_14774,i_11107,i_09010,i_19817,i_09418,i_13471,i_09345
u_01942,i_00395,i_00122,i_03616,i_02631,i_03866,i_09345,i_00523,i_02563,i_01111,i_02321
u_01943,i_21094,i_00776,i_13841,i_02235,i_06952,i_00724,i_06228,i_14604,i_02136,i_02786
u_01944,i_02676,i_07520,i_10316,i_14604,i_01468,i_17626,i_24980,i_01937,i_01523,i_02786
u_01945,i_01480,i_01523,i_17626,i_02786,i_01486,i_24980,i_00155,i_28982,i_02334,i_31921
u_01946,i_10316,i_01523,i_21094,i_17626,i_04186,i_02313,i_14604,i_24980,i_00062,i_11543
u_01947,i_03467,i_00122,i_01135,i_04623,i_10950,i_03866,i_12562,i_09345,i_02541,i_01496
u_01948,i_01480,i_28982,i_28547,i_14604,i_01486,i_10316,i_27675,i_10509,i_07576,i_24980
u_01949,i_31952,i_14604,i_10316,i_04504,i_06228,i_24980,i_02786,i_04585,i_00122,i_02393
u_01950,i_01468,i_14604,i_31952,i_02786,i_10316,i_01480,i_01937,i_00126,i_21094,i_01111
u_01951,i_01111,i_10316,i_00122,i_21094,i_11373,i_14604,i_06466,i_24980,i_13084,i_04580
u_01952,i_03806,i_00395,i_17924,i_03302,i_08895,i_03866,i_01479,i_01097,i_14604,i_02136
u_01953,i_08895,i_03397,i_05267,i_02313,i_03866,i_09345,i_00037,i_08132,i_32048,i_05394
u_01954,i_25690,i_01468,i_01486,i_02031,i_14604,i_04504,i_02136,i_01937,i_00433,i_01111
u_01955,i_10316,i_06951,i_00057,i_07567,i_07370,i_11373,i_01827,i_01135,i_13084,i_02111
u_01956,i_05899,i_06754,i_13291,i_03592,i_01495,i_00725,i_02388,i_00039,i_04646,i_01477
u_01957,i_20180,i_04603,i_11347,i_16033,i_07587,i_08091,i_15906,i_13290,i_10353,i_15802
u_01958,i_02596,i_01111,i_03829,i_01130,i_00389,i_02209,i_06441,i_01480,i_04181,i_01468
u_01959,i_14604,i_15802,i_12075,i_11924,i_09103,i_20808,i_13084,i_11576,i_14844,i_05394
u_01960,i_22342,i_03829,i_13651,i_05103,i_02676,i_01480,i_31741,i_01076,i_00279,i_00054
u_01961,i_01480,i_05188,i_17924,i_01937,i_01808,i_11910,i_02786,i_01798,i_03819,i_24980
u_01962,i_21094,i_10316,i_14604,i_01937,i_01468,i_02111,i_11373,i_02786,i_06228,i_02541
u_01963,i_05267,i_08132,i_05797,i_17108,i_04692,i_03773,i_31921,i_02827,i_14651,i_02136
u_01964,i_01937,i_02786,i_01523,i_17389,i_00054,i_01284,i_00468,i_14604,i_02827,i_02380
u_01965,i_14604,i_01480,i_00122,i_01798,i_11910,i_11373,i_03866,i_03829,i_00791,i_02209
u_01966,i_12393,i_13883,i_06228,i_05651,i_11107,i_05358,i_12785,i_15802,i_03797,i_02720
u_01967,i_24019,i_10316,i_24980,i_00075,i_00922,i_07370,i_01097,i_05779,i_13499,i_04254
u_01968,i_02318,i_14604,i_01468,i_24980,i_00922,i_02317,i_00870,i_01798,i_02786,i_04191
u_01969,i_02229,i_14604,i_01998,i_04578,i_01850,i_00395,i_00791,i_01993,i_14808,i_07194
u_01970,i_05710,i_05394,i_03397,i_13489,i_05786,i_02079,i_00725,i_08862,i_32048,i_11537
u_01971,i_01937,i_24980,i_04578,i_05267,i_02786,i_01523,i_08713,i_01798,i_18681,i_01468
u_01972,i_10316,i_07524,i_01937,i_02786,i_00470,i_14604,i_01468,i_02136,i_01523,i_01849
u_01973,i_10316,i_01468,i_01430,i_01523,i_00062,i_24980,i_01111,i_31950,i_00433,i_21094
u_01974,i_05786,i_17626,i_14604,i_02228,i_01111,i_24980,i_02786,i_14115,i_02409,i_01937
u_01975,i_02136,i_09591,i_10316,i_04221,i_11569,i_09247,i_03590,i_02317,i_02297,i_01479
u_01976,i_01937,i_02786,i_14604,i_31903,i_07089,i_01468,i_02334,i_11055,i_01480,i_02317
u_01977,i_01202,i_02297,i_09345,i_02276,i_04191,i_02228,i_22342,i_01480,i_02954,i_02720
u_01978,i_03262,i_03678,i_01523,i_02136,i_10316,i_06228,i_14604,i_06882,i_21094,i_03368
u_01979,i_08560,i_08638,i_22265,i_04221,i_02228,i_25981,i_05894,i_05763,i_07016,i_17734
u_01980,i_02786,i_10316,i_24980,i_28982,i_00062,i_05797,i_14604,i_14115,i_08052,i_10518
u_01981,i_02827,i_01523,i_04578,i_00126,i_02136,i_02415,i_05267,i_01937,i_24302,i_00473
u_01982,i_01468,i_10316,i_03151,i_17626,i_21094,i_00122,i_01998,i_02786,i_05267,i_01111
u_01983,i_02299,i_02786,i_10316,i_21094,i_14604,i_02317,i_00062,i_05267,i_01523,i_01468
u_01984,i_01937,i_05394,i_10895,i_14604,i_02827,i_04578,i_05349,i_08754,i_09345,i_07171
u_01985,i_02415,i_00062,i_25690,i_01523,i_14604,i_02136,i_01468,i_19866,i_02031,i_17626
u_01986,i_24980,i_14604,i_21094,i_17626,i_03468,i_02786,i_01937,i_14808,i_10316,i_01111
u_01987,i_10316,i_13124,i_05407,i_13670,i_17108,i_07587,i_11373,i_02235,i_02136,i_02228
u_01988,i_05167,i_26940,i_02786,i_01468,i_21094,i_02229,i_01810,i_17626,i_14604,i_00126
u_01989,i_00122,i_24980,i_14604,i_01480,i_31952,i_10316,i_02786,i_31921,i_11373,i_01988
u_01990,i_11373,i_01480,i_17626,i_10316,i_02786,i_00122,i_01468,i_00395,i_00523,i_01439
u_01991,i_15890,i_15725,i_21109,i_19414,i_20134,i_16279,i_09231,i_24338,i_15886,i_21475
u_01992,i_00852,i_10316,i_04504,i_31741,i_16920,i_14604,i_00870,i_00506,i_05710,i_08518
u_01993,i_06386,i_03590,i_11409,i_08497,i_01479,i_11047,i_22079,i_27051,i_14711,i_10316
u_01994,i_31921,i_14604,i_10316,i_25535,i_02786,i_01468,i_05267,i_01523,i_17924,i_28984
u_01995,i_01480,i_00157,i_04102,i_10518,i_28982,i_09275,i_07576,i_04549,i_00091,i_00365
u_01996,i_14604,i_10316,i_24980,i_01111,i_11373,i_03773,i_14808,i_00122,i_10120,i_01937
u_01997,i_01468,i_01111,i_14604,i_21094,i_24980,i_00122,i_01937,i_02111,i_11373,i_10316
u_01998,i_24980,i_00091,i_17626,i_21094,i_10316,i_14604,i_28278,i_31921,i_00163,i_00122
u_01999,i_01111,i_01468,i_02786,i_02634,i_14604,i_25535,i_01798,i_01523,i_14808,i_10316
u_02000,i_00057,i_21094,i_01827,i_02954,i_02228,i_00075,i_08518,i_02313,i_03302,i_02279
u_02001,i_01937,i_01732,i_01468,i_00062,i_01523,i_08713,i_07520,i_14604,i_01923,i_01485
u_02002,i_03866,i_24980,i_02321,i_00523,i_02828,i_01451,i_00122,i_02407,i_01215,i_00540
u_02003,i_07587,i_09070,i_04603,i_11408,i_08560,i_04602,i_09292,i_10353,i_07016,i_02098
u_02004,i_01523,i_31921,i_04186,i_17108,i_00062,i_04191,i_02111,i_00428,i_24980,i_02313
u_02005,i_02786,i_04480,i_16499,i_04181,i_01468,i_14604,i_01523,i_01937,i_27051,i_03773
u_02006,i_31993,i_00122,i_14604,i_08895,i_01937,i_00428,i_24980,i_10316,i_00037,i_01480
u_02007,i_13761,i_00725,i_08610,i_08815,i_00135,i_17660,i_11107,i_14074,i_06766,i_02720
u_02008,i_14604,i_02786,i_07061,i_17626,i_21094,i_00122,i_01937,i_00852,i_00038,i_02031
u_02009,i_01111,i_02786,i_01451,i_17626,i_01523,i_01135,i_10316,i_14604,i_02382,i_01468
u_02010,i_02382,i_02631,i_00122,i_10316,i_08193,i_12901,i_17626,i_02228,i_09934,i_01486
u_02011,i_00122,i_29117,i_24980,i_11373,i_12430,i_01476,i_00057,i_16877,i_01480,i_10316
u_02012,i_14604,i_07520,i_00062,i_31903,i_02334,i_11910,i_26935,i_02676,i_01937,i_05188
u_02013,i_05267,i_00037,i_06068,i_14604,i_01468,i_01937,i_01523,i_28984,i_11910,i_05394
u_02014,i_01937,i_10930,i_05267,i_02786,i_11537,i_18217,i_11342,i_08132,i_02209,i_17626
u_02015,i_08051,i_06228,i_11373,i_01476,i_00122,i_01496,i_03803,i_14604,i_00725,i_02786
u_02016,i_10316,i_24980,i_01998,i_01937,i_17626,i_08132,i_01849,i_02079,i_04504,i_01468
u_02017,i_02228,i_09591,i_15843,i_21094,i_13850,i_05296,i_13122,i_03397,i_24980,i_06800
u_02018,i_08052,i_02786,i_01523,i_14604,i_09461,i_03773,i_14115,i_08132,i_11483,i_01937
u_02019,i_14604,i_01111,i_03829,i_01468,i_01480,i_31952,i_24980,i_02786,i_31921,i_01937
u_02020,i_11904,i_14452,i_15730,i_13845,i_12365,i_16279,i_13691,i_01479,i_13844,i_09711
u_02021,i_02213,i_24980,i_02786,i_14604,i_02393,i_17626,i_00470,i_00852,i_21094,i_00575
u_02022,i_21950,i_06491,i_31952,i_12785,i_01486,i_14811,i_10996,i_08518,i_09948,i_13850
u_02023,i_02786,i_01523,i_05103,i_01111,i_01480,i_14604,i_07520,i_17119,i_02136,i_01937
u_02024,i_22738,i_02136,i_01097,i_27675,i_00922,i_00311,i_02282,i_00506,i_00470,i_00462
u_02025,i_21094,i_25690,i_01468,i_01937,i_01486,i_00506,i_00470,i_13651,i_02786,i_17626
u_02026,i_10316,i_01479,i_17108,i_00395,i_01523,i_10781,i_02276,i_00057,i_02136,i_04585
u_02027,i_24980,i_11910,i_03773,i_01485,i_01468,i_01736,i_04191,i_01764,i_14604,i_11373
u_02028,i_10316,i_02235,i_02631,i_14604,i_24980,i_01523,i_31921,i_02136,i_02786,i_11373
u_02029,i_02786,i_01746,i_01111,i_17626,i_14604,i_01523,i_01741,i_00586,i_11373,i_11910
u_02030,i_24980,i_01480,i_07524,i_04413,i_17626,i_13670,i_11373,i_06863,i_21094,i_10316
u_02031,i_02300,i_10316,i_00122,i_24980,i_14808,i_04580,i_01111,i_11910,i_02786,i_05394
u_02032,i_17923,i_10518,i_14604,i_00204,i_09275,i_17924,i_00365,i_02334,i_02120,i_01937
u_02033,i_25690,i_01937,i_02031,i_00062,i_10316,i_16499,i_02786,i_01523,i_26936,i_14604
u_02034,i_02786,i_07520,i_01937,i_00062,i_02415,i_14115,i_01468,i_02079,i_05180,i_17108
u_02035,i_01129,i_17626,i_24980,i_28982,i_29600,i_11373,i_29639,i_10518,i_21094,i_02786
u_02036,i_01468,i_01741,i_14604,i_02786,i_02235,i_00922,i_24980,i_00586,i_07089,i_07263
u_02037,i_01480,i_10316,i_14115,i_01468,i_03302,i_02786,i_28982,i_03773,i_00433,i_08132
u_02038,i_00122,i_02317,i_01202,i_24980,i_10316,i_06228,i_21094,i_31952,i_01523,i_02318
u_02039,i_10120,i_05493,i_05267,i_03590,i_01523,i_13690,i_03773,i_14604,i_01485,i_17626
u_02040,i_05267,i_14808,i_00126,i_05439,i_01810,i_00428,i_01937,i_13489,i_03819,i_05493
u_02041,i_02755,i_09009,i_13547,i_13952,i_31913,i_31914,i_01496,i_02090,i_06679,i_03302
u_02042,i_01523,i_00155,i_14604,i_10316,i_01480,i_03773,i_14115,i_00154,i_01468,i_00037
u_02043,i_11373,i_09345,i_16000,i_14604,i_24980,i_05394,i_01523,i_03773,i_17108,i_07567
u_02044,i_05267,i_04580,i_06068,i_00027,i_05394,i_01798,i_11373,i_08132,i_03819,i_24980
u_02045,i_30503,i_31054,i_14808,i_18725,i_20980,i_14728,i_28352,i_05394,i_01937,i_17662
u_02046,i_05493,i_01810,i_11569,i_02541,i_01807,i_01937,i_14173,i_14808,i_17924,i_05439
u_02047,i_00310,i_21094,i_00428,i_00395,i_00724,i_00309,i_00389,i_02031,i_00554,i_00057
u_02048,i_10316,i_02136,i_14604,i_01468,i_00122,i_02786,i_06533,i_02276,i_05786,i_04033
u_02049,i_10316,i_24980,i_02317,i_14604,i_08052,i_01523,i_04181,i_01998,i_01468,i_03304
u_02050,i_09345,i_14604,i_10316,i_01485,i_08191,i_02313,i_00062,i_01135,i_11910,i_02120
u_02051,i_02786,i_01937,i_01111,i_05472,i_14115,i_02596,i_12728,i_02317,i_14604,i_08052
u_02052,i_16700,i_01224,i_02031,i_04181,i_07596,i_17108,i_00569,i_27051,i_02415,i_00389
u_02053,i_14604,i_05267,i_01937,i_09052,i_24980,i_14115,i_10120,i_00062,i_10316,i_08132
u_02054,i_01523,i_02380,i_16648,i_05493,i_14115,i_00395,i_01937,i_14651,i_04523,i_21094
u_02055,i_24980,i_03773,i_01523,i_14115,i_01480,i_06228,i_10120,i_11910,i_05267,i_01937
u_02056,i_21094,i_10316,i_31921,i_24980,i_03468,i_00311,i_00724,i_01111,i_14604,i_00077
u_02057,i_01523,i_05267,i_00062,i_01111,i_10316,i_05472,i_21094,i_03773,i_24980,i_14604
u_02058,i_01111,i_03590,i_12072,i_04692,i_09275,i_01523,i_09442,i_04523,i_04191,i_00073
u_02059,i_02786,i_01937,i_01468,i_05267,i_10316,i_01111,i_01523,i_24980,i_17626,i_14604
u_02060,i_17626,i_01468,i_21094,i_22342,i_02319,i_00761,i_01130,i_12901,i_01810,i_05394
u_02061,i_24980,i_06228,i_02954,i_05354,i_01827,i_04033,i_01496,i_17626,i_10781,i_11373
u_02062,i_00776,i_00122,i_02280,i_10316,i_17626,i_01942,i_06228,i_01135,i_02276,i_06952
u_02063,i_09442,i_10781,i_17626,i_04171,i_21094,i_04585,i_14074,i_00395,i_11569,i_03590
u_02064,i_04102,i_05188,i_28238,i_17924,i_02076,i_02022,i_09275,i_10518,i_00163,i_28508
u_02065,i_19943,i_18921,i_19916,i_05472,i_17764,i_20520,i_15940,i_14808,i_23257,i_02229
u_02066,i_10316,i_21094,i_24980,i_14604,i_00389,i_01468,i_01044,i_00122,i_02676,i_01746
u_02067,i_11373,i_00122,i_19432,i_02276,i_02725,i_13423,i_02631,i_02609,i_03654,i_03319
u_02068,i_04504,i_05103,i_00928,i_10316,i_00468,i_02786,i_01486,i_17626,i_24980,i_16920
u_02069,i_06228,i_00725,i_02631,i_01476,i_04191,i_00057,i_00716,i_10316,i_01496,i_02563
u_02070,i_01111,i_09383,i_03865,i_02631,i_01485,i_11373,i_10316,i_14604,i_02563,i_02313
u_02071,i_10316,i_00122,i_14604,i_01480,i_17626,i_01764,i_11909,i_06241,i_06228,i_11910
u_02072,i_03404,i_01468,i_03829,i_01111,i_11537,i_03616,i_04692,i_11561,i_18801,i_06432
u_02073,i_12785,i_08099,i_17626,i_01937,i_07567,i_06228,i_02786,i_04221,i_09345,i_12687
u_02074,i_14604,i_24980,i_05267,i_01468,i_17626,i_10316,i_01480,i_01798,i_21094,i_01523
u_02075,i_14604,i_01937,i_05267,i_11365,i_03829,i_02786,i_01798,i_14808,i_00037,i_02079
u_02076,i_05267,i_07346,i_14115,i_08754,i_01430,i_15940,i_21849,i_05653,i_01998,i_23257
u_02077,i_05472,i_14987,i_01111,i_18262,i_08052,i_14989,i_17582,i_11047,i_09345,i_01523
u_02078,i_11373,i_01111,i_14604,i_12629,i_08560,i_24980,i_15669,i_08355,i_04221,i_17626
u_02079,i_04480,i_17108,i_01993,i_04181,i_10316,i_02359,i_26804,i_27051,i_02154,i_00492
u_02080,i_01468,i_14604,i_17626,i_24980,i_00122,i_00440,i_01480,i_02228,i_07370,i_21094
u_02081,i_14604,i_24980,i_21094,i_00922,i_01810,i_13651,i_00011,i_02786,i_31952,i_04580
u_02082,i_14604,i_17626,i_01523,i_00037,i_10120,i_05267,i_05394,i_14808,i_05393,i_32129
u_02083,i_02786,i_14604,i_10316,i_01468,i_00011,i_06228,i_02317,i_03773,i_14115,i_00126
u_02084,i_04527,i_01849,i_02415,i_00724,i_02136,i_00057,i_01468,i_03866,i_21094,i_06533
u_02085,i_01111,i_01523,i_02317,i_10316,i_14604,i_02786,i_02136,i_05267,i_11569,i_17108
u_02086,i_05267,i_01937,i_01430,i_04580,i_14808,i_18681,i_11910,i_07171,i_00540,i_00126
u_02087,i_06228,i_14604,i_01496,i_11373,i_00057,i_10316,i_02276,i_17626,i_21094,i_00122
u_02088,i_00062,i_08713,i_00506,i_27051,i_03829,i_14604,i_00037,i_00395,i_21094,i_02100
u_02089,i_01480,i_10316,i_14604,i_01111,i_11373,i_11910,i_11909,i_02786,i_10120,i_02313
u_02090,i_01468,i_02786,i_00062,i_01809,i_21094,i_01937,i_02136,i_01111,i_02334,i_01523
u_02091,i_10316,i_11369,i_00395,i_11373,i_01430,i_10353,i_09345,i_02318,i_01479,i_04181
u_02092,i_01923,i_14983,i_05797,i_02786,i_31921,i_02417,i_01485,i_11047,i_03678,i_04523
u_02093,i_01923,i_03773,i_09345,i_04277,i_02136,i_05267,i_11047,i_10316,i_02111,i_01485
u_02094,i_01135,i_11373,i_12430,i_02382,i_10316,i_29117,i_02321,i_02313,i_14604,i_02786
u_02095,i_01480,i_31903,i_28982,i_17924,i_14604,i_21094,i_11373,i_02786,i_00011,i_25690
u_02096,i_14604,i_08132,i_09182,i_04692,i_10316,i_03773,i_01523,i_01998,i_11548,i_14115
u_02097,i_03866,i_24980,i_14604,i_28984,i_01937,i_04580,i_17626,i_05267,i_01468,i_00122
u_02098,i_01523,i_02317,i_02786,i_14604,i_02297,i_03829,i_17389,i_10316,i_01468,i_02334
u_02099,i_01937,i_05394,i_01430,i_14604,i_17108,i_10316,i_05653,i_09345,i_01201,i_13690
u_02100,i_10316,i_05267,i_01468,i_01523,i_14604,i_00062,i_07171,i_08754,i_08801,i_11373
u_02101,i_01923,i_02136,i_02336,i_14983,i_02111,i_01485,i_02417,i_09345,i_05472,i_05797
u_02102,i_03865,i_02683,i_10316,i_06228,i_01468,i_11373,i_02136,i_00586,i_00716,i_21094
u_02103,i_03302,i_21094,i_01097,i_06533,i_00122,i_24980,i_01468,i_17108,i_31952,i_01827
u_02104,i_09842,i_03866,i_14604,i_13489,i_02415,i_02136,i_01485,i_06534,i_32048,i_00062
u_02105,i_10316,i_14604,i_02786,i_18333,i_07089,i_11055,i_11373,i_03468,i_06882,i_02297
u_02106,i_10316,i_31946,i_01849,i_01480,i_21094,i_14604,i_03773,i_01523,i_11373,i_03865
u_02107,i_03262,i_00122,i_06228,i_01476,i_01545,i_00725,i_02228,i_24980,i_12430,i_02080
u_02108,i_13290,i_02313,i_08191,i_00122,i_10316,i_02541,i_02136,i_12772,i_03319,i_01937
u_02109,i_02246,i_01827,i_06766,i_31914,i_31916,i_31915,i_05561,i_09345,i_07323,i_17660
u_02110,i_24980,i_08173,i_21094,i_10316,i_00091,i_01468,i_01827,i_14604,i_00922,i_01486
u_02111,i_00122,i_24980,i_10316,i_11373,i_21094,i_01480,i_01111,i_14604,i_06228,i_01523
u_02112,i_07089,i_13547,i_11055,i_00122,i_01545,i_02786,i_06228,i_04191,i_12785,i_04580
u_02113,i_03773,i_02320,i_04315,i_05677,i_04022,i_11154,i_04603,i_09310,i_06228,i_05283
u_02114,i_02417,i_10100,i_04692,i_21849,i_01111,i_02229,i_01523,i_13127,i_08132,i_13690
u_02115,i_10316,i_01486,i_02317,i_02136,i_01111,i_02105,i_09934,i_04504,i_14604,i_17626
u_02116,i_10316,i_02786,i_01111,i_00155,i_14604,i_01523,i_08132,i_05267,i_11047,i_31921
u_02117,i_00062,i_01485,i_02417,i_00073,i_01937,i_02786,i_07520,i_05797,i_17108,i_10316
u_02118,i_00027,i_02786,i_17626,i_01937,i_14604,i_01468,i_01111,i_01798,i_17108,i_18681
u_02119,i_01937,i_10316,i_02786,i_14115,i_02209,i_02317,i_08132,i_11483,i_00062,i_11569
u_02120,i_08638,i_13850,i_04221,i_10316,i_08544,i_04602,i_10996,i_12927,i_03773,i_02297
u_02121,i_01135,i_09842,i_24980,i_03590,i_00395,i_01485,i_00793,i_32048,i_01937,i_05556
u_02122,i_06766,i_01827,i_03302,i_10781,i_02725,i_01545,i_06228,i_10120,i_02954,i_02080
u_02123,i_01937,i_14604,i_05394,i_05267,i_11910,i_10316,i_00037,i_31921,i_17108,i_04578
u_02124,i_01135,i_02228,i_02321,i_00122,i_02407,i_02563,i_02631,i_01485,i_03616,i_02725
u_02125,i_01468,i_17626,i_01937,i_10316,i_14604,i_04580,i_00122,i_01523,i_05677,i_24980
u_02126,i_01111,i_14604,i_11373,i_01468,i_01741,i_02786,i_01480,i_21094,i_01451,i_01937
u_02127,i_02228,i_08091,i_00767,i_02683,i_10353,i_19432,i_04221,i_02741,i_26940,i_09345
u_02128,i_02229,i_12061,i_10930,i_10100,i_05267,i_14115,i_14808,i_04580,i_05393,i_14604
u_02129,i_31952,i_00037,i_10316,i_08330,i_01486,i_02334,i_01523,i_03601,i_21094,i_11537
u_02130,i_14983,i_03678,i_01937,i_14604,i_03368,i_10316,i_04523,i_05789,i_02882,i_02507
u_02131,i_04524,i_06441,i_05394,i_03589,i_11373,i_01937,i_15940,i_07089,i_18333,i_14808
u_02132,i_00852,i_00226,i_02393,i_01480,i_01468,i_04504,i_10316,i_17626,i_24980,i_21094
u_02133,i_02209,i_02100,i_08355,i_10120,i_17626,i_31952,i_02235,i_01849,i_12072,i_07263
u_02134,i_17626,i_10316,i_02297,i_02105,i_21094,i_31921,i_00922,i_02136,i_02334,i_28278
u_02135,i_01741,i_10316,i_02786,i_02334,i_17119,i_01480,i_00395,i_04450,i_14604,i_02683
u_02136,i_02954,i_03865,i_11373,i_10316,i_01523,i_01111,i_02407,i_01937,i_05267,i_09345
u_02137,i_02786,i_00539,i_25535,i_10316,i_01937,i_00540,i_13705,i_03866,i_09345,i_01798
u_02138,i_10316,i_02079,i_04692,i_23257,i_14808,i_05439,i_15802,i_01937,i_18308,i_03829
u_02139,i_14808,i_09442,i_14221,i_06450,i_11342,i_11154,i_10120,i_15843,i_05394,i_10761
u_02140,i_14604,i_02786,i_24980,i_21094,i_18681,i_02380,i_02299,i_01486,i_00122,i_01998
u_02141,i_01480,i_18333,i_11910,i_11909,i_31921,i_03773,i_14115,i_02382,i_00062,i_01111
u_02142,i_05267,i_18681,i_02786,i_14604,i_01937,i_09383,i_01998,i_05167,i_01523,i_08132
u_02143,i_02359,i_02154,i_10316,i_32108,i_01993,i_03590,i_09341,i_02541,i_02334,i_04480
u_02144,i_22313,i_07520,i_11483,i_05342,i_11548,i_01937,i_08713,i_09327,i_00492,i_16499
u_02145,i_21094,i_10316,i_03213,i_01645,i_01490,i_31921,i_17626,i_22342,i_01486,i_02136
u_02146,i_14604,i_12157,i_00122,i_24980,i_12226,i_02136,i_14173,i_01545,i_32048,i_00075
u_02147,i_01523,i_14115,i_08052,i_02317,i_02596,i_01468,i_01111,i_00062,i_10316,i_14604
u_02148,i_07520,i_01937,i_05267,i_14604,i_04578,i_01798,i_02827,i_01430,i_08713,i_01808
u_02149,i_09708,i_09070,i_08091,i_10353,i_05757,i_08193,i_14751,i_14875,i_11749,i_04585
u_02150,i_10316,i_04504,i_31741,i_14604,i_00852,i_21094,i_24980,i_01486,i_01111,i_00586
u_02151,i_14604,i_00122,i_24980,i_02786,i_02631,i_10316,i_14115,i_05267,i_01523,i_01937
u_02152,i_01480,i_31952,i_14604,i_02022,i_31983,i_24980,i_01987,i_25690,i_00054,i_31959
u_02153,i_14604,i_10316,i_01523,i_11910,i_01480,i_08132,i_03866,i_01937,i_06228,i_03829
u_02154,i_00776,i_02786,i_24980,i_00062,i_02334,i_14115,i_21094,i_02317,i_31952,i_07520
u_02155,i_02786,i_10316,i_09182,i_14115,i_00062,i_10120,i_08132,i_14604,i_11373,i_01937
u_02156,i_05267,i_14604,i_01937,i_14808,i_01523,i_05394,i_01430,i_07171,i_02111,i_17108
u_02157,i_10316,i_07370,i_02276,i_00122,i_24980,i_00389,i_01486,i_31741,i_17108,i_00586
u_02158,i_01937,i_10316,i_05267,i_01998,i_08801,i_05976,i_32112,i_01523,i_05394,i_02136
u_02159,i_04480,i_32036,i_00793,i_31950,i_27051,i_17389,i_15615,i_01937,i_01904,i_02786
u_02160,i_21033,i_01480,i_02600,i_02786,i_17626,i_25690,i_08713,i_14604,i_17108,i_21094
u_02161,i_01523,i_17626,i_24980,i_01937,i_13690,i_10120,i_03678,i_09442,i_05267,i_01468
u_02162,i_14604,i_02786,i_05267,i_03773,i_01523,i_05439,i_14808,i_01430,i_01468,i_00062
u_02163,i_14604,i_01523,i_02786,i_17626,i_10316,i_10258,i_06228,i_01111,i_01937,i_03773
u_02164,i_04578,i_05267,i_01430,i_00062,i_05167,i_01523,i_05976,i_07171,i_01798,i_11365
u_02165,i_10316,i_14604,i_06228,i_00433,i_00776,i_09052,i_12562,i_03262,i_04191,i_05103
u_02166,i_01937,i_01523,i_10316,i_14604,i_24980,i_00062,i_02786,i_01111,i_01480,i_14115
u_02167,i_10316,i_17626,i_14604,i_21094,i_02786,i_01111,i_01468,i_01480,i_06466,i_31921
u_02168,i_11373,i_01480,i_10316,i_01937,i_14808,i_24980,i_10120,i_09052,i_04580,i_07171
u_02169,i_14604,i_01480,i_10316,i_24980,i_11910,i_17924,i_01111,i_05394,i_01158,i_14115
u_02170,i_14604,i_18681,i_08754,i_01798,i_11910,i_05394,i_04197,i_04580,i_04578,i_11365
u_02171,i_02136,i_10120,i_02209,i_17626,i_04504,i_01523,i_02786,i_00433,i_01849,i_09591
u_02172,i_10316,i_01111,i_01486,i_01468,i_17108,i_02786,i_01764,i_01937,i_00389,i_00037
u_02173,i_05786,i_14604,i_02786,i_05267,i_04578,i_01523,i_25535,i_02827,i_10316,i_07171
u_02174,i_01097,i_00075,i_09635,i_10995,i_24980,i_00057,i_08881,i_07583,i_01202,i_11386
u_02175,i_32048,i_08476,i_08491,i_17119,i_01519,i_11298,i_08895,i_08881,i_04408,i_16499
u_02176,i_12969,i_01523,i_05394,i_01937,i_08754,i_05365,i_09182,i_11483,i_09345,i_13690
u_02177,i_02786,i_01937,i_10316,i_01808,i_05267,i_14604,i_02317,i_05103,i_02380,i_14984
u_02178,i_02359,i_04181,i_10316,i_10057,i_17108,i_09591,i_07370,i_01993,i_09124,i_02279
u_02179,i_01480,i_03773,i_11910,i_14604,i_00011,i_24980,i_01937,i_25690,i_28278,i_01468
u_02180,i_01923,i_01523,i_31921,i_11047,i_02827,i_09182,i_04277,i_01111,i_02381,i_03151
u_02181,i_21094,i_10316,i_24980,i_14604,i_31741,i_00362,i_02786,i_08132,i_06228,i_01468
u_02182,i_00122,i_21094,i_02786,i_01480,i_14604,i_17626,i_11373,i_06450,i_24980,i_01535
u_02183,i_10316,i_31952,i_01111,i_01486,i_01937,i_31946,i_01523,i_14604,i_03829,i_01810
u_02184,i_05267,i_01430,i_04578,i_01937,i_11365,i_02827,i_05439,i_05349,i_02334,i_01480
u_02185,i_10316,i_01746,i_15615,i_17626,i_02786,i_01741,i_01523,i_10120,i_00586,i_14604
u_02186,i_11373,i_03319,i_02111,i_10316,i_02631,i_10120,i_00878,i_01111,i_14604,i_10995
u_02187,i_31921,i_31952,i_21094,i_00440,i_18312,i_00122,i_24980,i_00395,i_17924,i_00037
u_02188,i_13423,i_02954,i_24980,i_18031,i_05354,i_11373,i_02415,i_09436,i_15902,i_02313
u_02189,i_06228,i_24980,i_03866,i_04580,i_17626,i_05267,i_21094,i_10316,i_01937,i_02786
u_02190,i_00724,i_17626,i_24980,i_01486,i_02786,i_14604,i_00155,i_16920,i_01480,i_31921
u_02191,i_02136,i_02786,i_01523,i_10120,i_14115,i_01111,i_01764,i_02317,i_12141,i_17269
u_02192,i_05267,i_14604,i_02786,i_08191,i_01430,i_01937,i_01523,i_01468,i_10930,i_14808
u_02193,i_06228,i_18032,i_11373,i_04442,i_06951,i_12320,i_09345,i_01545,i_02786,i_16941
u_02194,i_14604,i_01480,i_01111,i_17626,i_11373,i_21094,i_10120,i_00122,i_01764,i_05267
u_02195,i_02786,i_21094,i_14604,i_01111,i_01480,i_31921,i_01523,i_01937,i_31952,i_02676
u_02196,i_14604,i_04033,i_02786,i_06951,i_06228,i_10316,i_13084,i_01476,i_02725,i_03302
u_02197,i_02786,i_01468,i_06450,i_00062,i_24980,i_01937,i_10316,i_08355,i_02079,i_02317
u_02198,i_02154,i_08193,i_00122,i_00389,i_02276,i_02228,i_01135,i_16877,i_00057,i_02279
u_02199,i_14604,i_02786,i_24980,i_10316,i_05267,i_09383,i_14808,i_01468,i_21094,i_01937
u_02200,i_08091,i_02235,i_10316,i_19432,i_01523,i_02786,i_05416,i_11408,i_01099,i_02209
u_02201,i_01523,i_14115,i_02136,i_02596,i_05267,i_02317,i_22342,i_14651,i_01111,i_02079
u_02202,i_14604,i_01480,i_10316,i_21094,i_03773,i_01486,i_01468,i_01998,i_00122,i_29639
u_02203,i_12061,i_20389,i_05267,i_01480,i_08539,i_21849,i_14808,i_05167,i_01937,i_11910
u_02204,i_14604,i_01923,i_00122,i_01523,i_05267,i_24980,i_06228,i_01111,i_11373,i_14115
u_02205,i_24980,i_00122,i_11373,i_01545,i_01135,i_02382,i_01535,i_17108,i_00716,i_00540
u_02206,i_08895,i_03397,i_32048,i_09592,i_02720,i_04033,i_00145,i_11386,i_03302,i_00023
u_02207,i_05267,i_08132,i_05394,i_03773,i_17626,i_14604,i_01808,i_06450,i_02711,i_11373
u_02208,i_00485,i_01129,i_01522,i_10316,i_01478,i_01645,i_02255,i_02592,i_00922,i_13670
u_02209,i_00395,i_26940,i_03151,i_10202,i_05267,i_01827,i_21094,i_01937,i_08895,i_00428
u_02210,i_08051,i_12418,i_11576,i_08660,i_09659,i_23026,i_02862,i_05034,i_02382,i_05859
u_02211,i_11373,i_03678,i_12282,i_06951,i_11386,i_01485,i_15630,i_01111,i_02111,i_17831
u_02212,i_10316,i_04377,i_12567,i_06228,i_11373,i_01849,i_03773,i_03829,i_00062,i_01523
u_02213,i_05800,i_14604,i_11080,i_19866,i_19802,i_09345,i_05404,i_05857,i_13666,i_14115
u_02214,i_03678,i_02786,i_03368,i_14604,i_01111,i_01937,i_10316,i_05267,i_01523,i_24980
u_02215,i_02631,i_24980,i_11373,i_10057,i_17626,i_02786,i_10316,i_02382,i_14604,i_00122
u_02216,i_17626,i_24980,i_14115,i_10120,i_11910,i_03773,i_01937,i_01849,i_02703,i_14808
u_02217,i_08895,i_24980,i_02755,i_00395,i_00122,i_16877,i_17108,i_12901,i_02228,i_18312
u_02218,i_24980,i_01480,i_02786,i_11373,i_00365,i_00755,i_14604,i_10316,i_00540,i_31903
u_02219,i_01480,i_14604,i_08713,i_17626,i_05188,i_01111,i_01808,i_11910,i_01937,i_00122
u_02220,i_14604,i_01523,i_01937,i_02786,i_05439,i_24980,i_10316,i_08132,i_12728,i_09052
u_02221,i_04578,i_01430,i_01523,i_18681,i_24980,i_07171,i_00062,i_05394,i_08052,i_10316
u_02222,i_02786,i_05976,i_10316,i_02596,i_01523,i_01937,i_00126,i_05394,i_05797,i_01810
u_02223,i_14808,i_05267,i_06783,i_05393,i_11342,i_10930,i_00377,i_21849,i_07518,i_14221
u_02224,i_00062,i_01523,i_02031,i_14604,i_02415,i_10316,i_02827,i_05342,i_01468,i_00433
u_02225,i_05267,i_03866,i_14604,i_11910,i_05191,i_04523,i_08862,i_04578,i_05439,i_05167
u_02226,i_10316,i_14604,i_01746,i_01111,i_02786,i_28982,i_00122,i_01523,i_01736,i_11910
u_02227,i_11373,i_17626,i_14604,i_01480,i_00122,i_02276,i_02407,i_10316,i_05354,i_01111
u_02228,i_03907,i_21094,i_31952,i_12430,i_31741,i_00057,i_00716,i_01486,i_24980,i_02317
u_02229,i_02786,i_00122,i_24980,i_10316,i_14604,i_01480,i_17626,i_05354,i_32129,i_00725
u_02230,i_24980,i_01827,i_10316,i_05786,i_15902,i_13489,i_00523,i_03397,i_11047,i_00724
u_02231,i_29117,i_01774,i_00122,i_00765,i_02228,i_32108,i_00395,i_01476,i_02725,i_31952
u_02232,i_14604,i_00122,i_01111,i_00377,i_05267,i_24980,i_01523,i_01479,i_10120,i_21094
u_02233,i_27051,i_11548,i_00038,i_02111,i_04692,i_13690,i_04480,i_00492,i_10316,i_02031
u_02234,i_01849,i_10316,i_02786,i_24980,i_17626,i_01468,i_11910,i_05797,i_02136,i_03404
u_02235,i_01545,i_03085,i_05354,i_06228,i_02954,i_04585,i_02090,i_01827,i_06951,i_02725
u_02236,i_01480,i_24980,i_01937,i_03866,i_14604,i_10316,i_02786,i_11373,i_03865,i_31921
u_02237,i_11373,i_02786,i_09345,i_24980,i_05786,i_14120,i_13775,i_08191,i_02541,i_17660
u_02238,i_01480,i_14604,i_01937,i_24980,i_17626,i_04504,i_10316,i_00470,i_00852,i_00922
u_02239,i_01523,i_31952,i_24980,i_10316,i_14604,i_00023,i_00122,i_02786,i_04480,i_01111
u_02240,i_14604,i_10316,i_02786,i_02079,i_05203,i_02317,i_03773,i_05797,i_12072,i_01937
u_02241,i_02487,i_04730,i_10226,i_19194,i_04580,i_00057,i_15669,i_05762,i_10761,i_04221
u_02242,i_14604,i_01480,i_11910,i_03389,i_05267,i_21094,i_02786,i_01485,i_17626,i_11373
u_02243,i_02786,i_01523,i_04523,i_02317,i_05797,i_02596,i_01937,i_01468,i_14604,i_00922
u_02244,i_24980,i_01486,i_01480,i_02076,i_01952,i_31959,i_01987,i_02703,i_02786,i_31921
u_02245,i_10316,i_11910,i_01523,i_01485,i_05267,i_24302,i_08132,i_00062,i_01111,i_02120
u_02246,i_10316,i_05407,i_01764,i_01993,i_02786,i_01746,i_00389,i_01486,i_04585,i_01403
u_02247,i_01937,i_01111,i_10316,i_02786,i_08132,i_11342,i_14604,i_12061,i_09345,i_14808
u_02248,i_02631,i_05439,i_00776,i_14173,i_01135,i_05394,i_04123,i_02136,i_04679,i_04580
u_02249,i_10316,i_00122,i_14604,i_02209,i_28982,i_02317,i_07370,i_01468,i_02136,i_01993
u_02250,i_14604,i_05267,i_21849,i_16000,i_07346,i_24564,i_11910,i_15802,i_14651,i_14115
u_02251,i_00122,i_07263,i_17626,i_11373,i_02786,i_07567,i_11408,i_07587,i_10316,i_04221
u_02252,i_14604,i_07089,i_11055,i_01764,i_01523,i_01111,i_02317,i_05493,i_00586,i_01480
u_02253,i_17626,i_31952,i_27675,i_31946,i_24980,i_00122,i_21094,i_22342,i_00922,i_00075
u_02254,i_01054,i_04418,i_01645,i_00724,i_27675,i_10316,i_00586,i_01486,i_00506,i_02297
u_02255,i_02786,i_05394,i_02235,i_07518,i_05267,i_02810,i_14728,i_05103,i_03829,i_08052
u_02256,i_01111,i_00122,i_02321,i_17626,i_02725,i_11373,i_00523,i_03404,i_03601,i_03616
u_02257,i_01430,i_01937,i_11365,i_18681,i_05267,i_00126,i_01468,i_01810,i_14115,i_05976
u_02258,i_11373,i_24980,i_01111,i_17626,i_14604,i_00122,i_08191,i_06228,i_05267,i_19405
u_02259,i_19432,i_14604,i_10316,i_02786,i_04181,i_11047,i_03773,i_10120,i_09182,i_13690
u_02260,i_01468,i_14604,i_01111,i_01430,i_01480,i_25535,i_32129,i_01798,i_05394,i_00377
u_02261,i_10316,i_00506,i_25690,i_00062,i_21094,i_01849,i_03773,i_01523,i_09934,i_01937
u_02262,i_02786,i_05472,i_05797,i_14115,i_02317,i_08801,i_04523,i_05976,i_08132,i_02380
u_02263,i_01111,i_06450,i_10316,i_10057,i_02359,i_27051,i_02274,i_02136,i_01485,i_32129
u_02264,i_05439,i_02079,i_11910,i_01937,i_14604,i_08862,i_05786,i_09345,i_08754,i_13705
u_02265,i_24980,i_11373,i_17626,i_10316,i_14074,i_04580,i_09052,i_12407,i_01937,i_01111
u_02266,i_14604,i_04578,i_02786,i_17626,i_23941,i_24980,i_11910,i_00037,i_18681,i_02334
u_02267,i_06228,i_03579,i_10316,i_08173,i_08831,i_10808,i_01739,i_06533,i_14984,i_08132
u_02268,i_02321,i_00122,i_02228,i_12430,i_01496,i_02725,i_24980,i_02276,i_01135,i_02631
u_02269,i_00011,i_02786,i_00162,i_00163,i_01480,i_32040,i_21094,i_17626,i_14604,i_00154
u_02270,i_04580,i_05267,i_01111,i_14604,i_09345,i_10930,i_00377,i_01430,i_08132,i_10316
u_02271,i_22342,i_01534,i_04191,i_02786,i_02297,i_01135,i_02334,i_05033,i_05619,i_02321
u_02272,i_02282,i_06533,i_02317,i_10972,i_11047,i_03866,i_08859,i_02415,i_01937,i_03869
u_02273,i_00122,i_11373,i_01111,i_03866,i_17626,i_02786,i_01135,i_08191,i_01485,i_00037
u_02274,i_01111,i_05267,i_05394,i_08132,i_10316,i_18681,i_01523,i_02786,i_05797,i_01937
u_02275,i_01468,i_01937,i_17108,i_24302,i_25690,i_02827,i_08713,i_03334,i_02317,i_02031
u_02276,i_03865,i_02427,i_00725,i_06754,i_02313,i_04646,i_01476,i_05899,i_11373,i_03592
u_02277,i_01937,i_24980,i_17626,i_01523,i_04478,i_02786,i_11910,i_10316,i_24302,i_16700
u_02278,i_11373,i_06228,i_01937,i_24980,i_05354,i_17626,i_10316,i_05267,i_01523,i_01111
u_02279,i_05418,i_13084,i_03781,i_24980,i_09345,i_01476,i_04221,i_14604,i_03397,i_32048
u_02280,i_10316,i_17626,i_01937,i_02786,i_05267,i_24980,i_08132,i_14604,i_01099,i_05493
u_02281,i_02786,i_01111,i_10316,i_13690,i_21094,i_02507,i_01523,i_03773,i_02111,i_00062
u_02282,i_01480,i_11373,i_31983,i_28984,i_11910,i_00011,i_02786,i_01468,i_14173,i_12430
u_02283,i_02111,i_02541,i_02786,i_26940,i_01807,i_05267,i_00540,i_09345,i_05472,i_04186
u_02284,i_01468,i_01937,i_10316,i_14604,i_17626,i_21094,i_01486,i_11373,i_28238,i_02786
u_02285,i_00724,i_17626,i_02244,i_25690,i_28982,i_31921,i_00433,i_11910,i_04114,i_03829
u_02286,i_11373,i_12430,i_10316,i_14604,i_00776,i_06883,i_17626,i_01476,i_29600,i_05786
u_02287,i_24980,i_31903,i_01468,i_21094,i_05187,i_00011,i_02786,i_11910,i_05188,i_24302
u_02288,i_01937,i_11047,i_01523,i_05472,i_02786,i_04277,i_04523,i_14651,i_11487,i_03829
u_02289,i_04578,i_06412,i_03829,i_00062,i_01798,i_01937,i_05267,i_14115,i_02786,i_08052
u_02290,i_18333,i_10972,i_06450,i_11055,i_14120,i_10761,i_08862,i_05203,i_03606,i_05762
u_02291,i_14604,i_01111,i_05267,i_01430,i_01523,i_02786,i_01468,i_05797,i_06228,i_04578
u_02292,i_02317,i_08052,i_01523,i_08801,i_01111,i_02380,i_14115,i_08132,i_05394,i_04692
u_02293,i_11373,i_02786,i_21094,i_03773,i_01523,i_01468,i_17626,i_24980,i_10316,i_00776
u_02294,i_14604,i_14808,i_02786,i_26940,i_05394,i_07518,i_05267,i_07171,i_00395,i_09345
u_02295,i_14604,i_01523,i_01937,i_17626,i_10316,i_14651,i_05439,i_08132,i_14115,i_03773
u_02296,i_01111,i_01135,i_10316,i_08132,i_02786,i_01523,i_17108,i_02790,i_18801,i_01807
u_02297,i_05267,i_31903,i_02786,i_14604,i_03819,i_01937,i_05188,i_00027,i_01101,i_11910
u_02298,i_03866,i_14120,i_09141,i_05786,i_08859,i_06773,i_10133,i_00122,i_09170,i_12430
u_02299,i_10316,i_01523,i_06228,i_01111,i_02786,i_17626,i_08132,i_01937,i_14651,i_11373
u_02300,i_16920,i_02393,i_04504,i_01486,i_17626,i_32040,i_05296,i_00226,i_14604,i_00440
u_02301,i_01111,i_02786,i_01523,i_10120,i_24980,i_02317,i_14115,i_02079,i_00122,i_23257
u_02302,i_13448,i_08173,i_08651,i_18801,i_07676,i_08806,i_03397,i_05491,i_09948,i_05786
u_02303,i_00279,i_00213,i_01076,i_22738,i_02280,i_18031,i_00311,i_00075,i_00506,i_01480
u_02304,i_14604,i_24980,i_14808,i_05394,i_01523,i_01998,i_07171,i_10316,i_10930,i_09345
u_02305,i_02736,i_10996,i_09591,i_02741,i_07016,i_05764,i_17734,i_13850,i_15818,i_22265
u_02306,i_11373,i_14727,i_17626,i_09592,i_02631,i_02563,i_03302,i_14074,i_01496,i_01111
u_02307,i_14604,i_10316,i_01746,i_00122,i_01480,i_05493,i_01764,i_11373,i_02786,i_17108
u_02308,i_02786,i_01937,i_05439,i_05267,i_14808,i_01480,i_08132,i_14115,i_03773,i_07171
u_02309,i_24980,i_28982,i_11910,i_09275,i_00204,i_07576,i_04102,i_06244,i_17923,i_00365
u_02310,i_14604,i_01937,i_17626,i_14808,i_01808,i_11047,i_00122,i_10316,i_02786,i_05394
u_02311,i_09345,i_00540,i_04580,i_02229,i_14808,i_01937,i_05394,i_10972,i_08132,i_05439
u_02312,i_14604,i_04580,i_11373,i_02321,i_13084,i_15669,i_10972,i_08895,i_05034,i_09345
u_02313,i_03302,i_02228,i_09345,i_13571,i_17108,i_14074,i_15005,i_00389,i_02764,i_03397
u_02314,i_01746,i_01764,i_21094,i_01736,i_11373,i_10353,i_32108,i_01135,i_00122,i_07567
u_02315,i_14604,i_02786,i_00122,i_10316,i_01746,i_01741,i_01480,i_21094,i_31741,i_00395
u_02316,i_09708,i_08905,i_04585,i_10339,i_05759,i_03590,i_01479,i_04181,i_15129,i_08193
u_02317,i_10316,i_00586,i_02228,i_06228,i_14604,i_24980,i_17626,i_01111,i_05493,i_01746
u_02318,i_10316,i_14604,i_11373,i_01480,i_10120,i_01937,i_09052,i_02136,i_14984,i_13705
u_02319,i_01937,i_02786,i_03829,i_00054,i_01468,i_13651,i_31903,i_01753,i_08713,i_02415
u_02320,i_05267,i_01111,i_00377,i_14604,i_05393,i_02786,i_17108,i_02711,i_06441,i_00540
u_02321,i_01439,i_14074,i_09345,i_24980,i_15005,i_08191,i_14604,i_10120,i_02317,i_17660
u_02322,i_15669,i_17626,i_14604,i_01111,i_03268,i_01937,i_00062,i_02079,i_13670,i_14808
u_02323,i_10316,i_08132,i_14651,i_01523,i_03829,i_14115,i_12061,i_03773,i_01111,i_01993
u_02324,i_05267,i_01937,i_14604,i_21094,i_01523,i_01810,i_02786,i_01468,i_24980,i_13651
u_02325,i_01480,i_11910,i_00122,i_03678,i_10316,i_01523,i_24980,i_02786,i_14604,i_11373
u_02326,i_03773,i_11373,i_08132,i_01523,i_10316,i_09052,i_14808,i_10120,i_14115,i_09182
u_02327,i_02285,i_03404,i_15685,i_05267,i_11047,i_01135,i_04123,i_09345,i_03397,i_12594
u_02328,i_01746,i_14604,i_05493,i_00395,i_10316,i_01764,i_02334,i_14173,i_17626,i_01810
u_02329,i_11373,i_01937,i_28982,i_00122,i_05267,i_10316,i_01111,i_08191,i_24980,i_00523
u_02330,i_01468,i_05267,i_02786,i_21094,i_17626,i_01937,i_24980,i_10316,i_17108,i_02111
u_02331,i_05493,i_04207,i_02741,i_00037,i_02317,i_02297,i_27030,i_09345,i_01810,i_08801
u_02332,i_01480,i_06228,i_10518,i_05187,i_11355,i_02276,i_14604,i_00767,i_22342,i_17923
u_02333,i_00755,i_03268,i_13950,i_09345,i_05762,i_05004,i_32048,i_05172,i_08895,i_02120
u_02334,i_01496,i_13547,i_00782,i_00725,i_13023,i_11373,i_05354,i_01545,i_02080,i_13084
u_02335,i_10316,i_02683,i_05103,i_02435,i_02393,i_01131,i_21094,i_04504,i_14604,i_00724
u_02336,i_00062,i_10316,i_14604,i_09052,i_21094,i_01480,i_10895,i_08132,i_02786,i_07499
u_02337,i_00062,i_07520,i_01937,i_01810,i_05267,i_01523,i_14604,i_26935,i_02786,i_00037
u_02338,i_17626,i_24980,i_31921,i_01937,i_01523,i_24302,i_14604,i_03773,i_01480,i_00473
u_02339,i_14604,i_00928,i_01480,i_06223,i_11055,i_04130,i_06071,i_17924,i_09275,i_01523
u_02340,i_06386,i_02154,i_02090,i_03866,i_02541,i_03302,i_01135,i_00114,i_00122,i_08859
u_02341,i_03590,i_10316,i_01523,i_08091,i_14221,i_24980,i_04418,i_14604,i_03319,i_10995
u_02342,i_32026,i_24980,i_11962,i_01111,i_31950,i_02031,i_00569,i_00389,i_21094,i_11910
u_02343,i_14604,i_02786,i_05267,i_05439,i_01523,i_11365,i_00062,i_09052,i_01430,i_24980
u_02344,i_02313,i_08895,i_24980,i_03397,i_10781,i_13253,i_17626,i_06228,i_12430,i_29117
u_02345,i_04181,i_10316,i_04480,i_01904,i_00122,i_17626,i_00793,i_00389,i_01135,i_01468
u_02346,i_01937,i_14808,i_17626,i_14604,i_05267,i_21094,i_02229,i_10316,i_01523,i_24980
u_02347,i_01937,i_14604,i_25690,i_01468,i_00433,i_02031,i_10316,i_04504,i_05272,i_01486
u_02348,i_05786,i_04679,i_16487,i_03268,i_10972,i_00540,i_14074,i_17626,i_04340,i_02563
u_02349,i_02878,i_02563,i_09345,i_01993,i_04679,i_02541,i_02111,i_03319,i_00395,i_03404
u_02350,i_09275,i_01798,i_17924,i_05188,i_25535,i_31903,i_00468,i_21094,i_00011,i_11373
u_02351,i_01485,i_00122,i_14604,i_05267,i_05797,i_05472,i_11373,i_00073,i_04692,i_13690
u_02352,i_05103,i_01937,i_08713,i_14604,i_02105,i_24980,i_21094,i_01523,i_10316,i_00470
u_02353,i_04480,i_14604,i_02273,i_21094,i_01519,i_02786,i_00492,i_00865,i_01937,i_01523
u_02354,i_01480,i_00433,i_01496,i_01486,i_04033,i_15902,i_09275,i_01545,i_09436,i_02080
u_02355,i_14604,i_24980,i_10518,i_01111,i_28982,i_02786,i_00122,i_11909,i_11910,i_09345
u_02356,i_01468,i_10316,i_04377,i_14604,i_24980,i_01937,i_00468,i_01523,i_02136,i_05267
u_02357,i_06228,i_11373,i_10316,i_02090,i_07370,i_03866,i_00122,i_12785,i_04984,i_14221
u_02358,i_06228,i_02297,i_00075,i_11373,i_04191,i_06223,i_02209,i_13084,i_01545,i_05354
u_02359,i_03866,i_05267,i_24980,i_17626,i_04580,i_05394,i_01937,i_14604,i_05349,i_01798
u_02360,i_01480,i_00011,i_00362,i_00077,i_14604,i_02676,i_21094,i_10518,i_00468,i_00575
u_02361,i_02786,i_10316,i_01937,i_05394,i_08132,i_00122,i_14604,i_00377,i_11910,i_04580
u_02362,i_00037,i_10316,i_11910,i_31903,i_28982,i_02334,i_25535,i_24980,i_14173,i_11047
u_02363,i_24980,i_05267,i_01798,i_04578,i_18681,i_01430,i_08052,i_11910,i_10316,i_01523
u_02364,i_17626,i_24980,i_01480,i_06466,i_14604,i_02786,i_00122,i_00155,i_17108,i_06525
u_02365,i_01111,i_10316,i_09345,i_14604,i_10353,i_21094,i_10120,i_24980,i_19432,i_05267
u_02366,i_10316,i_09124,i_04504,i_00506,i_09052,i_01849,i_09934,i_02136,i_05103,i_07370
u_02367,i_01044,i_31952,i_21094,i_24980,i_01135,i_03829,i_00037,i_00395,i_00724,i_00428
u_02368,i_04480,i_21033,i_04585,i_08091,i_02359,i_02209,i_01468,i_11409,i_02154,i_07263
u_02369,i_08895,i_01523,i_00122,i_10316,i_05267,i_24980,i_05472,i_17626,i_01486,i_21094
u_02370,i_01480,i_01937,i_14604,i_31988,i_17626,i_01523,i_01741,i_28593,i_10316,i_28547
u_02371,i_11055,i_14604,i_01937,i_07089,i_04580,i_01468,i_30751,i_11373,i_02786,i_09345
u_02372,i_01480,i_04102,i_28982,i_01523,i_02786,i_00204,i_06484,i_10518,i_01111,i_14604
u_02373,i_17626,i_01937,i_00716,i_00724,i_05267,i_01923,i_00428,i_01044,i_02111,i_21094
u_02374,i_01111,i_01523,i_00122,i_02380,i_06228,i_05431,i_02382,i_08052,i_04692,i_11543
u_02375,i_11373,i_01485,i_24980,i_11910,i_13084,i_10781,i_10133,i_08132,i_13290,i_01451
u_02376,i_14844,i_15655,i_03468,i_01111,i_03773,i_09345,i_01485,i_14604,i_00062,i_13670
u_02377,i_02786,i_14604,i_24980,i_10316,i_05394,i_01849,i_01480,i_09345,i_01485,i_05267
u_02378,i_01480,i_14604,i_00011,i_02786,i_01468,i_17626,i_01537,i_31952,i_24302,i_05267
u_02379,i_01111,i_14604,i_10316,i_01523,i_24980,i_03773,i_03601,i_01937,i_00122,i_05267
u_02380,i_14604,i_18681,i_03773,i_01468,i_11365,i_02415,i_08132,i_02079,i_00062,i_02786
u_02381,i_14604,i_02786,i_01937,i_05267,i_10316,i_14115,i_11365,i_01523,i_24302,i_01468
u_02382,i_02786,i_01937,i_01485,i_04692,i_10316,i_01998,i_11047,i_05394,i_02810,i_01807
u_02383,i_05267,i_18333,i_11055,i_14604,i_11373,i_09345,i_10972,i_08754,i_13084,i_01998
u_02384,i_10316,i_05267,i_01480,i_21094,i_00155,i_11373,i_01111,i_01937,i_11365,i_11910
u_02385,i_01486,i_14604,i_01480,i_00153,i_00011,i_13651,i_02136,i_25690,i_10316,i_01937
u_02386,i_06228,i_11373,i_00122,i_17626,i_13841,i_24980,i_10081,i_13084,i_07567,i_00057
u_02387,i_01523,i_10316,i_01937,i_01468,i_17626,i_14651,i_14604,i_08052,i_04692,i_05472
u_02388,i_24980,i_06951,i_13841,i_06228,i_04191,i_10316,i_06017,i_21094,i_06952,i_02954
u_02389,i_02786,i_01523,i_01937,i_14115,i_03773,i_05439,i_14604,i_01468,i_02334,i_07520
u_02390,i_10316,i_04578,i_06228,i_14115,i_14604,i_02399,i_22342,i_01937,i_01523,i_10509
u_02391,i_10316,i_01480,i_21094,i_17924,i_02786,i_08116,i_01849,i_00122,i_05272,i_13670
u_02392,i_14604,i_00122,i_11055,i_06223,i_07263,i_17626,i_24980,i_01468,i_11373,i_10316
u_02393,i_03262,i_06228,i_13841,i_02786,i_06951,i_02415,i_01523,i_02080,i_02954,i_16877
u_02394,i_10316,i_09591,i_06882,i_05212,i_04585,i_02209,i_09182,i_08560,i_09659,i_02786
u_02395,i_04418,i_02786,i_10316,i_14604,i_24980,i_02317,i_07520,i_17626,i_06228,i_14115
u_02396,i_01937,i_01224,i_17626,i_16700,i_02031,i_02334,i_05267,i_01480,i_15615,i_02786
u_02397,i_13841,i_06228,i_03302,i_00776,i_17626,i_10316,i_06951,i_02786,i_04191,i_03773
u_02398,i_10316,i_02317,i_02235,i_31921,i_01468,i_01523,i_02136,i_11047,i_01849,i_04679
u_02399,i_07089,i_01480,i_11055,i_14604,i_24980,i_31903,i_11373,i_02317,i_11910,i_02079
u_02400,i_14604,i_01480,i_01523,i_02786,i_00433,i_02136,i_05493,i_02079,i_12141,i_01764
u_02401,i_24980,i_25690,i_21094,i_02321,i_01539,i_02631,i_13084,i_17660,i_05778,i_09345
u_02402,i_01486,i_09345,i_01468,i_17626,i_05267,i_05394,i_00062,i_31921,i_10316,i_11910
u_02403,i_08881,i_09345,i_06241,i_17108,i_17626,i_01129,i_01937,i_01468,i_00306,i_04580
u_02404,i_01937,i_14604,i_01808,i_02786,i_14808,i_05267,i_17626,i_05394,i_01468,i_01998
u_02405,i_14604,i_31946,i_10316,i_24980,i_01480,i_02282,i_00433,i_00362,i_21094,i_00075
u_02406,i_02786,i_14604,i_01937,i_10316,i_01523,i_01468,i_02827,i_11373,i_02079,i_03773
u_02407,i_02393,i_02280,i_01108,i_01746,i_01486,i_10316,i_00492,i_00470,i_00930,i_12084
u_02408,i_05267,i_01937,i_00468,i_14808,i_17626,i_05439,i_11365,i_14115,i_03773,i_04578
u_02409,i_01135,i_00057,i_14604,i_09345,i_01539,i_00389,i_03829,i_08881,i_12901,i_01468
u_02410,i_01937,i_05267,i_14604,i_05394,i_08801,i_01430,i_05167,i_10930,i_05493,i_07171
u_02411,i_01486,i_10316,i_05103,i_04377,i_02136,i_09124,i_03773,i_17626,i_00091,i_00724
u_02412,i_13845,i_14452,i_18200,i_13844,i_13691,i_08173,i_16228,i_11185,i_04300,i_04363
u_02413,i_00155,i_17626,i_00162,i_28278,i_00154,i_24980,i_01480,i_00163,i_02786,i_05296
u_02414,i_14604,i_04102,i_11910,i_02786,i_24980,i_01111,i_02334,i_10316,i_01736,i_17924
u_02415,i_17626,i_00506,i_10316,i_02280,i_06533,i_00586,i_04418,i_24980,i_02954,i_02213
u_02416,i_04480,i_02786,i_01224,i_10057,i_17626,i_14604,i_01937,i_14221,i_00793,i_04585
u_02417,i_01937,i_02136,i_07062,i_28984,i_05267,i_04277,i_00037,i_01923,i_14604,i_03389
u_02418,i_01941,i_17626,i_10316,i_24980,i_11373,i_14604,i_11910,i_31952,i_00724,i_31921
u_02419,i_04585,i_03590,i_02359,i_14221,i_09442,i_01993,i_10057,i_00761,i_02279,i_02755
u_02420,i_11904,i_17622,i_09711,i_15730,i_14452,i_04298,i_12365,i_11600,i_16279,i_11541
u_02421,i_01523,i_03302,i_01798,i_24980,i_14604,i_06228,i_01486,i_14808,i_02276,i_00057
u_02422,i_22522,i_14604,i_14844,i_08191,i_17108,i_00037,i_05267,i_24980,i_06441,i_08052
u_02423,i_07323,i_01199,i_01477,i_02388,i_05561,i_00039,i_02720,i_13841,i_04646,i_06228
u_02424,i_14604,i_05267,i_17626,i_01111,i_01998,i_00126,i_01808,i_01430,i_01810,i_25535
u_02425,i_31903,i_01480,i_04578,i_02786,i_04580,i_02334,i_05349,i_01937,i_01430,i_17626
u_02426,i_05472,i_06017,i_11386,i_02786,i_22342,i_11543,i_12282,i_01934,i_01111,i_02090
u_02427,i_00540,i_02786,i_05267,i_09345,i_01111,i_05786,i_03829,i_14604,i_05394,i_14808
u_02428,i_10316,i_01523,i_08132,i_14604,i_03773,i_10120,i_02244,i_01486,i_01849,i_11373
u_02429,i_04298,i_04297,i_04295,i_04296,i_11904,i_13952,i_13691,i_14452,i_17622,i_04302
u_02430,i_24980,i_01937,i_14604,i_00468,i_01468,i_17626,i_21094,i_31952,i_05573,i_00122
u_02431,i_01108,i_16920,i_28880,i_07061,i_22342,i_10316,i_02318,i_02297,i_00311,i_28547
u_02432,i_17626,i_10316,i_02786,i_00389,i_01135,i_00865,i_00044,i_00197,i_01485,i_01111
u_02433,i_01480,i_10518,i_00506,i_09275,i_11910,i_03262,i_00158,i_24980,i_00776,i_22342
u_02434,i_13670,i_12606,i_26804,i_16660,i_12141,i_03909,i_12426,i_04627,i_07524,i_09124
u_02435,i_01496,i_01545,i_24980,i_00122,i_02228,i_02080,i_01988,i_02313,i_29117,i_01135
u_02436,i_14604,i_10316,i_17626,i_01523,i_02786,i_24980,i_08132,i_01451,i_05394,i_01937
u_02437,i_00948,i_14604,i_00468,i_24980,i_01523,i_01468,i_21094,i_10316,i_01111,i_14808
u_02438,i_05267,i_24980,i_21094,i_01808,i_10316,i_01937,i_01798,i_01135,i_04580,i_00791
u_02439,i_00122,i_01111,i_00377,i_01523,i_14604,i_17626,i_01135,i_01937,i_02786,i_02380
u_02440,i_14604,i_01480,i_05394,i_18681,i_01111,i_01937,i_08754,i_00027,i_00540,i_02786
u_02441,i_04578,i_01937,i_01111,i_01430,i_14604,i_05394,i_02786,i_08132,i_14844,i_09345
u_02442,i_14604,i_01937,i_05267,i_01430,i_02786,i_05394,i_03819,i_10316,i_05349,i_10930
u_02443,i_10316,i_02209,i_08132,i_09976,i_10713,i_17626,i_08560,i_01849,i_08831,i_07370
u_02444,i_02786,i_01937,i_01523,i_02827,i_02596,i_01923,i_03368,i_05472,i_14983,i_00062
u_02445,i_01135,i_09442,i_11543,i_02764,i_12282,i_02541,i_15802,i_04679,i_02725,i_03590
u_02446,i_19932,i_18008,i_14554,i_21109,i_20636,i_13984,i_10425,i_09061,i_09592,i_10120
u_02447,i_00122,i_10316,i_14604,i_24980,i_17626,i_11373,i_12061,i_06228,i_06397,i_02786
u_02448,i_01486,i_10316,i_02382,i_00776,i_01827,i_06228,i_02276,i_11373,i_21094,i_02313
u_02449,i_21849,i_05394,i_09383,i_03404,i_01111,i_04123,i_01135,i_09345,i_10316,i_04692
u_02450,i_14604,i_24980,i_01868,i_05267,i_10316,i_25535,i_01111,i_04580,i_21094,i_28982
u_02451,i_10316,i_01480,i_21094,i_31946,i_02786,i_14604,i_03773,i_00506,i_28982,i_32040
u_02452,i_14604,i_05267,i_11373,i_14808,i_01937,i_05439,i_05394,i_10316,i_10930,i_01523
u_02453,i_05267,i_01523,i_01937,i_02827,i_01468,i_24980,i_10316,i_01808,i_02317,i_17626
u_02454,i_02786,i_00122,i_02417,i_01111,i_11373,i_14604,i_10316,i_17687,i_01485,i_16837
u_02455,i_00724,i_24980,i_21094,i_01545,i_10316,i_06397,i_03773,i_00716,i_02080,i_01849
u_02456,i_14604,i_02827,i_18681,i_07089,i_08801,i_04578,i_11055,i_14115,i_05267,i_01998
u_02457,i_14604,i_14808,i_02786,i_00062,i_01937,i_01468,i_01523,i_14115,i_03773,i_10316
u_02458,i_04377,i_04089,i_15730,i_11904,i_04299,i_04296,i_04293,i_02954,i_17622,i_04300
u_02459,i_10996,i_15818,i_15304,i_20190,i_12927,i_08560,i_07174,i_02741,i_08346,i_11161
u_02460,i_17626,i_10316,i_09327,i_00389,i_14221,i_14604,i_02786,i_01111,i_04181,i_01937
u_02461,i_05767,i_12157,i_01111,i_01097,i_01135,i_03866,i_06882,i_10316,i_02136,i_00389
u_02462,i_21094,i_17626,i_14604,i_01923,i_11373,i_13084,i_01937,i_18681,i_14808,i_00126
u_02463,i_05899,i_17660,i_11386,i_09592,i_02228,i_22342,i_06228,i_15902,i_16877,i_00145
u_02464,i_01111,i_00122,i_24980,i_14604,i_11548,i_02382,i_02790,i_00540,i_02407,i_01135
u_02465,i_01937,i_05394,i_01111,i_07171,i_14808,i_05786,i_14173,i_11910,i_02111,i_01468
u_02466,i_14604,i_24980,i_03302,i_06228,i_11055,i_18333,i_10316,i_01111,i_17626,i_07089
u_02467,i_04504,i_10316,i_00226,i_14604,i_01468,i_00852,i_08132,i_02786,i_27051,i_00930
u_02468,i_04580,i_10316,i_17626,i_05267,i_02827,i_00755,i_14604,i_02334,i_05786,i_00724
u_02469,i_02720,i_14604,i_09345,i_17108,i_01523,i_02209,i_02317,i_11373,i_02415,i_04181
u_02470,i_07520,i_24302,i_08713,i_04578,i_17108,i_00359,i_01937,i_00244,i_00362,i_31921
u_02471,i_24980,i_03866,i_17626,i_02786,i_01937,i_05267,i_10316,i_01468,i_07171,i_03773
u_02472,i_07263,i_10316,i_04504,i_05710,i_01468,i_02317,i_21094,i_01486,i_00852,i_02297
u_02473,i_14604,i_24980,i_01523,i_01480,i_31952,i_11373,i_10316,i_04442,i_04580,i_14808
u_02474,i_05267,i_01923,i_01485,i_01937,i_02786,i_01523,i_03773,i_10316,i_14604,i_17626
u_02475,i_01523,i_02827,i_13489,i_06534,i_08862,i_02541,i_00037,i_14173,i_01111,i_00755
u_02476,i_14604,i_05267,i_24980,i_04578,i_17626,i_03829,i_05394,i_01468,i_14115,i_01523
u_02477,i_25690,i_05267,i_21094,i_01849,i_17626,i_10316,i_05272,i_01468,i_00062,i_03773
u_02478,i_00062,i_06228,i_03773,i_01937,i_00011,i_10316,i_08052,i_14115,i_08132,i_11483
u_02479,i_03678,i_03849,i_04366,i_00468,i_21094,i_09436,i_00126,i_24980,i_04277,i_01523
u_02480,i_07370,i_02634,i_10316,i_02440,i_00122,i_17626,i_02209,i_03590,i_02136,i_01135
u_02481,i_01135,i_01539,i_02313,i_29117,i_03865,i_00377,i_01937,i_00122,i_10133,i_02487
u_02482,i_01111,i_01937,i_10316,i_02415,i_05267,i_14604,i_01523,i_01468,i_24302,i_02472
u_02483,i_24126,i_10316,i_01746,i_01741,i_02786,i_01480,i_00122,i_01485,i_05493,i_14604
u_02484,i_14808,i_14604,i_03866,i_09345,i_05394,i_05167,i_02079,i_01998,i_17626,i_05393
u_02485,i_17626,i_02786,i_14604,i_28984,i_24302,i_03368,i_31921,i_03151,i_01480,i_03829
u_02486,i_12228,i_13449,i_02507,i_03845,i_02111,i_02786,i_13775,i_22605,i_15388,i_15630
u_02487,i_01480,i_14604,i_11910,i_08592,i_11373,i_17626,i_12263,i_05786,i_14518,i_13705
u_02488,i_04578,i_14808,i_00126,i_05976,i_08052,i_01798,i_01937,i_14115,i_05439,i_05394
u_02489,i_05710,i_01937,i_03866,i_21094,i_11373,i_02393,i_24980,i_01111,i_10316,i_17626
u_02490,i_01468,i_26779,i_07524,i_06863,i_02786,i_14604,i_21094,i_01523,i_01937,i_04413
u_02491,i_02380,i_00057,i_00037,i_04580,i_02299,i_31921,i_02228,i_02079,i_01468,i_01202
u_02492,i_01111,i_05267,i_01468,i_14604,i_24980,i_00395,i_01937,i_21094,i_00122,i_01485
u_02493,i_10316,i_02786,i_03773,i_04504,i_07370,i_09124,i_02317,i_14604,i_00506,i_09461
u_02494,i_14604,i_01937,i_05786,i_21094,i_01468,i_06533,i_02105,i_03866,i_24980,i_05569
u_02495,i_01937,i_14604,i_01468,i_10316,i_02031,i_01111,i_17253,i_01523,i_02786,i_01934
u_02496,i_14808,i_02827,i_00062,i_02596,i_01468,i_02786,i_04578,i_05394,i_01798,i_05349
u_02497,i_07904,i_01923,i_00122,i_14604,i_03397,i_01135,i_03678,i_02786,i_02313,i_02563
u_02498,i_02786,i_14604,i_01937,i_10316,i_17626,i_01430,i_01111,i_01486,i_05394,i_01468
u_02499,i_18333,i_05472,i_06228,i_01476,i_11373,i_02954,i_10995,i_06071,i_01988,i_11386
u_02500,i_05267,i_24980,i_01998,i_17626,i_11910,i_01430,i_02786,i_03829,i_10316,i_01523
u_02501,i_11910,i_14808,i_05267,i_04580,i_10316,i_01998,i_10930,i_11365,i_18681,i_09052
u_02502,i_14604,i_00523,i_02209,i_14808,i_31952,i_01111,i_02317,i_01430,i_09345,i_10930
u_02503,i_00062,i_01937,i_02282,i_26936,i_02031,i_08713,i_04504,i_21094,i_02381,i_03650
u_02504,i_24980,i_06228,i_11373,i_14604,i_05354,i_01496,i_01476,i_02276,i_02313,i_02080
u_02505,i_01468,i_05267,i_02786,i_00395,i_00126,i_01111,i_01519,i_10316,i_07520,i_01523
u_02506,i_02235,i_02297,i_17108,i_31952,i_22342,i_00311,i_27675,i_15181,i_22738,i_02317
u_02507,i_10353,i_08091,i_10316,i_04602,i_09070,i_04221,i_17831,i_04603,i_24980,i_06951
u_02508,i_02317,i_31921,i_01480,i_17626,i_01486,i_01849,i_02786,i_01468,i_05267,i_01523
u_02509,i_02786,i_00724,i_24980,i_00037,i_05267,i_21094,i_06792,i_01468,i_25690,i_01523
u_02510,i_01480,i_23464,i_23279,i_32048,i_24561,i_07524,i_13124,i_03773,i_17923,i_11373
u_02511,i_02031,i_16700,i_06582,i_27051,i_08713,i_00062,i_16499,i_01937,i_00492,i_31950
u_02512,i_00506,i_00075,i_00279,i_02786,i_17626,i_14604,i_21094,i_01480,i_27675,i_18031
u_02513,i_24980,i_03480,i_08895,i_00122,i_05573,i_02300,i_05418,i_01988,i_03866,i_00755
u_02514,i_14604,i_11373,i_04580,i_02697,i_05573,i_04340,i_24980,i_00755,i_11910,i_02079
u_02515,i_02786,i_10316,i_00062,i_04504,i_14604,i_01937,i_17626,i_03773,i_14115,i_02136
u_02516,i_14604,i_05267,i_04578,i_14115,i_05349,i_08754,i_06068,i_07520,i_05394,i_02786
u_02517,i_07370,i_01468,i_01523,i_01202,i_06228,i_00433,i_02209,i_09124,i_00506,i_14984
u_02518,i_10226,i_06886,i_08314,i_19725,i_13111,i_13253,i_15346,i_04580,i_25614,i_12655
u_02519,i_01937,i_05267,i_14115,i_00037,i_11365,i_07266,i_00062,i_05394,i_14604,i_00126
u_02520,i_02786,i_02380,i_01523,i_10316,i_17108,i_00062,i_15181,i_08713,i_07520,i_01937
u_02521,i_21094,i_10316,i_14604,i_01523,i_08518,i_31921,i_01937,i_00506,i_00142,i_04191
u_02522,i_24980,i_01480,i_01523,i_01468,i_08132,i_17626,i_01937,i_14808,i_01111,i_04580
u_02523,i_14604,i_05394,i_01111,i_01937,i_10316,i_09345,i_08132,i_05439,i_14808,i_11047
u_02524,i_02786,i_02954,i_02297,i_14120,i_05354,i_06228,i_00122,i_04191,i_11386,i_02274
u_02525,i_04580,i_01937,i_01523,i_24980,i_00755,i_02300,i_13489,i_09052,i_02079,i_14173
u_02526,i_17007,i_17536,i_17535,i_12739,i_16627,i_21435,i_15461,i_18954,i_20764,i_01202
u_02527,i_12786,i_06510,i_09345,i_02136,i_07567,i_02663,i_04221,i_10930,i_05797,i_02317
u_02528,i_00122,i_24980,i_01480,i_17626,i_02786,i_10316,i_03866,i_01468,i_05109,i_11373
u_02529,i_02282,i_01827,i_24980,i_04033,i_11047,i_00433,i_10316,i_03829,i_14074,i_02136
u_02530,i_01937,i_05267,i_05439,i_01523,i_02786,i_04578,i_02334,i_03819,i_01480,i_14115
u_02531,i_04679,i_05664,i_01479,i_07263,i_11918,i_09072,i_08596,i_04254,i_00395,i_17626
u_02532,i_12430,i_29117,i_24980,i_00122,i_01535,i_16877,i_03567,i_01545,i_01476,i_25828
u_02533,i_14604,i_00433,i_11373,i_07370,i_00158,i_01468,i_04413,i_00075,i_06533,i_03773
u_02534,i_01937,i_05267,i_17626,i_01798,i_11365,i_02786,i_24980,i_14604,i_00126,i_02827
u_02535,i_19611,i_17764,i_19943,i_18921,i_18922,i_17820,i_20596,i_04690,i_20517,i_17818
u_02536,i_14604,i_05267,i_11365,i_05394,i_18681,i_01998,i_05349,i_01937,i_04578,i_02786
u_02537,i_01480,i_10518,i_24980,i_28982,i_14604,i_26804,i_02334,i_17108,i_25535,i_10316
u_02538,i_05267,i_00468,i_01798,i_18681,i_11365,i_01430,i_00011,i_07520,i_02827,i_01468
u_02539,i_07062,i_01937,i_01523,i_08132,i_05472,i_10316,i_11569,i_11047,i_14115,i_01111
u_02540,i_14604,i_05267,i_24980,i_17626,i_01468,i_02786,i_01937,i_01998,i_14808,i_01430
u_02541,i_09070,i_02316,i_05775,i_08091,i_04603,i_02736,i_09591,i_01645,i_10699,i_09310
u_02542,i_02022,i_02076,i_01952,i_00539,i_03866,i_00795,i_12579,i_01868,i_10509,i_04102
u_02543,i_14604,i_02786,i_32040,i_01937,i_24980,i_04580,i_00126,i_10316,i_01523,i_06228
u_02544,i_01480,i_02786,i_10316,i_00575,i_24302,i_24980,i_06466,i_02318,i_00470,i_31921
u_02545,i_02786,i_12157,i_01468,i_01798,i_02380,i_17108,i_11342,i_08052,i_02209,i_00037
u_02546,i_01937,i_11365,i_14604,i_05394,i_03678,i_14808,i_01998,i_05108,i_07171,i_18681
u_02547,i_06228,i_02954,i_11373,i_00122,i_19697,i_00725,i_13084,i_17108,i_01165,i_01827
u_02548,i_02313,i_01451,i_02235,i_03870,i_09464,i_00716,i_18757,i_02100,i_07323,i_10316
u_02549,i_02786,i_01111,i_01937,i_08713,i_02596,i_14604,i_21094,i_05267,i_17108,i_01523
u_02550,i_01430,i_01937,i_24980,i_05267,i_01480,i_01468,i_01998,i_00852,i_07061,i_09052
u_02551,i_14604,i_01468,i_00122,i_17626,i_10316,i_03866,i_01202,i_02317,i_14526,i_01451
u_02552,i_14604,i_10930,i_05267,i_01937,i_17626,i_02786,i_08132,i_05394,i_04580,i_11910
u_02553,i_14604,i_05267,i_05394,i_01937,i_01998,i_01468,i_14808,i_10316,i_02786,i_01121
u_02554,i_01480,i_01111,i_10518,i_05103,i_00077,i_02786,i_00204,i_24980,i_00306,i_04102
u_02555,i_01480,i_17626,i_11910,i_21094,i_14604,i_11373,i_04316,i_11909,i_01545,i_03389
u_02556,i_01523,i_05267,i_01937,i_05439,i_14808,i_02786,i_14604,i_14115,i_09461,i_11910
u_02557,i_14604,i_02321,i_05786,i_01451,i_21094,i_10316,i_24980,i_12430,i_00506,i_00122
u_02558,i_01468,i_01523,i_14604,i_17626,i_24980,i_10316,i_05267,i_00870,i_01111,i_24302
u_02559,i_01937,i_02786,i_05267,i_01111,i_05797,i_01468,i_02827,i_05394,i_11487,i_09182
u_02560,i_08544,i_08638,i_15802,i_13571,i_10996,i_08258,i_12785,i_15818,i_15304,i_11373
u_02561,i_00062,i_02786,i_05267,i_14115,i_07520,i_14808,i_08713,i_03773,i_09052,i_24980
u_02562,i_02415,i_05267,i_08713,i_02031,i_07520,i_01468,i_01523,i_00062,i_14604,i_01430
u_02563,i_01111,i_01480,i_11373,i_17626,i_05267,i_01468,i_02786,i_24980,i_10316,i_21094
u_02564,i_01937,i_01523,i_08132,i_02079,i_14604,i_07171,i_03829,i_14115,i_01849,i_09124
u_02565,i_02786,i_01468,i_14604,i_05272,i_01523,i_17626,i_01111,i_10316,i_01937,i_02334
u_02566,i_11923,i_16300,i_23166,i_05879,i_21849,i_02415,i_03616,i_03397,i_10808,i_21404
u_02567,i_10316,i_28278,i_00506,i_02136,i_01486,i_24980,i_01468,i_09124,i_01480,i_21094
u_02568,i_10316,i_02786,i_07370,i_00922,i_01849,i_03773,i_03829,i_24980,i_02100,i_02136
u_02569,i_05267,i_21427,i_13290,i_18308,i_10843,i_12075,i_17519,i_09345,i_10895,i_14173
u_02570,i_00365,i_01480,i_24980,i_10518,i_08754,i_03819,i_13705,i_01111,i_31903,i_17626
u_02571,i_01523,i_02786,i_17626,i_10316,i_02596,i_01937,i_01111,i_06228,i_02317,i_02318
u_02572,i_10316,i_00122,i_14604,i_17626,i_02111,i_00716,i_01486,i_02313,i_00389,i_02276
u_02573,i_01937,i_11365,i_10377,i_01430,i_14808,i_01998,i_01523,i_05394,i_07429,i_05976
u_02574,i_03900,i_02090,i_01827,i_01496,i_01097,i_16877,i_03567,i_02228,i_24980,i_08881
u_02575,i_14604,i_02300,i_04580,i_05267,i_01111,i_02786,i_14808,i_12061,i_04340,i_05349
u_02576,i_16920,i_01486,i_08713,i_07061,i_02282,i_00062,i_14604,i_17626,i_01468,i_21094
u_02577,i_17626,i_02136,i_04413,i_01468,i_27675,i_03829,i_01645,i_00122,i_10316,i_02317
u_02578,i_04171,i_01479,i_08193,i_03590,i_14221,i_04585,i_03319,i_02563,i_02154,i_02382
u_02579,i_03319,i_02631,i_03616,i_01135,i_17626,i_02382,i_02634,i_24980,i_09345,i_10316
u_02580,i_14221,i_01993,i_05212,i_02079,i_03319,i_01479,i_10316,i_02680,i_03590,i_02359
u_02581,i_08713,i_01937,i_00062,i_02786,i_02031,i_02827,i_11910,i_14604,i_17108,i_05267
u_02582,i_05267,i_24980,i_01468,i_01937,i_01523,i_00377,i_05394,i_02334,i_17626,i_09345
u_02583,i_14604,i_10316,i_24980,i_01111,i_09383,i_01937,i_21094,i_00122,i_05394,i_00037
u_02584,i_03302,i_01496,i_05899,i_00725,i_02090,i_03592,i_24980,i_01097,i_13291,i_10995
u_02585,i_14604,i_05267,i_24980,i_01111,i_05394,i_01523,i_02334,i_11910,i_17626,i_11365
u_02586,i_01480,i_24980,i_02031,i_05330,i_01937,i_07576,i_08862,i_14173,i_02334,i_01868
u_02587,i_10316,i_02786,i_01937,i_00062,i_14115,i_24980,i_14604,i_03678,i_06412,i_03773
u_02588,i_10316,i_24980,i_01468,i_17626,i_01937,i_03829,i_02786,i_05267,i_01523,i_08518
u_02589,i_02786,i_14604,i_01523,i_05267,i_05797,i_05472,i_02111,i_02415,i_01923,i_13690
u_02590,i_04299,i_04089,i_08428,i_17622,i_04295,i_06228,i_05852,i_04293,i_15730,i_04301
u_02591,i_11910,i_05394,i_01937,i_05439,i_01201,i_24980,i_07171,i_14808,i_08132,i_01430
u_02592,i_09275,i_14604,i_10518,i_24980,i_08862,i_11373,i_02317,i_02313,i_10316,i_31903
u_02593,i_21094,i_17108,i_17626,i_00037,i_08881,i_02334,i_05267,i_00395,i_04413,i_03773
u_02594,i_03866,i_02321,i_14604,i_08895,i_17626,i_21094,i_24980,i_02631,i_01111,i_01468
u_02595,i_05267,i_01430,i_10316,i_04578,i_11910,i_01468,i_01523,i_05653,i_05394,i_08801
u_02596,i_05394,i_09345,i_32129,i_05267,i_04580,i_01201,i_00377,i_00122,i_01111,i_10316
u_02597,i_06882,i_02282,i_05797,i_02317,i_05472,i_01912,i_02299,i_28984,i_01486,i_04523
u_02598,i_10316,i_31921,i_06228,i_24980,i_11373,i_01111,i_01485,i_14604,i_00122,i_10120
u_02599,i_06766,i_08881,i_00122,i_04221,i_16877,i_02228,i_08539,i_11373,i_14604,i_32129
u_02600,i_10316,i_02786,i_01937,i_01523,i_17626,i_01111,i_14604,i_00037,i_02541,i_01998
u_02601,i_02786,i_14115,i_10120,i_12407,i_14808,i_10316,i_05416,i_00540,i_01523,i_03926
u_02602,i_02786,i_05267,i_01937,i_11365,i_18681,i_01798,i_05349,i_01111,i_01468,i_05167
u_02603,i_14604,i_02786,i_10316,i_21094,i_04504,i_13084,i_02317,i_01486,i_14984,i_31921
u_02604,i_10316,i_05394,i_01937,i_01111,i_02786,i_01201,i_05653,i_04578,i_03829,i_31921
u_02605,i_11373,i_05267,i_14808,i_01111,i_07089,i_18333,i_10316,i_24980,i_05394,i_17626
u_02606,i_01480,i_08193,i_11373,i_06228,i_24755,i_01496,i_28982,i_14604,i_06766,i_06071
u_02607,i_01937,i_04478,i_05394,i_05267,i_01523,i_02786,i_04181,i_16000,i_22605,i_17626
u_02608,i_00540,i_05786,i_10995,i_02300,i_21849,i_00619,i_03616,i_02968,i_04580,i_09173
u_02609,i_05764,i_02831,i_08116,i_09552,i_02741,i_02725,i_00145,i_15005,i_11959,i_10081
u_02610,i_14604,i_02786,i_01937,i_05394,i_00062,i_05267,i_14808,i_14115,i_18681,i_01430
u_02611,i_10316,i_02786,i_24980,i_17626,i_21094,i_01480,i_02280,i_00122,i_31952,i_28984
u_02612,i_17626,i_02786,i_05493,i_10057,i_02209,i_01993,i_14604,i_05416,i_14651,i_01523
u_02613,i_08116,i_04022,i_02228,i_11373,i_10996,i_13761,i_00145,i_03302,i_19469,i_11566
u_02614,i_02507,i_03781,i_06766,i_05418,i_02609,i_06386,i_01496,i_05927,i_03866,i_01044
u_02615,i_02111,i_01485,i_17108,i_12101,i_05267,i_02091,i_01923,i_01807,i_00382,i_02882
u_02616,i_02136,i_02079,i_01764,i_02380,i_10509,i_03773,i_00433,i_02786,i_11047,i_20761
u_02617,i_24980,i_11373,i_05267,i_01937,i_14808,i_10316,i_04580,i_01523,i_01468,i_11910
u_02618,i_00725,i_02080,i_03467,i_05354,i_01476,i_03302,i_00776,i_19469,i_01451,i_18032
u_02619,i_04418,i_10316,i_01523,i_17119,i_08052,i_14604,i_01468,i_02415,i_11487,i_01937
u_02620,i_01523,i_10316,i_11373,i_05439,i_10120,i_00122,i_03601,i_04580,i_18801,i_02407
u_02621,i_04580,i_05267,i_05394,i_14604,i_07266,i_09345,i_00377,i_32129,i_05797,i_02827
u_02622,i_05267,i_01523,i_18681,i_08713,i_00062,i_01468,i_08052,i_14604,i_02415,i_11365
u_02623,i_06228,i_01545,i_04186,i_01827,i_01468,i_00716,i_17108,i_02228,i_02725,i_02080
u_02624,i_02786,i_01523,i_01937,i_00062,i_03678,i_02415,i_14604,i_02827,i_04277,i_14115
u_02625,i_02786,i_01523,i_14604,i_01937,i_10120,i_02415,i_10316,i_00716,i_06534,i_01468
u_02626,i_14604,i_08191,i_01868,i_05349,i_04578,i_13705,i_08754,i_02622,i_03773,i_24980
u_02627,i_11910,i_02415,i_05267,i_09052,i_03773,i_07171,i_03829,i_01430,i_04504,i_01468
u_02628,i_02786,i_01937,i_01523,i_00062,i_14604,i_04578,i_10316,i_21094,i_01923,i_02827
u_02629,i_12061,i_14651,i_10316,i_07429,i_05416,i_09948,i_11483,i_05976,i_20988,i_11373
u_02630,i_03262,i_18139,i_13841,i_02786,i_06952,i_06228,i_01097,i_02297,i_02136,i_00506
u_02631,i_21094,i_10316,i_13084,i_24980,i_00724,i_02786,i_11373,i_01468,i_09345,i_14604
u_02632,i_10316,i_01468,i_14604,i_02136,i_00011,i_00928,i_00062,i_13651,i_01486,i_02317
u_02633,i_04504,i_31921,i_10316,i_05103,i_21094,i_02435,i_01486,i_24980,i_03773,i_02213
u_02634,i_14808,i_05267,i_04578,i_18681,i_17626,i_05394,i_01468,i_01430,i_07171,i_00791
u_02635,i_13841,i_24980,i_05267,i_10895,i_01480,i_02786,i_10316,i_10258,i_17626,i_06228
u_02636,i_24755,i_29718,i_03829,i_00122,i_01135,i_02317,i_02209,i_06383,i_04527,i_04692
u_02637,i_02541,i_00145,i_02111,i_12282,i_13084,i_06228,i_03866,i_04585,i_25608,i_03404
u_02638,i_05267,i_11910,i_10316,i_01523,i_24980,i_01480,i_02786,i_04580,i_00122,i_11373
u_02639,i_01480,i_31903,i_14604,i_24980,i_05188,i_10518,i_01937,i_17924,i_01523,i_17923
u_02640,i_05188,i_11910,i_10518,i_02786,i_28982,i_31903,i_24980,i_17626,i_11373,i_05267
u_02641,i_01937,i_02786,i_24980,i_14604,i_05167,i_05394,i_01468,i_10316,i_31921,i_02827
u_02642,i_16487,i_11756,i_09124,i_05203,i_03803,i_12594,i_04692,i_14248,i_04123,i_05122
u_02643,i_00922,i_02831,i_04022,i_02228,i_01849,i_02136,i_10120,i_07263,i_17660,i_02209
u_02644,i_11055,i_07089,i_14604,i_18333,i_11373,i_01480,i_02334,i_13084,i_24980,i_08862
u_02645,i_02786,i_11543,i_17626,i_06882,i_17108,i_00506,i_00724,i_03773,i_11373,i_01111
u_02646,i_16499,i_01937,i_01468,i_02786,i_02731,i_00062,i_01732,i_17119,i_02031,i_07596
u_02647,i_10316,i_01537,i_17626,i_21094,i_11373,i_24980,i_03773,i_09345,i_08132,i_00062
u_02648,i_01486,i_14604,i_02299,i_05103,i_01739,i_02393,i_02079,i_04504,i_10316,i_14984
u_02649,i_24980,i_00310,i_01741,i_01746,i_14604,i_21094,i_09591,i_01764,i_08091,i_31921
u_02650,i_13122,i_08355,i_21094,i_05439,i_15005,i_05416,i_09591,i_02244,i_02317,i_04340
u_02651,i_01937,i_02786,i_01468,i_02031,i_00062,i_05188,i_08713,i_07520,i_00152,i_02827
u_02652,i_00122,i_10316,i_14604,i_04221,i_06228,i_24980,i_02741,i_07567,i_02228,i_05763
u_02653,i_14604,i_05267,i_05394,i_24980,i_11910,i_01937,i_05786,i_01810,i_06068,i_00523
u_02654,i_17626,i_10057,i_11561,i_10316,i_02209,i_14604,i_06698,i_14221,i_09591,i_02786
u_02655,i_00922,i_04413,i_10316,i_02213,i_01403,i_01645,i_03468,i_02393,i_13651,i_02317
u_02656,i_01923,i_13841,i_14984,i_02136,i_14983,i_06951,i_02415,i_03678,i_31903,i_05103
u_02657,i_02786,i_17108,i_01937,i_00038,i_02235,i_05493,i_00395,i_01746,i_31950,i_16700
u_02658,i_02235,i_10120,i_11771,i_09591,i_15802,i_02874,i_12785,i_06450,i_17108,i_08560
u_02659,i_06521,i_07358,i_04468,i_02247,i_07897,i_04462,i_07359,i_04584,i_08723,i_12117
u_02660,i_14115,i_01937,i_00062,i_05180,i_08052,i_09182,i_01486,i_05394,i_01808,i_14604
u_02661,i_01480,i_14604,i_00716,i_11909,i_03866,i_12430,i_11910,i_11373,i_17626,i_08895
u_02662,i_02786,i_11910,i_10316,i_14604,i_01485,i_07171,i_03151,i_24980,i_00428,i_03926
u_02663,i_01523,i_14604,i_01111,i_01468,i_24980,i_05267,i_01937,i_03829,i_01998,i_10316
u_02664,i_08091,i_10353,i_09070,i_10698,i_02316,i_02098,i_04221,i_06863,i_11355,i_11408
u_02665,i_11373,i_03590,i_09442,i_18032,i_11386,i_00389,i_00725,i_15902,i_02080,i_03319
u_02666,i_05267,i_01480,i_31921,i_24980,i_01523,i_02786,i_09345,i_02334,i_00027,i_00791
u_02667,i_06228,i_11373,i_21094,i_04191,i_14115,i_10316,i_06017,i_14604,i_05354,i_01451
u_02668,i_08895,i_07323,i_05431,i_01479,i_08193,i_04254,i_31914,i_31916,i_06241,i_09442
u_02669,i_14604,i_10316,i_02786,i_02334,i_11910,i_01480,i_31952,i_05267,i_07171,i_11373
u_02670,i_01937,i_11910,i_01798,i_00037,i_14604,i_02415,i_05786,i_01480,i_01486,i_31921
u_02671,i_26940,i_17626,i_24980,i_14604,i_01044,i_00575,i_31952,i_14115,i_02786,i_05320
u_02672,i_14604,i_02786,i_01523,i_24980,i_01798,i_01937,i_17626,i_10316,i_11373,i_02541
u_02673,i_07524,i_02786,i_01798,i_02380,i_01523,i_01937,i_14604,i_00037,i_05786,i_08754
u_02674,i_14452,i_11541,i_12365,i_04300,i_13691,i_12135,i_10043,i_06956,i_01746,i_13547
u_02675,i_10316,i_08592,i_01480,i_31921,i_21094,i_14604,i_24302,i_06510,i_17626,i_05835
u_02676,i_14604,i_02786,i_24980,i_01937,i_01523,i_02079,i_01480,i_14115,i_14808,i_01998
u_02677,i_01480,i_17626,i_10518,i_10316,i_14604,i_02786,i_21094,i_11910,i_01486,i_02683
u_02678,i_14604,i_24980,i_18333,i_01480,i_02786,i_32048,i_11373,i_01937,i_11055,i_02334
u_02679,i_10930,i_07171,i_02079,i_01480,i_09052,i_03773,i_01523,i_01111,i_01937,i_11910
u_02680,i_05267,i_24980,i_02786,i_01480,i_04580,i_05394,i_09345,i_01998,i_10316,i_00027
u_02681,i_02786,i_14604,i_24980,i_00062,i_08052,i_10316,i_02136,i_09124,i_01468,i_01111
u_02682,i_10316,i_05439,i_03773,i_08132,i_14115,i_18333,i_14808,i_00011,i_11055,i_21094
u_02683,i_01523,i_07520,i_02415,i_08713,i_00473,i_10316,i_14604,i_02786,i_01468,i_01430
u_02684,i_10316,i_10120,i_03773,i_08544,i_01468,i_06533,i_01937,i_14604,i_07524,i_06228
u_02685,i_05267,i_01937,i_01523,i_08801,i_14115,i_00037,i_02786,i_02827,i_10695,i_14808
u_02686,i_05103,i_21094,i_17626,i_02786,i_01523,i_14604,i_02280,i_00362,i_00155,i_00724
u_02687,i_01937,i_02786,i_10316,i_14604,i_01430,i_01998,i_17108,i_01111,i_03773,i_18681
u_02688,i_01810,i_05267,i_14808,i_05394,i_07171,i_01468,i_01937,i_17626,i_10930,i_02229
u_02689,i_01937,i_05267,i_10316,i_02417,i_02810,i_02454,i_01934,i_04181,i_02111,i_01485
u_02690,i_00216,i_28278,i_21094,i_00575,i_28238,i_02105,i_02393,i_00158,i_00155,i_08518
u_02691,i_11910,i_07089,i_02786,i_11373,i_01111,i_18333,i_14808,i_28982,i_03819,i_24980
u_02692,i_04191,i_24980,i_00922,i_03262,i_02683,i_21094,i_00122,i_10316,i_02100,i_00776
u_02693,i_14604,i_27051,i_10316,i_01523,i_11910,i_01937,i_04181,i_17626,i_11373,i_08132
u_02694,i_02786,i_11365,i_01523,i_05267,i_14604,i_04578,i_18681,i_05797,i_11373,i_11910
u_02695,i_02300,i_14604,i_24980,i_05267,i_00523,i_17626,i_09345,i_21094,i_00122,i_11373
u_02696,i_02334,i_14604,i_09345,i_00037,i_00126,i_01998,i_10930,i_02235,i_14173,i_22342
u_02697,i_24980,i_01111,i_10316,i_14808,i_01937,i_05267,i_04580,i_05394,i_05349,i_06228
u_02698,i_01937,i_00062,i_05267,i_14115,i_01523,i_08713,i_02786,i_26936,i_01468,i_14604
u_02699,i_03773,i_01480,i_14604,i_31952,i_17626,i_02786,i_11910,i_21094,i_31921,i_11365
u_02700,i_01937,i_14604,i_02786,i_01523,i_02827,i_18681,i_13084,i_00126,i_09345,i_04578
u_02701,i_03866,i_05394,i_17626,i_02725,i_13084,i_03829,i_02209,i_02297,i_05034,i_06068
u_02702,i_05267,i_18681,i_05394,i_14808,i_04580,i_00027,i_11365,i_11373,i_16000,i_13489
u_02703,i_10316,i_01523,i_17626,i_05267,i_02786,i_14604,i_01937,i_09124,i_01111,i_16633
u_02704,i_14604,i_01937,i_01798,i_01523,i_05439,i_14115,i_24980,i_17108,i_08132,i_00755
u_02705,i_03468,i_10258,i_06228,i_13670,i_02317,i_21094,i_14808,i_00870,i_10316,i_01111
u_02706,i_16096,i_16633,i_14248,i_14504,i_09934,i_06397,i_02407,i_11543,i_04692,i_14604
u_02707,i_01430,i_05267,i_11365,i_01468,i_05976,i_14604,i_02786,i_05439,i_08746,i_05394
u_02708,i_18333,i_14604,i_06223,i_11373,i_01480,i_09345,i_17626,i_05652,i_13705,i_08862
u_02709,i_01486,i_07061,i_00852,i_02786,i_04504,i_14604,i_00226,i_21094,i_28278,i_05710
u_02710,i_01937,i_01523,i_14604,i_05267,i_14808,i_02235,i_02415,i_06412,i_04578,i_00473
u_02711,i_01480,i_02786,i_22738,i_00506,i_05103,i_00795,i_00362,i_10316,i_10509,i_09052
u_02712,i_01224,i_16499,i_04181,i_27051,i_04480,i_01485,i_03590,i_02031,i_14604,i_11548
u_02713,i_00928,i_13651,i_00948,i_31902,i_05103,i_17924,i_14604,i_17626,i_01523,i_21094
u_02714,i_02786,i_01430,i_14115,i_14808,i_02415,i_08052,i_05394,i_00062,i_01523,i_10316
u_02715,i_14604,i_11373,i_01480,i_01746,i_17626,i_02786,i_01764,i_11910,i_01523,i_21094
u_02716,i_00506,i_03773,i_02380,i_21094,i_00155,i_31921,i_00922,i_01486,i_07711,i_00440
u_02717,i_02786,i_14115,i_01937,i_08052,i_02596,i_03773,i_03829,i_01468,i_08132,i_05976
u_02718,i_02786,i_04692,i_11047,i_02968,i_02827,i_19907,i_03616,i_04679,i_01523,i_08052
u_02719,i_05267,i_10316,i_14604,i_01111,i_01523,i_23941,i_02786,i_08132,i_32112,i_11373
u_02720,i_17626,i_02786,i_03678,i_01937,i_05394,i_05103,i_10316,i_11373,i_14808,i_02334
u_02721,i_01937,i_10316,i_08052,i_00037,i_05797,i_08801,i_01523,i_11047,i_11365,i_05394
u_02722,i_11373,i_06228,i_18217,i_14115,i_01998,i_01523,i_03773,i_09182,i_24302,i_01937
u_02723,i_01480,i_24980,i_17626,i_01523,i_10316,i_17924,i_02786,i_01135,i_21094,i_00122
u_02724,i_14604,i_10930,i_24980,i_05267,i_10316,i_01937,i_02229,i_02786,i_03773,i_05394
u_02725,i_14604,i_21094,i_02786,i_01480,i_01937,i_24980,i_10316,i_14808,i_17626,i_01523
u_02726,i_01135,i_04283,i_07567,i_02297,i_11373,i_06228,i_00725,i_13084,i_11032,i_00389
u_02727,i_00037,i_02786,i_01523,i_05267,i_01937,i_14604,i_01798,i_08754,i_04578,i_00027
u_02728,i_14604,i_14808,i_07016,i_04221,i_01468,i_08355,i_21094,i_05677,i_13850,i_10100
u_02729,i_04692,i_05439,i_01111,i_05267,i_22907,i_02274,i_03678,i_11145,i_08132,i_01937
u_02730,i_01480,i_24980,i_00365,i_17924,i_04102,i_11373,i_05267,i_31903,i_02334,i_09275
u_02731,i_00311,i_04418,i_24980,i_08895,i_01202,i_04191,i_00540,i_01645,i_10316,i_14173
u_02732,i_11569,i_10781,i_13290,i_10409,i_15077,i_17710,i_09182,i_10100,i_14651,i_04123
u_02733,i_14604,i_01937,i_04480,i_04478,i_11373,i_02111,i_00122,i_02415,i_06952,i_04181
u_02734,i_24980,i_08518,i_08592,i_14604,i_04315,i_00870,i_02786,i_05835,i_14518,i_00965
u_02735,i_06228,i_09380,i_11386,i_00776,i_03262,i_32032,i_06364,i_12282,i_13253,i_11373
u_02736,i_16920,i_02213,i_10316,i_02393,i_07061,i_01451,i_14984,i_05710,i_02435,i_05103
u_02737,i_01480,i_21094,i_24980,i_00724,i_00027,i_00365,i_31921,i_00126,i_00153,i_01798
u_02738,i_16877,i_00072,i_01215,i_04033,i_02276,i_00716,i_00512,i_01485,i_01476,i_09345
u_02739,i_01937,i_14604,i_18681,i_08713,i_02786,i_03866,i_11365,i_02415,i_02827,i_02334
u_02740,i_03678,i_09345,i_05267,i_14604,i_01523,i_15669,i_02136,i_02077,i_03397,i_01937
u_02741,i_05748,i_11786,i_10941,i_11373,i_13084,i_02329,i_16276,i_06132,i_01095,i_07567
u_02742,i_07567,i_03302,i_08518,i_06228,i_04221,i_02228,i_07174,i_24980,i_09345,i_13084
u_02743,i_10316,i_11910,i_03773,i_00433,i_01523,i_09052,i_01480,i_01739,i_05267,i_06228
u_02744,i_14604,i_00011,i_05267,i_13651,i_01468,i_00126,i_01808,i_02786,i_01937,i_07520
u_02745,i_24980,i_11600,i_03319,i_03262,i_06228,i_10518,i_32048,i_22342,i_13841,i_06951
u_02746,i_15802,i_17108,i_02111,i_14173,i_09345,i_14604,i_17660,i_01202,i_14120,i_13290
u_02747,i_01849,i_32040,i_18031,i_04277,i_31921,i_01486,i_01523,i_03773,i_17626,i_00126
u_02748,i_14604,i_08754,i_01523,i_03151,i_13084,i_13651,i_05267,i_00011,i_01736,i_00126
u_02749,i_08052,i_08173,i_08132,i_00073,i_01485,i_04523,i_01937,i_05439,i_02317,i_23257
u_02750,i_06766,i_02080,i_02297,i_06228,i_21094,i_01827,i_00122,i_02136,i_22342,i_04191
u_02751,i_00540,i_00395,i_17108,i_09345,i_26940,i_02229,i_17626,i_04254,i_16154,i_18801
u_02752,i_01111,i_02786,i_05267,i_32112,i_21094,i_05394,i_02711,i_00389,i_09345,i_00037
u_02753,i_01923,i_00155,i_02786,i_14604,i_01111,i_05789,i_11373,i_24980,i_21094,i_11910
u_02754,i_24302,i_17924,i_20945,i_00389,i_03829,i_09052,i_01135,i_11910,i_17389,i_13222
u_02755,i_11365,i_17626,i_14604,i_02136,i_05652,i_03773,i_01480,i_11373,i_02827,i_09275
u_02756,i_14604,i_14808,i_24980,i_11373,i_01480,i_01868,i_13705,i_06071,i_04580,i_11145
u_02757,i_14115,i_04578,i_05976,i_00126,i_01937,i_01798,i_14808,i_02596,i_08052,i_01523
u_02758,i_05267,i_02827,i_14604,i_02786,i_24980,i_14808,i_01937,i_07171,i_01523,i_04580
u_02759,i_14604,i_08592,i_09345,i_02663,i_00922,i_08862,i_05394,i_24980,i_08518,i_03866
u_02760,i_01937,i_05191,i_02415,i_13471,i_04478,i_27051,i_03590,i_02623,i_17108,i_06582
u_02761,i_13761,i_01443,i_00145,i_03397,i_10081,i_02003,i_02609,i_17660,i_05879,i_07050
u_02762,i_11047,i_11569,i_05167,i_01485,i_14808,i_03665,i_02827,i_10316,i_01129,i_14844
u_02763,i_12388,i_11669,i_02317,i_00395,i_21849,i_01111,i_01523,i_14633,i_10081,i_11347
u_02764,i_02786,i_04504,i_16920,i_01523,i_01486,i_01937,i_01468,i_10316,i_05103,i_01111
u_02765,i_08638,i_10996,i_15818,i_17734,i_12687,i_12927,i_15304,i_15802,i_22265,i_19637
u_02766,i_10316,i_03773,i_02213,i_05103,i_00506,i_21094,i_02393,i_05569,i_24980,i_04504
u_02767,i_04418,i_01468,i_06766,i_18139,i_10316,i_14604,i_06228,i_00433,i_05700,i_00724
u_02768,i_01111,i_10972,i_05267,i_17626,i_15902,i_03397,i_02634,i_08132,i_01849,i_00122
u_02769,i_09591,i_05472,i_13670,i_04221,i_11373,i_02111,i_05718,i_08355,i_14526,i_14808
u_02770,i_14604,i_10316,i_27051,i_00389,i_01111,i_17626,i_11373,i_25690,i_01923,i_10120
u_02771,i_14604,i_13984,i_14554,i_21094,i_09345,i_17626,i_06228,i_09182,i_17108,i_03397
u_02772,i_14634,i_05064,i_21309,i_17325,i_10421,i_09173,i_32048,i_02591,i_11562,i_05668
u_02773,i_05786,i_05668,i_02382,i_01111,i_05034,i_16660,i_03865,i_24980,i_29117,i_07050
u_02774,i_02786,i_07520,i_01486,i_14604,i_00468,i_09052,i_02334,i_01480,i_01937,i_24980
u_02775,i_10316,i_06228,i_22342,i_24980,i_00433,i_00306,i_01827,i_02297,i_04191,i_02280
u_02776,i_13547,i_06907,i_06228,i_02954,i_01545,i_02080,i_05354,i_11386,i_12282,i_01827
u_02777,i_01496,i_10409,i_01075,i_18032,i_02954,i_05837,i_02080,i_11373,i_00725,i_09144
u_02778,i_00725,i_02080,i_08881,i_11919,i_05354,i_09635,i_15902,i_19751,i_11373,i_05034
u_02779,i_09345,i_01827,i_12426,i_13084,i_01545,i_14120,i_01485,i_13950,i_15902,i_01165
u_02780,i_14604,i_04578,i_11365,i_04580,i_05394,i_18681,i_14844,i_14115,i_03819,i_02786
u_02781,i_04480,i_05431,i_00377,i_02209,i_01993,i_01479,i_02359,i_03590,i_02631,i_02235
u_02782,i_01439,i_03866,i_02321,i_24980,i_09345,i_08895,i_02725,i_17108,i_00724,i_32048
u_02783,i_10316,i_01746,i_17119,i_05493,i_02786,i_01764,i_14221,i_01523,i_01468,i_01937
u_02784,i_14604,i_04578,i_18681,i_01937,i_11365,i_02334,i_08754,i_11373,i_01523,i_01998
u_02785,i_14604,i_05267,i_02300,i_11373,i_24980,i_17626,i_05394,i_01523,i_09345,i_02786
u_02786,i_14604,i_01111,i_02786,i_24980,i_02136,i_01523,i_01764,i_05267,i_00122,i_01480
u_02787,i_11904,i_11185,i_04294,i_09303,i_12365,i_11541,i_18200,i_13691,i_13845,i_10333
u_02788,i_10316,i_04480,i_14604,i_04504,i_01486,i_01764,i_01165,i_31741,i_02435,i_00852
u_02789,i_01480,i_02334,i_11910,i_01485,i_31921,i_09275,i_01523,i_04102,i_02139,i_24980
u_02790,i_03678,i_27051,i_01523,i_13690,i_00389,i_05797,i_03368,i_09442,i_02136,i_31921
u_02791,i_18681,i_05439,i_05267,i_04578,i_11910,i_14115,i_07171,i_11145,i_11483,i_10316
u_02792,i_17626,i_01111,i_05267,i_01764,i_24980,i_01480,i_00586,i_02786,i_03773,i_14604
u_02793,i_04102,i_28982,i_17923,i_31903,i_07576,i_25535,i_05188,i_24980,i_11910,i_17924
u_02794,i_14604,i_03262,i_03773,i_24980,i_06228,i_11373,i_13841,i_21094,i_00153,i_00154
u_02795,i_05188,i_01480,i_00365,i_02334,i_05267,i_01937,i_02786,i_03819,i_11910,i_11365
u_02796,i_11800,i_18083,i_00145,i_01545,i_04033,i_11107,i_03397,i_17753,i_12282,i_15902
u_02797,i_01468,i_05439,i_24980,i_06228,i_11373,i_01937,i_10316,i_14984,i_08132,i_01523
u_02798,i_14604,i_24980,i_01937,i_05267,i_14808,i_10316,i_02786,i_08132,i_08191,i_02827
u_02799,i_11373,i_02786,i_01937,i_17626,i_21094,i_05267,i_00540,i_00122,i_14808,i_01480
u_02800,i_02282,i_02786,i_02415,i_25690,i_05267,i_14808,i_04578,i_00062,i_00037,i_01430
u_02801,i_12061,i_05267,i_14604,i_04580,i_32112,i_14808,i_08754,i_08191,i_15119,i_01485
u_02802,i_14604,i_03866,i_02300,i_05267,i_24980,i_04580,i_05394,i_17626,i_00122,i_02786
u_02803,i_14808,i_16311,i_05394,i_21849,i_13489,i_13084,i_07171,i_16000,i_08754,i_05267
u_02804,i_10316,i_01937,i_02786,i_01523,i_01480,i_10120,i_07520,i_01468,i_14115,i_01849
u_02805,i_10316,i_07370,i_24980,i_02244,i_01480,i_03773,i_02317,i_01523,i_00586,i_17626
u_02806,i_02786,i_10316,i_01523,i_01937,i_14604,i_05267,i_05439,i_02079,i_11047,i_11910
u_02807,i_05267,i_00037,i_02299,i_11365,i_14604,i_02711,i_05439,i_05349,i_07429,i_02079
u_02808,i_05267,i_14604,i_02827,i_01523,i_04578,i_18681,i_06068,i_05394,i_03819,i_08754
u_02809,i_09010,i_03262,i_19751,i_05837,i_10316,i_15005,i_13124,i_05779,i_19817,i_00725
u_02810,i_02786,i_00011,i_31902,i_05188,i_01798,i_04102,i_08713,i_14604,i_01523,i_03398
u_02811,i_05267,i_01480,i_11373,i_01111,i_10316,i_01937,i_02786,i_11910,i_01998,i_14808
u_02812,i_00506,i_21094,i_24302,i_06017,i_01480,i_24049,i_00724,i_00075,i_22738,i_00155
u_02813,i_01480,i_11910,i_14604,i_10518,i_00306,i_05652,i_02120,i_06071,i_00037,i_04346
u_02814,i_09380,i_06017,i_29600,i_24980,i_11107,i_11386,i_11373,i_12282,i_29639,i_06228
u_02815,i_28982,i_00365,i_17923,i_09275,i_11909,i_00204,i_17924,i_14604,i_31903,i_00306
u_02816,i_01937,i_05267,i_11910,i_01523,i_00062,i_02786,i_01486,i_01998,i_24980,i_10316
u_02817,i_14604,i_04637,i_24980,i_10316,i_08132,i_01523,i_00928,i_14115,i_01937,i_06951
u_02818,i_02393,i_16920,i_00226,i_02435,i_21094,i_24980,i_00922,i_14984,i_05103,i_02213
u_02819,i_10316,i_14604,i_03590,i_04181,i_13690,i_03829,i_02415,i_01111,i_01937,i_01468
u_02820,i_03468,i_31921,i_04221,i_01468,i_24980,i_00163,i_11373,i_01523,i_02228,i_03865
u_02821,i_10316,i_01937,i_01111,i_01523,i_14604,i_03829,i_11373,i_02079,i_00062,i_05103
u_02822,i_21094,i_05103,i_01486,i_10316,i_14984,i_02136,i_14604,i_02317,i_04504,i_01739
u_02823,i_14604,i_06883,i_29639,i_01764,i_01111,i_17626,i_24980,i_11373,i_01746,i_01129
u_02824,i_17269,i_14604,i_23257,i_10120,i_05267,i_11373,i_03773,i_14115,i_02786,i_24980
u_02825,i_03601,i_05267,i_02786,i_24980,i_01937,i_01523,i_17626,i_01468,i_14604,i_01135
u_02826,i_02764,i_16731,i_02111,i_04181,i_03590,i_00793,i_00305,i_14604,i_04585,i_02882
u_02827,i_14604,i_29639,i_29600,i_01158,i_06883,i_02120,i_02228,i_01480,i_08862,i_21094
u_02828,i_14604,i_05267,i_11365,i_17626,i_05394,i_07171,i_18681,i_11373,i_14808,i_24980
u_02829,i_01523,i_00468,i_00011,i_31921,i_24980,i_02786,i_17626,i_01480,i_01746,i_06466
u_02830,i_10316,i_17108,i_24980,i_02786,i_14604,i_17626,i_01468,i_00122,i_01937,i_05394
u_02831,i_11373,i_11959,i_13084,i_02407,i_02563,i_00122,i_14074,i_09345,i_09052,i_26649
u_02832,i_14604,i_01937,i_00468,i_02786,i_14115,i_02334,i_01523,i_01480,i_06068,i_01468
u_02833,i_01485,i_02111,i_02843,i_02417,i_17108,i_04692,i_01111,i_09345,i_05267,i_13690
u_02834,i_14604,i_05267,i_01111,i_05394,i_01937,i_02786,i_10316,i_17626,i_08132,i_00126
u_02835,i_08560,i_14604,i_29639,i_11055,i_04580,i_05677,i_02196,i_11373,i_06223,i_05573
u_02836,i_24980,i_00226,i_00122,i_17626,i_04504,i_01827,i_04413,i_10316,i_00470,i_01403
u_02837,i_19405,i_08862,i_08191,i_14604,i_11373,i_06228,i_11032,i_12974,i_07567,i_11145
u_02838,i_01486,i_01480,i_05103,i_02786,i_17626,i_16920,i_02393,i_00155,i_00440,i_00922
u_02839,i_11055,i_14604,i_18333,i_11373,i_00122,i_24980,i_01937,i_01111,i_02786,i_13705
u_02840,i_24980,i_10316,i_05267,i_14115,i_06228,i_01111,i_11909,i_09052,i_03773,i_02786
u_02841,i_11771,i_15906,i_05491,i_11891,i_12969,i_02317,i_02079,i_12388,i_08895,i_03397
u_02842,i_21094,i_00133,i_14604,i_05296,i_00122,i_31741,i_00440,i_24980,i_00395,i_09009
u_02843,i_01937,i_05267,i_14604,i_05188,i_06068,i_01468,i_02786,i_18681,i_01523,i_31903
u_02844,i_10316,i_09591,i_01468,i_17108,i_09345,i_14604,i_03829,i_08831,i_01523,i_05394
u_02845,i_05267,i_02786,i_14844,i_01485,i_13705,i_01135,i_11373,i_10316,i_00122,i_07062
u_02846,i_10316,i_01486,i_24980,i_17626,i_21094,i_12141,i_01764,i_02244,i_02393,i_04504
u_02847,i_02786,i_11373,i_13841,i_17831,i_03262,i_10316,i_18217,i_06951,i_14808,i_10120
u_02848,i_01480,i_21094,i_31952,i_31946,i_03773,i_00433,i_01746,i_00122,i_06228,i_00011
u_02849,i_01541,i_13841,i_06228,i_02297,i_02319,i_10316,i_01202,i_24980,i_03262,i_00122
u_02850,i_01480,i_11910,i_18884,i_11909,i_11373,i_10316,i_09659,i_14173,i_13705,i_28982
u_02851,i_10316,i_02786,i_11373,i_10057,i_03302,i_27051,i_06017,i_14221,i_00433,i_01479
u_02852,i_02300,i_03866,i_06474,i_11373,i_29639,i_04580,i_10316,i_04197,i_05394,i_05267
u_02853,i_02279,i_02276,i_24980,i_00122,i_06099,i_01496,i_16877,i_04585,i_01479,i_00395
u_02854,i_15154,i_11373,i_08191,i_02111,i_01135,i_13084,i_13290,i_11543,i_02764,i_17660
u_02855,i_02786,i_01746,i_14604,i_01468,i_02136,i_01523,i_01111,i_05267,i_17119,i_05797
u_02856,i_01480,i_09436,i_24980,i_01868,i_04549,i_04191,i_04102,i_19817,i_10518,i_02720
u_02857,i_14604,i_11373,i_00122,i_06017,i_17626,i_02786,i_21094,i_00506,i_00433,i_31921
u_02858,i_14604,i_02786,i_01523,i_05349,i_01937,i_11365,i_24980,i_14808,i_05976,i_18681
u_02859,i_02786,i_01937,i_08713,i_17108,i_17626,i_08638,i_01523,i_14604,i_07520,i_12687
u_02860,i_01430,i_01480,i_08713,i_00062,i_03829,i_01523,i_01485,i_05416,i_14115,i_05267
u_02861,i_01937,i_02786,i_05797,i_11047,i_11537,i_05653,i_01998,i_05267,i_09182,i_02079
u_02862,i_05439,i_14604,i_14115,i_02079,i_04197,i_02631,i_09275,i_08895,i_17626,i_01430
u_02863,i_02507,i_05267,i_01523,i_17108,i_14604,i_11910,i_02827,i_09345,i_05394,i_00037
u_02864,i_01480,i_03865,i_24980,i_10518,i_00204,i_04102,i_04549,i_31903,i_09275,i_02334
u_02865,i_10316,i_05394,i_02786,i_24980,i_11910,i_01430,i_31921,i_14604,i_08132,i_17626
u_02866,i_02748,i_11543,i_10972,i_02300,i_05472,i_13825,i_06736,i_22313,i_02954,i_11548
u_02867,i_09130,i_05945,i_04551,i_11754,i_06319,i_07633,i_04221,i_32048,i_07567,i_13823
u_02868,i_03866,i_01111,i_13690,i_04692,i_09345,i_04181,i_04580,i_00755,i_02725,i_02541
u_02869,i_14604,i_01480,i_01798,i_05267,i_31903,i_01868,i_01808,i_08754,i_04578,i_05394
u_02870,i_14604,i_14115,i_02399,i_02786,i_05267,i_01937,i_18681,i_01523,i_00062,i_02596
u_02871,i_14604,i_07089,i_24980,i_02786,i_18333,i_01937,i_10316,i_01111,i_11373,i_01523
u_02872,i_01480,i_01486,i_12974,i_08518,i_13471,i_10316,i_14604,i_01827,i_10518,i_12263
u_02873,i_03866,i_03865,i_01111,i_05786,i_02101,i_09141,i_05034,i_24980,i_01135,i_00037
u_02874,i_08544,i_02741,i_08258,i_08560,i_04602,i_05763,i_10996,i_02316,i_10353,i_07587
u_02875,i_10316,i_17108,i_25690,i_01849,i_01937,i_05267,i_02786,i_21094,i_01111,i_28381
u_02876,i_02725,i_10995,i_06228,i_11942,i_24980,i_01476,i_13761,i_29639,i_05668,i_10316
u_02877,i_00492,i_02978,i_22313,i_18031,i_02415,i_31921,i_30547,i_02136,i_03136,i_14173
u_02878,i_24980,i_00724,i_17626,i_01523,i_02683,i_17924,i_14604,i_05296,i_01827,i_01480
u_02879,i_10316,i_01523,i_14604,i_00395,i_02786,i_01993,i_04585,i_10120,i_10057,i_17108
u_02880,i_02786,i_01523,i_02079,i_10120,i_01111,i_03678,i_17626,i_03773,i_11910,i_02380
u_02881,i_07255,i_07567,i_17626,i_00122,i_02725,i_14604,i_06001,i_02487,i_10316,i_02407
u_02882,i_14604,i_08754,i_11365,i_18681,i_11373,i_05394,i_11910,i_01523,i_01868,i_00027
u_02883,i_02300,i_05267,i_11910,i_24980,i_10316,i_01937,i_02786,i_03773,i_05394,i_01998
u_02884,i_01937,i_14604,i_05493,i_10316,i_27051,i_24302,i_02136,i_06228,i_17626,i_07520
u_02885,i_05267,i_04578,i_01523,i_02786,i_14808,i_11365,i_14604,i_05394,i_00126,i_02415
u_02886,i_08191,i_05394,i_17626,i_05267,i_11373,i_09345,i_05786,i_21849,i_14604,i_14808
u_02887,i_14604,i_24980,i_05267,i_05439,i_01480,i_11145,i_30751,i_01523,i_01937,i_05394
u_02888,i_02229,i_04580,i_05267,i_17108,i_03866,i_00395,i_17626,i_06450,i_09345,i_03302
u_02889,i_01937,i_05267,i_02415,i_11910,i_04578,i_10316,i_02786,i_05188,i_01480,i_07171
u_02890,i_24980,i_11910,i_11373,i_25535,i_00540,i_02334,i_09345,i_01480,i_02407,i_01998
u_02891,i_00492,i_03136,i_02978,i_02415,i_11548,i_05067,i_04181,i_05529,i_17108,i_31950
u_02892,i_01937,i_02786,i_14604,i_01486,i_16920,i_10316,i_16499,i_27051,i_01523,i_00226
u_02893,i_01827,i_09932,i_11569,i_03302,i_07567,i_10100,i_09182,i_17108,i_02563,i_02228
u_02894,i_17626,i_24980,i_01937,i_01764,i_01523,i_01111,i_05267,i_02786,i_02317,i_11910
u_02895,i_14604,i_01849,i_14115,i_02415,i_14808,i_02827,i_05267,i_00062,i_17626,i_02786
u_02896,i_01480,i_02786,i_11910,i_14604,i_06228,i_10316,i_10518,i_11373,i_01523,i_03773
u_02897,i_14115,i_00377,i_18681,i_01937,i_17626,i_08801,i_06068,i_07171,i_00027,i_01810
u_02898,i_01468,i_21094,i_17626,i_14604,i_02786,i_00155,i_28278,i_08713,i_10316,i_00506
u_02899,i_01480,i_01937,i_14604,i_24980,i_10518,i_17626,i_28982,i_02334,i_31903,i_17924
u_02900,i_08258,i_13850,i_09976,i_07587,i_15818,i_10996,i_04602,i_11161,i_02228,i_10120
u_02901,i_05267,i_18681,i_01430,i_14808,i_07171,i_01998,i_02827,i_00126,i_02786,i_04580
u_02902,i_03866,i_00540,i_02631,i_02487,i_02725,i_04580,i_00037,i_12430,i_00724,i_02382
u_02903,i_03302,i_02228,i_00395,i_09592,i_10353,i_01097,i_09948,i_10316,i_19432,i_11846
u_02904,i_02235,i_11365,i_02786,i_01523,i_01468,i_01937,i_14604,i_01809,i_00126,i_01998
u_02905,i_10316,i_02786,i_05267,i_01523,i_03773,i_05797,i_08713,i_14604,i_02596,i_00062
u_02906,i_07089,i_06223,i_14604,i_05267,i_17626,i_11055,i_22054,i_02786,i_03773,i_11373
u_02907,i_14604,i_01523,i_05267,i_01937,i_24980,i_02786,i_14115,i_17626,i_10316,i_01468
u_02908,i_10316,i_02786,i_01937,i_04692,i_01523,i_05416,i_01111,i_10120,i_14604,i_04181
u_02909,i_06228,i_11373,i_06017,i_05354,i_16877,i_02276,i_13841,i_01545,i_02520,i_03262
u_02910,i_09345,i_14604,i_11373,i_01111,i_03866,i_08862,i_01135,i_05786,i_16877,i_10133
u_02911,i_27051,i_01485,i_04480,i_03915,i_04181,i_00389,i_17108,i_02634,i_14604,i_01135
u_02912,i_00433,i_27675,i_31952,i_10509,i_10316,i_00506,i_02100,i_02209,i_14604,i_31741
u_02913,i_02388,i_01495,i_22342,i_02874,i_00500,i_02427,i_24980,i_04646,i_00122,i_06223
u_02914,i_14604,i_14808,i_01937,i_02229,i_08132,i_12061,i_01810,i_05439,i_01430,i_04580
u_02915,i_03773,i_04580,i_24980,i_03819,i_14115,i_14604,i_05394,i_05439,i_01998,i_18217
u_02916,i_17626,i_05267,i_13690,i_02786,i_04692,i_01111,i_01479,i_12072,i_03616,i_07062
u_02917,i_01523,i_05472,i_17071,i_09345,i_02380,i_00037,i_02136,i_02541,i_04186,i_13705
u_02918,i_14844,i_05394,i_11145,i_01111,i_08191,i_05267,i_04340,i_17433,i_02229,i_02827
u_02919,i_11373,i_09563,i_07567,i_08191,i_17660,i_15802,i_06951,i_09345,i_15005,i_12282
u_02920,i_04578,i_01430,i_00062,i_18681,i_14604,i_05267,i_01523,i_02786,i_11365,i_11483
u_02921,i_05267,i_14604,i_01111,i_14808,i_10930,i_09345,i_02786,i_09182,i_01937,i_26940
u_02922,i_01480,i_01468,i_00470,i_14604,i_02786,i_00922,i_17626,i_24980,i_00011,i_00155
u_02923,i_11373,i_15802,i_06491,i_09563,i_17660,i_13611,i_12974,i_11959,i_10120,i_04181
u_02924,i_01937,i_05267,i_02786,i_01468,i_01537,i_04578,i_01523,i_10316,i_11910,i_24980
u_02925,i_04022,i_01937,i_24980,i_02831,i_05267,i_01480,i_01111,i_01998,i_11910,i_05394
u_02926,i_01937,i_14808,i_05394,i_02334,i_01523,i_01480,i_02786,i_07171,i_05439,i_04580
u_02927,i_13122,i_02786,i_00122,i_06534,i_11569,i_23257,i_05786,i_05267,i_21094,i_13489
u_02928,i_01480,i_10316,i_24980,i_00011,i_00468,i_24049,i_14604,i_02334,i_05188,i_01746
u_02929,i_13547,i_10781,i_22342,i_03302,i_10100,i_06228,i_02954,i_18032,i_03085,i_11800
u_02930,i_15730,i_04297,i_04298,i_08428,i_05833,i_09711,i_03198,i_06679,i_04294,i_06217
u_02931,i_06228,i_10316,i_10353,i_09070,i_22897,i_17904,i_08560,i_04504,i_04602,i_19432
u_02932,i_06521,i_02247,i_07377,i_22325,i_14216,i_13291,i_00174,i_11377,i_06754,i_11446
u_02933,i_24980,i_28982,i_05267,i_10518,i_02786,i_02334,i_01937,i_17626,i_01111,i_17924
u_02934,i_14604,i_10316,i_00122,i_02111,i_02317,i_00389,i_11373,i_32108,i_01468,i_27051
u_02935,i_05267,i_14604,i_14808,i_18681,i_01523,i_01998,i_00027,i_01111,i_15940,i_01798
u_02936,i_01937,i_05267,i_03829,i_13883,i_15802,i_02317,i_26649,i_15005,i_09436,i_13823
u_02937,i_01480,i_24980,i_09345,i_28982,i_14604,i_11373,i_13489,i_05786,i_11910,i_18801
u_02938,i_04315,i_24980,i_00507,i_01152,i_06510,i_08895,i_01827,i_12263,i_02663,i_03525
u_02939,i_05267,i_01937,i_14604,i_02786,i_04578,i_18681,i_01430,i_05349,i_03819,i_00062
u_02940,i_05767,i_01111,i_02703,i_17626,i_13423,i_01523,i_03866,i_17108,i_05267,i_02382
u_02941,i_01468,i_02313,i_00586,i_02297,i_02209,i_02136,i_01523,i_11910,i_02954,i_03866
u_02942,i_01480,i_17924,i_02334,i_02022,i_28982,i_10518,i_09009,i_02076,i_11909,i_11910
u_02943,i_03773,i_00153,i_11910,i_10316,i_21094,i_32040,i_14115,i_01849,i_01523,i_02786
u_02944,i_01937,i_05267,i_08754,i_02786,i_14808,i_11365,i_05394,i_04578,i_11910,i_02334
u_02945,i_14604,i_05267,i_08132,i_14808,i_04578,i_01937,i_05394,i_03829,i_08801,i_04340
u_02946,i_02786,i_01937,i_21094,i_05267,i_14604,i_00062,i_01111,i_04578,i_18681,i_06441
u_02947,i_03397,i_10781,i_16181,i_00145,i_12320,i_24980,i_17904,i_15005,i_09635,i_01827
u_02948,i_01523,i_02786,i_00062,i_05267,i_02827,i_00468,i_08713,i_09275,i_10316,i_01468
u_02949,i_14604,i_00492,i_01937,i_24980,i_13843,i_02415,i_11548,i_01480,i_14115,i_17108
u_02950,i_12969,i_07666,i_06782,i_05491,i_15906,i_04978,i_16026,i_05191,i_15431,i_07597
u_02951,i_01451,i_01523,i_01468,i_17626,i_10316,i_01486,i_01111,i_03773,i_14604,i_24980
u_02952,i_01158,i_00402,i_29600,i_00485,i_00457,i_04347,i_02609,i_01439,i_02725,i_15902
u_02953,i_01937,i_14115,i_08052,i_09052,i_18681,i_08713,i_04578,i_14808,i_03819,i_17626
u_02954,i_14604,i_24980,i_04523,i_02507,i_01523,i_10100,i_05024,i_04191,i_09345,i_01111
u_02955,i_01468,i_01480,i_01937,i_14604,i_02786,i_17119,i_24980,i_02300,i_10316,i_08713
u_02956,i_00724,i_01523,i_14115,i_02786,i_01111,i_00122,i_05296,i_24980,i_08132,i_01998
u_02957,i_14604,i_05439,i_14115,i_01480,i_01523,i_11373,i_14808,i_04580,i_02786,i_09052
u_02958,i_05296,i_21094,i_14604,i_32048,i_06228,i_09345,i_11047,i_01849,i_01827,i_06450
u_02959,i_02617,i_10758,i_02297,i_01937,i_22342,i_08862,i_06223,i_05472,i_11386,i_01827
u_02960,i_24980,i_00500,i_01451,i_01827,i_02228,i_12373,i_01545,i_03865,i_13295,i_03592
u_02961,i_14604,i_01111,i_02786,i_10930,i_24980,i_05267,i_02229,i_11373,i_31952,i_04580
u_02962,i_14604,i_11055,i_18333,i_17626,i_14808,i_11373,i_01523,i_24980,i_02786,i_14526
u_02963,i_14604,i_01523,i_04578,i_14808,i_01480,i_01430,i_05267,i_02827,i_03773,i_00062
u_02964,i_10316,i_24980,i_01523,i_09052,i_02786,i_17626,i_03829,i_01739,i_05103,i_14604
u_02965,i_03438,i_08660,i_00878,i_03329,i_17325,i_02631,i_03869,i_05786,i_04254,i_15902
u_02966,i_01480,i_00468,i_02334,i_11910,i_17924,i_17626,i_10518,i_24980,i_17923,i_05188
u_02967,i_02282,i_01912,i_31988,i_01952,i_01937,i_00011,i_00433,i_17626,i_00054,i_01523
u_02968,i_04580,i_14808,i_03589,i_14604,i_14115,i_02229,i_08132,i_11365,i_11154,i_01998
u_02969,i_00468,i_11909,i_14604,i_03829,i_11910,i_01849,i_14808,i_12567,i_09052,i_14115
u_02970,i_00395,i_00922,i_02755,i_17108,i_00057,i_11373,i_22342,i_01485,i_21094,i_06228
u_02971,i_14604,i_00122,i_24980,i_10316,i_11373,i_06228,i_08881,i_02786,i_01523,i_31952
u_02972,i_07567,i_06228,i_05651,i_08539,i_13084,i_12282,i_00725,i_05354,i_15902,i_08191
u_02973,i_01334,i_02786,i_01937,i_01523,i_05394,i_14115,i_05416,i_01810,i_12407,i_04578
u_02974,i_14604,i_11373,i_10316,i_05439,i_00468,i_03773,i_10120,i_03865,i_01486,i_01937
u_02975,i_01480,i_10316,i_24980,i_02235,i_02100,i_00930,i_00922,i_14604,i_00470,i_31946
u_02976,i_02786,i_08355,i_10100,i_14173,i_17108,i_14074,i_11569,i_13705,i_11154,i_00724
u_02977,i_09711,i_02090,i_06017,i_06754,i_11904,i_04295,i_04089,i_06228,i_04293,i_04298
u_02978,i_14604,i_01480,i_01798,i_24980,i_00468,i_21094,i_18681,i_01486,i_05394,i_08132
u_02979,i_10316,i_24019,i_24604,i_09934,i_08091,i_17626,i_05416,i_02244,i_00586,i_02136
u_02980,i_07089,i_00776,i_11055,i_02317,i_00433,i_06228,i_01202,i_01480,i_01111,i_14604
u_02981,i_02786,i_24980,i_11373,i_01468,i_00011,i_00122,i_00470,i_01523,i_01937,i_01998
u_02982,i_01111,i_05267,i_02111,i_02786,i_14808,i_05394,i_01937,i_13705,i_03773,i_11373
u_02983,i_24980,i_00037,i_15902,i_02317,i_02334,i_17108,i_01827,i_01937,i_00928,i_09436
u_02984,i_16648,i_02091,i_05472,i_02417,i_17108,i_01523,i_04419,i_11758,i_06882,i_02827
u_02985,i_01937,i_01523,i_04377,i_14808,i_05267,i_03829,i_10120,i_02317,i_10316,i_05439
u_02986,i_01430,i_08132,i_00062,i_10316,i_01523,i_11365,i_05394,i_14115,i_01468,i_18681
u_02987,i_14604,i_11373,i_01523,i_05267,i_01937,i_32112,i_24980,i_10316,i_00122,i_02415
u_02988,i_02786,i_01523,i_14604,i_07520,i_03829,i_02415,i_08713,i_03773,i_05342,i_01468
u_02989,i_14604,i_08754,i_01868,i_06068,i_07171,i_04580,i_18681,i_30154,i_10316,i_02328
u_02990,i_04191,i_10316,i_01541,i_02235,i_01468,i_02297,i_00122,i_01534,i_01202,i_04413
u_02991,i_05267,i_01937,i_14808,i_03866,i_04578,i_01808,i_01480,i_04580,i_05349,i_11910
u_02992,i_31921,i_01937,i_02213,i_00062,i_04504,i_14604,i_05103,i_02676,i_02786,i_11910
u_02993,i_07089,i_02786,i_01523,i_01937,i_18681,i_05267,i_11055,i_02827,i_06223,i_03819
u_02994,i_04480,i_10316,i_27051,i_09345,i_14604,i_01485,i_01937,i_05267,i_00389,i_28982
u_02995,i_24980,i_01480,i_10518,i_17923,i_00365,i_31903,i_28982,i_02022,i_17924,i_01987
u_02996,i_10316,i_04377,i_07370,i_06228,i_11910,i_03773,i_09275,i_14604,i_24980,i_01937
u_02997,i_14808,i_08191,i_14604,i_05394,i_05267,i_04692,i_08396,i_17626,i_01937,i_26940
u_02998,i_14115,i_01998,i_18681,i_21094,i_05267,i_31952,i_05394,i_06533,i_00724,i_01468
u_02999,i_14604,i_08191,i_04580,i_14808,i_09345,i_17626,i_03819,i_05394,i_10316,i_06228
u_03000,i_14808,i_11910,i_05267,i_11365,i_04578,i_24980,i_18681,i_01111,i_01523,i_00027
u_03001,i_10316,i_13547,i_14604,i_08132,i_03468,i_14115,i_14808,i_09591,i_09052,i_03773
u_03002,i_01480,i_05267,i_04580,i_11910,i_24980,i_07171,i_17626,i_04578,i_05394,i_11365
u_03003,i_28238,i_28278,i_18031,i_04511,i_00091,i_31921,i_02593,i_00155,i_00440,i_06228
u_03004,i_10316,i_01480,i_01468,i_21094,i_31952,i_00433,i_01523,i_11373,i_05267,i_31950
u_03005,i_00062,i_02031,i_08713,i_14604,i_02786,i_02415,i_10316,i_01523,i_02827,i_04181
u_03006,i_07089,i_11055,i_08862,i_11373,i_00145,i_01111,i_05109,i_03302,i_01158,i_07567
u_03007,i_06228,i_04585,i_02209,i_10316,i_02406,i_01942,i_09591,i_07587,i_08091,i_03806
u_03008,i_05786,i_01480,i_24980,i_05349,i_01468,i_10316,i_05267,i_01937,i_17626,i_03866
u_03009,i_00395,i_03806,i_00037,i_24980,i_10316,i_02209,i_31741,i_21094,i_05103,i_02786
u_03010,i_17119,i_02415,i_02786,i_10316,i_01523,i_01485,i_14604,i_01937,i_01468,i_14115
u_03011,i_14604,i_04580,i_14808,i_08132,i_03773,i_02300,i_14115,i_13950,i_02786,i_09052
u_03012,i_01523,i_14604,i_06228,i_08132,i_11966,i_13984,i_01111,i_11910,i_11373,i_11569
u_03013,i_00948,i_02786,i_01523,i_06863,i_00506,i_02136,i_02393,i_18031,i_10316,i_28238
u_03014,i_01480,i_24980,i_17626,i_15818,i_14604,i_01937,i_14808,i_10996,i_10316,i_08355
u_03015,i_21094,i_24980,i_02786,i_00870,i_16499,i_17108,i_00468,i_00506,i_11910,i_04580
u_03016,i_14604,i_13084,i_08191,i_00122,i_24980,i_07567,i_06228,i_10316,i_01111,i_21094
u_03017,i_05439,i_05267,i_14808,i_01523,i_01937,i_11910,i_04580,i_03819,i_07171,i_08132
u_03018,i_05103,i_10316,i_31921,i_05710,i_14984,i_02213,i_09934,i_22897,i_00852,i_02786
u_03019,i_13841,i_11373,i_06951,i_06228,i_03262,i_08173,i_13084,i_24980,i_10316,i_09345
u_03020,i_05267,i_14604,i_10930,i_11365,i_11145,i_01937,i_05439,i_02229,i_11910,i_08132
u_03021,i_14604,i_01480,i_24980,i_02786,i_31903,i_03773,i_08125,i_04580,i_31921,i_01798
u_03022,i_08232,i_13952,i_01111,i_04692,i_04363,i_13690,i_01165,i_06228,i_06679,i_11386
u_03023,i_10353,i_09070,i_11369,i_07587,i_08560,i_01203,i_10698,i_05775,i_10699,i_02098
u_03024,i_07263,i_07567,i_10100,i_01937,i_09385,i_14808,i_24980,i_09345,i_02229,i_05416
u_03025,i_05267,i_14604,i_17626,i_04580,i_00922,i_00468,i_10316,i_00122,i_24980,i_08518
u_03026,i_02786,i_01523,i_13651,i_09052,i_01937,i_07520,i_00011,i_05694,i_02334,i_00062
u_03027,i_17901,i_09345,i_13084,i_03302,i_14601,i_11373,i_03397,i_06766,i_04221,i_12320
u_03028,i_06466,i_17108,i_00037,i_01135,i_01523,i_00585,i_02297,i_10120,i_13031,i_00057
u_03029,i_11373,i_00540,i_00122,i_11684,i_01111,i_02631,i_02563,i_03253,i_03268,i_02321
u_03030,i_01480,i_10316,i_24980,i_10518,i_28982,i_16177,i_04102,i_01937,i_06244,i_31921
u_03031,i_01523,i_05267,i_02334,i_01937,i_14604,i_02596,i_01798,i_01480,i_24980,i_01111
u_03032,i_09292,i_05767,i_10120,i_05677,i_04027,i_10316,i_03773,i_02228,i_17108,i_08831
u_03033,i_31921,i_00305,i_02120,i_17108,i_17626,i_01485,i_00389,i_06228,i_01545,i_03773
u_03034,i_04418,i_21094,i_05103,i_01523,i_10316,i_24980,i_05296,i_01486,i_14984,i_01111
u_03035,i_14987,i_17583,i_08855,i_22091,i_06297,i_05358,i_10575,i_12785,i_09563,i_17582
u_03036,i_14604,i_10316,i_24980,i_04580,i_05439,i_14808,i_02786,i_11373,i_01111,i_01523
u_03037,i_14955,i_13291,i_02427,i_15902,i_09436,i_11569,i_19751,i_00725,i_04191,i_03397
u_03038,i_01937,i_01849,i_24980,i_14173,i_02415,i_07567,i_14808,i_07370,i_00724,i_04181
u_03039,i_01044,i_24980,i_17626,i_04578,i_02229,i_10930,i_14604,i_01937,i_04580,i_11373
u_03040,i_06475,i_01937,i_31903,i_05267,i_11910,i_02786,i_23941,i_14808,i_10316,i_01480
u_03041,i_17901,i_09010,i_11032,i_15902,i_26649,i_26185,i_20491,i_10781,i_19751,i_09345
u_03042,i_14604,i_10120,i_08132,i_10316,i_05694,i_01523,i_14115,i_02786,i_14808,i_01798
u_03043,i_10316,i_02235,i_24980,i_00586,i_01764,i_17626,i_12567,i_01099,i_21094,i_00433
u_03044,i_02235,i_04504,i_01468,i_05267,i_01937,i_21094,i_10316,i_02317,i_11910,i_08132
u_03045,i_14604,i_03678,i_01523,i_01937,i_02786,i_11047,i_00155,i_14115,i_17626,i_14808
u_03046,i_14808,i_14604,i_14115,i_03819,i_09052,i_00062,i_01937,i_13489,i_07171,i_11365
u_03047,i_06766,i_24980,i_06228,i_02080,i_09345,i_11910,i_00122,i_11373,i_04191,i_00075
u_03048,i_14808,i_09345,i_11910,i_11373,i_05394,i_08191,i_02786,i_07171,i_04580,i_02229
u_03049,i_14604,i_08132,i_01937,i_04580,i_17626,i_11145,i_02827,i_05439,i_08052,i_03829
u_03050,i_05786,i_01486,i_27675,i_00554,i_18139,i_00724,i_03865,i_31741,i_21094,i_08330
u_03051,i_02786,i_10316,i_02136,i_14115,i_11373,i_01937,i_24980,i_00062,i_17626,i_01111
u_03052,i_02345,i_01129,i_14604,i_01849,i_01111,i_02136,i_31921,i_11047,i_10781,i_04692
u_03053,i_28982,i_00922,i_02683,i_01054,i_24980,i_00157,i_31921,i_28547,i_01486,i_00462
u_03054,i_08173,i_09345,i_31952,i_02317,i_02382,i_08132,i_09436,i_01545,i_04692,i_02380
u_03055,i_05267,i_01937,i_01430,i_04578,i_18681,i_02786,i_01798,i_01523,i_08396,i_00037
u_03056,i_04418,i_01480,i_15181,i_31952,i_10316,i_17924,i_17626,i_01486,i_21094,i_24302
u_03057,i_14808,i_14604,i_01201,i_10972,i_05439,i_01523,i_00037,i_17626,i_02136,i_01485
u_03058,i_18217,i_10316,i_01111,i_24980,i_11373,i_08132,i_14221,i_00062,i_05416,i_06228
u_03059,i_00422,i_04398,i_10316,i_01485,i_10120,i_02235,i_03926,i_04527,i_02136,i_14221
u_03060,i_28982,i_10518,i_14604,i_31983,i_17626,i_17924,i_00362,i_02786,i_00075,i_24980
u_03061,i_02786,i_14604,i_05267,i_11910,i_01480,i_31903,i_01808,i_17924,i_00377,i_01798
u_03062,i_32129,i_17626,i_18681,i_00037,i_02334,i_01334,i_31983,i_17108,i_01798,i_00122
u_03063,i_08191,i_05394,i_21849,i_05267,i_10316,i_02786,i_24980,i_16000,i_16311,i_05786
u_03064,i_14604,i_01808,i_11910,i_11373,i_02786,i_01480,i_17626,i_01523,i_05267,i_04580
u_03065,i_10316,i_03773,i_31921,i_17626,i_10120,i_11910,i_01998,i_05439,i_00126,i_13998
u_03066,i_02786,i_05267,i_10316,i_01937,i_01111,i_31921,i_14604,i_05439,i_04580,i_03773
u_03067,i_31921,i_32048,i_01111,i_00037,i_05927,i_05365,i_05786,i_14604,i_16877,i_08862
u_03068,i_07520,i_01485,i_13690,i_09345,i_04692,i_01523,i_00724,i_02317,i_01849,i_17108
u_03069,i_08053,i_16607,i_13611,i_09623,i_08355,i_05945,i_16006,i_08638,i_13883,i_15818
u_03070,i_02154,i_01135,i_02279,i_00395,i_03590,i_24980,i_00793,i_02136,i_08193,i_02080
u_03071,i_05267,i_24980,i_11373,i_01480,i_10316,i_00122,i_14808,i_01135,i_04580,i_05394
u_03072,i_25535,i_31903,i_17924,i_10518,i_05188,i_03151,i_28982,i_00027,i_21094,i_01937
u_03073,i_10316,i_01998,i_24980,i_11373,i_01923,i_02100,i_09591,i_03678,i_01523,i_13084
u_03074,i_01480,i_28982,i_24980,i_10518,i_02786,i_17923,i_00204,i_31741,i_02334,i_22342
u_03075,i_05267,i_24980,i_05394,i_11373,i_04580,i_16000,i_13084,i_23257,i_08754,i_14115
u_03076,i_24980,i_01111,i_14604,i_01480,i_02786,i_17626,i_10316,i_10120,i_31950,i_01937
u_03077,i_10316,i_11408,i_13850,i_12687,i_21849,i_12772,i_14604,i_27097,i_01849,i_24980
u_03078,i_24980,i_02276,i_03866,i_02631,i_00716,i_01827,i_09345,i_02228,i_08895,i_00057
u_03079,i_05859,i_09591,i_06001,i_05767,i_16134,i_01451,i_08470,i_09310,i_15669,i_01453
u_03080,i_10316,i_00506,i_24980,i_31921,i_17626,i_09124,i_21094,i_00057,i_11373,i_01739
u_03081,i_01480,i_01468,i_31921,i_02786,i_14604,i_24980,i_01849,i_09275,i_11047,i_01111
u_03082,i_02317,i_10316,i_02079,i_00062,i_21094,i_14604,i_02213,i_04504,i_00506,i_00870
u_03083,i_01937,i_02786,i_05786,i_24980,i_14604,i_17626,i_01468,i_01523,i_01111,i_10316
u_03084,i_01937,i_02079,i_14604,i_24980,i_14173,i_03829,i_05439,i_08801,i_02317,i_11483
u_03085,i_05267,i_01485,i_08132,i_09182,i_02786,i_01111,i_11758,i_04692,i_02810,i_17108
u_03086,i_24980,i_14604,i_03866,i_00523,i_10316,i_10133,i_02407,i_01937,i_04221,i_04580
u_03087,i_08881,i_03567,i_00122,i_02954,i_01476,i_08518,i_01539,i_09635,i_06228,i_04033
u_03088,i_01451,i_02954,i_12430,i_00716,i_05786,i_03616,i_03665,i_02317,i_03869,i_06068
u_03089,i_01480,i_12430,i_25828,i_08881,i_11910,i_09009,i_16877,i_31952,i_00523,i_29117
u_03090,i_14808,i_05267,i_11373,i_01523,i_04580,i_01937,i_10316,i_05394,i_05167,i_11910
u_03091,i_01468,i_01111,i_01523,i_10316,i_01937,i_05472,i_24980,i_07089,i_11373,i_08862
u_03092,i_04377,i_10316,i_01468,i_01764,i_03568,i_22342,i_01741,i_02786,i_02318,i_01523
u_03093,i_01468,i_01998,i_11373,i_01937,i_05267,i_21094,i_01798,i_00027,i_00473,i_00062
u_03094,i_24980,i_01480,i_31903,i_28982,i_02786,i_07576,i_01111,i_01468,i_05188,i_10518
u_03095,i_24980,i_17626,i_00122,i_02382,i_02563,i_01496,i_12430,i_02725,i_02228,i_16877
u_03096,i_01937,i_01430,i_02786,i_14604,i_01808,i_05267,i_10316,i_01485,i_17108,i_00126
u_03097,i_14604,i_02786,i_05267,i_08132,i_02827,i_02300,i_09345,i_02229,i_13705,i_01523
u_03098,i_15993,i_14604,i_06228,i_11373,i_17626,i_02136,i_01736,i_02786,i_13841,i_21094
u_03099,i_08091,i_09070,i_07524,i_09591,i_10353,i_13670,i_05677,i_04603,i_10316,i_15843
u_03100,i_18801,i_00145,i_01111,i_10100,i_05267,i_10972,i_14173,i_03397,i_06736,i_02300
u_03101,i_01111,i_10316,i_08132,i_01998,i_09659,i_00062,i_03773,i_11373,i_11047,i_14808
u_03102,i_13775,i_11569,i_17108,i_11543,i_01849,i_06228,i_12785,i_24980,i_04093,i_13291
u_03103,i_11342,i_03773,i_23257,i_03829,i_12951,i_01937,i_10316,i_02229,i_05653,i_01746
u_03104,i_01998,i_31952,i_02209,i_14604,i_03829,i_06951,i_02317,i_01044,i_05103,i_01545
u_03105,i_04181,i_27051,i_03689,i_04692,i_13690,i_01937,i_02460,i_02111,i_05653,i_01904
u_03106,i_11548,i_13690,i_21454,i_02786,i_17108,i_05267,i_17626,i_02111,i_01135,i_04692
u_03107,i_01523,i_05267,i_01937,i_14604,i_24980,i_03773,i_02786,i_01480,i_09345,i_21094
u_03108,i_10316,i_14604,i_02786,i_21094,i_00155,i_00306,i_31952,i_01451,i_02120,i_02105
u_03109,i_10316,i_00922,i_00554,i_00506,i_24980,i_00470,i_02786,i_08518,i_14604,i_00311
u_03110,i_14604,i_01523,i_02786,i_24980,i_02079,i_17626,i_00122,i_08132,i_03773,i_14115
u_03111,i_04692,i_16877,i_04033,i_09345,i_03302,i_09275,i_03829,i_02228,i_01937,i_13690
u_03112,i_00776,i_01523,i_01486,i_13841,i_06228,i_24980,i_11373,i_03302,i_11386,i_14984
u_03113,i_04181,i_17389,i_24980,i_09327,i_11483,i_27051,i_05653,i_10316,i_01937,i_05342
u_03114,i_14604,i_11373,i_17626,i_05439,i_09052,i_10316,i_14808,i_21094,i_24980,i_01480
u_03115,i_01468,i_24980,i_31952,i_14604,i_01111,i_10316,i_21094,i_01480,i_02786,i_11373
u_03116,i_02786,i_11569,i_02136,i_05354,i_09635,i_02720,i_01523,i_13084,i_01111,i_11648
u_03117,i_10316,i_03590,i_03319,i_04478,i_11409,i_03829,i_14984,i_01937,i_09442,i_09934
u_03118,i_10226,i_03568,i_05407,i_01523,i_08862,i_04730,i_03865,i_02136,i_06223,i_01202
u_03119,i_02786,i_14604,i_17108,i_07520,i_01937,i_02334,i_08713,i_02676,i_02209,i_03829
u_03120,i_02154,i_01937,i_00037,i_01523,i_01993,i_17108,i_06228,i_01135,i_27051,i_00057
u_03121,i_26940,i_32108,i_17626,i_08895,i_14604,i_21094,i_03151,i_24980,i_02235,i_12901
u_03122,i_10316,i_01937,i_24980,i_14604,i_01523,i_00122,i_01111,i_17108,i_09345,i_05267
u_03123,i_19978,i_01468,i_24980,i_23464,i_22515,i_24481,i_14604,i_11047,i_32048,i_02382
u_03124,i_11910,i_14604,i_24980,i_02786,i_03310,i_01798,i_02334,i_13084,i_10518,i_31921
u_03125,i_01468,i_02415,i_01937,i_26936,i_00062,i_14604,i_11483,i_02786,i_00011,i_05188
u_03126,i_14860,i_05349,i_18725,i_05472,i_08801,i_21717,i_17660,i_05394,i_05439,i_00027
u_03127,i_11373,i_01480,i_11910,i_24980,i_09345,i_14604,i_02136,i_11047,i_08862,i_28982
u_03128,i_10316,i_01937,i_24980,i_01111,i_01486,i_10353,i_11910,i_08355,i_00122,i_12430
u_03129,i_10316,i_24980,i_08132,i_01523,i_05267,i_03773,i_01111,i_14221,i_07520,i_21094
u_03130,i_09383,i_18801,i_04340,i_02631,i_00755,i_11569,i_02786,i_17108,i_09345,i_13705
u_03131,i_01468,i_14604,i_06228,i_02786,i_11373,i_10316,i_00776,i_17626,i_00011,i_00922
u_03132,i_14604,i_05267,i_01468,i_11373,i_01523,i_01111,i_01480,i_01937,i_17626,i_10316
u_03133,i_06228,i_03397,i_05354,i_02954,i_03302,i_00725,i_01476,i_01545,i_10316,i_12282
u_03134,i_21094,i_03262,i_00075,i_01539,i_24980,i_13841,i_10316,i_08881,i_00122,i_01496
u_03135,i_32112,i_00724,i_14604,i_02229,i_01430,i_01810,i_00126,i_00395,i_32129,i_05394
u_03136,i_08544,i_08638,i_01111,i_11373,i_00122,i_15802,i_08258,i_29164,i_10120,i_04254
u_03137,i_02786,i_10316,i_11910,i_05267,i_01937,i_01480,i_24980,i_17626,i_01523,i_00791
u_03138,i_01937,i_01523,i_08052,i_05267,i_14115,i_02136,i_01430,i_00468,i_05394,i_01998
u_03139,i_01480,i_24980,i_17626,i_01111,i_01523,i_04315,i_00122,i_10316,i_14604,i_01937
u_03140,i_24980,i_10518,i_14604,i_03865,i_28982,i_02300,i_11373,i_02786,i_02120,i_13084
u_03141,i_08638,i_10996,i_14604,i_08258,i_00428,i_15818,i_15802,i_09948,i_10316,i_11569
u_03142,i_01523,i_05267,i_14604,i_00062,i_08132,i_00468,i_01111,i_10316,i_17626,i_03829
u_03143,i_14604,i_02235,i_11373,i_10995,i_10120,i_02228,i_17626,i_24980,i_08895,i_09345
u_03144,i_10316,i_01165,i_14074,i_08499,i_17108,i_01485,i_17660,i_13290,i_09345,i_06228
u_03145,i_22342,i_10930,i_14604,i_00057,i_11910,i_02313,i_01545,i_07567,i_02276,i_03866
u_03146,i_00930,i_00310,i_00155,i_11590,i_12084,i_00586,i_06466,i_21094,i_01473,i_02683
u_03147,i_01044,i_02111,i_10316,i_14604,i_31921,i_01468,i_31993,i_00395,i_14115,i_00724
u_03148,i_10316,i_03773,i_17626,i_06228,i_00091,i_01486,i_21094,i_11373,i_24980,i_14604
u_03149,i_05394,i_11910,i_14808,i_08191,i_10120,i_09345,i_02155,i_23257,i_10316,i_01937
u_03150,i_14604,i_02786,i_10316,i_01201,i_24980,i_05394,i_01808,i_01111,i_01468,i_01523
u_03151,i_24980,i_21094,i_00716,i_12430,i_02228,i_11373,i_01988,i_01480,i_01496,i_29117
u_03152,i_01480,i_11910,i_02786,i_01937,i_02415,i_00389,i_17626,i_01998,i_05267,i_03829
u_03153,i_01480,i_14604,i_11373,i_10316,i_03678,i_01937,i_21094,i_06228,i_09124,i_06397
u_03154,i_10316,i_04504,i_14604,i_02786,i_05710,i_02136,i_00433,i_02213,i_05103,i_17626
u_03155,i_02631,i_01539,i_01476,i_25828,i_02725,i_01496,i_00755,i_08895,i_24980,i_01988
u_03156,i_02786,i_04580,i_00122,i_17626,i_01480,i_13084,i_28982,i_03866,i_17924,i_01937
u_03157,i_07263,i_00395,i_01479,i_00122,i_09345,i_05394,i_10316,i_17626,i_07904,i_10781
u_03158,i_09842,i_03678,i_09345,i_05213,i_01937,i_00062,i_10202,i_04692,i_02786,i_02336
u_03159,i_21094,i_04027,i_14604,i_17924,i_07576,i_17626,i_00122,i_01111,i_10316,i_28982
u_03160,i_08895,i_10316,i_22342,i_01827,i_12430,i_32108,i_05786,i_02725,i_00075,i_01545
u_03161,i_04578,i_10316,i_01480,i_14808,i_05394,i_13998,i_11365,i_14604,i_02334,i_14115
u_03162,i_24980,i_11373,i_10316,i_02786,i_14604,i_10120,i_17626,i_00395,i_00389,i_00122
u_03163,i_01054,i_10316,i_17626,i_00057,i_31741,i_02136,i_18139,i_24980,i_22342,i_02100
u_03164,i_01937,i_05267,i_07089,i_17626,i_01468,i_08132,i_18333,i_05394,i_11910,i_04578
u_03165,i_07524,i_01523,i_12430,i_04413,i_17626,i_14604,i_00776,i_01645,i_01486,i_01827
u_03166,i_00122,i_14604,i_11373,i_24980,i_17670,i_02079,i_12430,i_25535,i_02725,i_21094
u_03167,i_07263,i_00122,i_00922,i_17626,i_03302,i_10316,i_10120,i_04413,i_01479,i_01468
u_03168,i_05394,i_11910,i_10316,i_14808,i_10930,i_14604,i_05267,i_01523,i_10120,i_03773
u_03169,i_02786,i_10316,i_14604,i_01468,i_01523,i_02136,i_02276,i_08091,i_17924,i_11408
u_03170,i_01937,i_03238,i_02229,i_05394,i_04523,i_10895,i_12075,i_32129,i_10930,i_01111
u_03171,i_14604,i_05267,i_01468,i_00122,i_01523,i_01937,i_03773,i_06228,i_11910,i_21094
u_03172,i_01523,i_10316,i_01937,i_14604,i_24980,i_04580,i_17626,i_01485,i_02317,i_03773
u_03173,i_10316,i_09052,i_31950,i_05416,i_09182,i_02399,i_24302,i_00468,i_00011,i_00433
u_03174,i_21094,i_10316,i_09052,i_03773,i_00468,i_05493,i_01480,i_01111,i_14604,i_00126
u_03175,i_05267,i_04578,i_01468,i_03773,i_14115,i_11910,i_14808,i_08132,i_17626,i_10930
u_03176,i_24980,i_14120,i_03397,i_09436,i_11537,i_02079,i_03829,i_06397,i_11047,i_08191
u_03177,i_24980,i_16877,i_08518,i_31741,i_00462,i_01476,i_00122,i_00057,i_10316,i_31952
u_03178,i_24980,i_11373,i_32108,i_12562,i_00057,i_08895,i_02313,i_16877,i_01988,i_02725
u_03179,i_14604,i_01937,i_01485,i_16700,i_10316,i_01486,i_04692,i_00122,i_05786,i_02031
u_03180,i_14115,i_24980,i_05439,i_08132,i_09052,i_01937,i_05267,i_01998,i_14604,i_10930
u_03181,i_01937,i_05267,i_08801,i_01523,i_18681,i_11365,i_14604,i_11483,i_04578,i_11047
u_03182,i_14604,i_05103,i_14984,i_05710,i_02393,i_05493,i_21094,i_04524,i_00433,i_02317
u_03183,i_21094,i_03397,i_00037,i_09345,i_10995,i_03302,i_00122,i_17687,i_05267,i_15077
u_03184,i_00468,i_06450,i_05267,i_07370,i_06951,i_01430,i_09948,i_10316,i_00724,i_24980
u_03185,i_14604,i_01937,i_04578,i_10316,i_18681,i_11373,i_03773,i_08132,i_02229,i_01523
u_03186,i_02300,i_06766,i_11373,i_14604,i_24980,i_05267,i_04580,i_06228,i_04221,i_00057
u_03187,i_00948,i_00776,i_01480,i_22342,i_17924,i_24980,i_17923,i_14604,i_13841,i_00468
u_03188,i_01849,i_02209,i_07370,i_00062,i_01111,i_03829,i_02786,i_24980,i_03773,i_05267
u_03189,i_01987,i_31992,i_02022,i_31983,i_01952,i_31952,i_02076,i_03866,i_00372,i_01869
u_03190,i_10316,i_07370,i_03773,i_11909,i_03457,i_09436,i_06533,i_21094,i_06071,i_04478
u_03191,i_24980,i_10995,i_17626,i_29639,i_07050,i_04984,i_01827,i_16877,i_14604,i_00725
u_03192,i_24980,i_17923,i_00204,i_04102,i_00365,i_06244,i_07576,i_01868,i_17924,i_00315
u_03193,i_00793,i_04181,i_03590,i_04585,i_02634,i_02209,i_01993,i_00569,i_11409,i_08669
u_03194,i_23464,i_22515,i_23279,i_24481,i_19978,i_21691,i_06782,i_17050,i_09345,i_06533
u_03195,i_02786,i_11373,i_01468,i_06951,i_24980,i_00776,i_00122,i_01523,i_01937,i_11910
u_03196,i_18217,i_13998,i_10120,i_11910,i_08132,i_09182,i_05439,i_03773,i_10316,i_01468
u_03197,i_11373,i_06228,i_02100,i_31741,i_24019,i_31952,i_21094,i_22342,i_08518,i_00057
u_03198,i_00154,i_00724,i_00163,i_21094,i_01937,i_31921,i_00062,i_00153,i_01480,i_11373
u_03199,i_01937,i_14604,i_01523,i_05267,i_01111,i_03773,i_01468,i_07520,i_01480,i_09052
u_03200,i_10316,i_01111,i_01523,i_14604,i_14115,i_01937,i_03773,i_08132,i_10120,i_05472
u_03201,i_00724,i_01044,i_31921,i_01937,i_05267,i_31993,i_32040,i_00428,i_14604,i_10316
u_03202,i_16191,i_00865,i_25590,i_01135,i_02683,i_17108,i_00395,i_24980,i_00057,i_01746
u_03203,i_11910,i_14115,i_09052,i_01849,i_00062,i_24980,i_03773,i_02786,i_01468,i_10120
u_03204,i_17626,i_00506,i_00470,i_17924,i_00155,i_31952,i_08518,i_00311,i_25690,i_00011
u_03205,i_10316,i_09052,i_04478,i_03773,i_13998,i_08132,i_01998,i_01111,i_17626,i_05416
u_03206,i_05267,i_24980,i_14115,i_05439,i_01523,i_13998,i_11910,i_08132,i_11373,i_04580
u_03207,i_10316,i_24980,i_13841,i_03773,i_10120,i_09052,i_03262,i_08132,i_06228,i_12785
u_03208,i_32036,i_32021,i_00249,i_01135,i_00492,i_01937,i_01485,i_00793,i_16700,i_04480
u_03209,i_01523,i_02786,i_01937,i_10316,i_11365,i_14115,i_02136,i_03773,i_02415,i_05439
u_03210,i_21094,i_11910,i_05439,i_05267,i_01480,i_00724,i_01937,i_01798,i_02334,i_01468
u_03211,i_00306,i_00470,i_08518,i_01486,i_18031,i_12430,i_16920,i_21094,i_14604,i_00311
u_03212,i_00122,i_21094,i_06228,i_10316,i_31952,i_11373,i_01480,i_02786,i_31921,i_01468
u_03213,i_05416,i_05439,i_14651,i_13690,i_06228,i_10316,i_14115,i_05342,i_11373,i_04692
u_03214,i_17901,i_23906,i_32048,i_03397,i_11373,i_17660,i_02317,i_02541,i_14173,i_06228
u_03215,i_24980,i_17626,i_02079,i_02136,i_02786,i_09934,i_00922,i_01849,i_01764,i_14115
u_03216,i_02786,i_03678,i_24980,i_01523,i_10316,i_08132,i_02541,i_00073,i_14115,i_02111
u_03217,i_24980,i_17660,i_13084,i_05439,i_08862,i_11373,i_01739,i_02079,i_09345,i_14173
u_03218,i_31902,i_25535,i_05188,i_28982,i_02786,i_17924,i_03773,i_00948,i_00928,i_02827
u_03219,i_10316,i_02786,i_01937,i_03829,i_17108,i_01764,i_01111,i_01746,i_14604,i_00037
u_03220,i_00539,i_12612,i_03866,i_12579,i_05786,i_02100,i_19934,i_05927,i_02334,i_00433
u_03221,i_01523,i_03773,i_00062,i_01468,i_31921,i_08132,i_21094,i_14604,i_13670,i_01998
u_03222,i_29600,i_01158,i_00402,i_01129,i_11373,i_12430,i_00457,i_24980,i_00621,i_02120
u_03223,i_32129,i_09345,i_00377,i_02334,i_01523,i_14604,i_02827,i_06068,i_10930,i_08895
u_03224,i_14604,i_11373,i_06883,i_17626,i_01486,i_10316,i_24980,i_02786,i_01937,i_14808
u_03225,i_11373,i_05677,i_24980,i_09591,i_06228,i_00122,i_13084,i_14604,i_09842,i_01523
u_03226,i_24980,i_01480,i_29639,i_08881,i_00122,i_00057,i_08895,i_02559,i_00395,i_03302
u_03227,i_14604,i_01111,i_05394,i_02786,i_11047,i_05439,i_01523,i_10316,i_24980,i_03773
u_03228,i_00011,i_02317,i_10316,i_05267,i_00062,i_01937,i_02786,i_13651,i_00468,i_17389
u_03229,i_05267,i_05394,i_24980,i_09345,i_08191,i_17108,i_01430,i_04578,i_32107,i_00126
u_03230,i_24980,i_11373,i_05267,i_02111,i_01808,i_01937,i_17108,i_00724,i_12212,i_06866
u_03231,i_05394,i_14604,i_05267,i_10930,i_01111,i_02786,i_10316,i_24980,i_01998,i_17626
u_03232,i_05103,i_01486,i_10894,i_24980,i_03678,i_09934,i_14984,i_04191,i_02105,i_01937
u_03233,i_01480,i_05267,i_24980,i_14604,i_06228,i_01937,i_28982,i_11373,i_09052,i_01485
u_03234,i_01480,i_14604,i_00468,i_24302,i_11365,i_18681,i_13651,i_00433,i_02334,i_01868
u_03235,i_01480,i_01746,i_10316,i_21094,i_17924,i_14604,i_31921,i_00922,i_10518,i_31952
u_03236,i_02427,i_02874,i_06228,i_02090,i_00462,i_01495,i_00500,i_06754,i_00039,i_03262
u_03237,i_01430,i_05267,i_14604,i_00027,i_05976,i_01468,i_01810,i_01523,i_24980,i_01798
u_03238,i_06228,i_08132,i_31952,i_10930,i_11373,i_05267,i_24980,i_14808,i_11537,i_05394
u_03239,i_12901,i_01480,i_00279,i_21094,i_24980,i_17670,i_22738,i_31741,i_08518,i_31921
u_03240,i_24980,i_01480,i_14604,i_21094,i_28982,i_03829,i_05267,i_01111,i_09345,i_08862
u_03241,i_01523,i_05267,i_02786,i_21094,i_01937,i_02827,i_03773,i_01468,i_02596,i_05103
u_03242,i_14115,i_03773,i_08881,i_08132,i_02786,i_10100,i_09345,i_13862,i_01827,i_01111
u_03243,i_10120,i_04181,i_01523,i_11548,i_01937,i_09052,i_08713,i_14604,i_04692,i_00492
u_03244,i_10316,i_13547,i_02317,i_00062,i_06228,i_00468,i_06951,i_01480,i_24980,i_13651
u_03245,i_17924,i_31946,i_21094,i_26940,i_31993,i_24980,i_01044,i_12901,i_14604,i_02786
u_03246,i_05272,i_32040,i_00724,i_17626,i_00470,i_24980,i_02600,i_01912,i_08713,i_01486
u_03247,i_00122,i_24980,i_10316,i_14604,i_17626,i_02786,i_01496,i_07370,i_12430,i_01480
u_03248,i_00468,i_14604,i_02136,i_04413,i_06951,i_11386,i_02317,i_03829,i_05767,i_17626
u_03249,i_04377,i_01523,i_05267,i_14604,i_00062,i_02827,i_02415,i_02317,i_01468,i_02786
u_03250,i_00462,i_03590,i_02380,i_21094,i_00122,i_03262,i_00470,i_27030,i_27675,i_01523
u_03251,i_00948,i_18312,i_21094,i_00554,i_01111,i_02213,i_00506,i_09345,i_05786,i_03829
u_03252,i_02209,i_11887,i_22342,i_02954,i_10781,i_02417,i_05652,i_02079,i_00540,i_09436
u_03253,i_01937,i_03773,i_10316,i_09052,i_01468,i_14115,i_05267,i_00062,i_10120,i_24980
u_03254,i_14604,i_24980,i_11373,i_01111,i_17626,i_21094,i_01486,i_00122,i_10316,i_01480
u_03255,i_05267,i_01485,i_00122,i_01135,i_01523,i_05394,i_02786,i_02631,i_17626,i_02882
u_03256,i_22342,i_00122,i_04191,i_06071,i_07370,i_01202,i_17660,i_09436,i_01480,i_02313
u_03257,i_05267,i_14604,i_01937,i_02786,i_03689,i_01807,i_04692,i_01485,i_13690,i_10316
u_03258,i_02786,i_14604,i_17626,i_07520,i_21094,i_24980,i_01937,i_02317,i_00468,i_01485
u_03259,i_02786,i_01937,i_14808,i_14604,i_05394,i_08132,i_01998,i_04578,i_03773,i_04580
u_03260,i_09591,i_13670,i_02228,i_03302,i_10081,i_08518,i_13850,i_24980,i_05407,i_09310
u_03261,i_21094,i_17924,i_01480,i_24980,i_31952,i_17626,i_25535,i_10518,i_14604,i_00311
u_03262,i_02334,i_17924,i_28982,i_05187,i_00122,i_25535,i_01468,i_02299,i_12612,i_01218
u_03263,i_00725,i_22342,i_02954,i_04984,i_04033,i_04191,i_03302,i_01097,i_01827,i_10781
u_03264,i_03773,i_00062,i_10509,i_13084,i_01998,i_14604,i_13499,i_13670,i_11910,i_14808
u_03265,i_03302,i_04254,i_00395,i_02136,i_02382,i_04692,i_10316,i_05267,i_00122,i_11373
u_03266,i_17626,i_01496,i_01545,i_02954,i_14604,i_06228,i_08895,i_16877,i_02878,i_00724
u_03267,i_05267,i_18681,i_11365,i_03819,i_14115,i_02328,i_07171,i_05439,i_05349,i_01468
u_03268,i_01468,i_01480,i_00793,i_04585,i_00506,i_10316,i_14604,i_04181,i_14115,i_11409
u_03269,i_01111,i_01135,i_00865,i_10120,i_10316,i_13690,i_02111,i_03404,i_00073,i_01746
u_03270,i_01158,i_14604,i_07708,i_29600,i_00485,i_01480,i_31903,i_21094,i_06883,i_11373
u_03271,i_10120,i_13998,i_05439,i_14221,i_09345,i_09948,i_09124,i_14526,i_00470,i_04478
u_03272,i_02786,i_01111,i_10316,i_24980,i_09052,i_14604,i_31950,i_08132,i_00122,i_14808
u_03273,i_01111,i_04181,i_03590,i_12101,i_14878,i_01807,i_01849,i_01934,i_11047,i_09275
u_03274,i_05416,i_18217,i_10316,i_14115,i_03606,i_14808,i_04580,i_14221,i_09182,i_12061
u_03275,i_00122,i_01135,i_02228,i_02631,i_02321,i_02407,i_02725,i_01111,i_29164,i_01827
u_03276,i_01993,i_21033,i_00311,i_10316,i_00122,i_04413,i_18139,i_04254,i_07263,i_31946
u_03277,i_03601,i_00122,i_11543,i_03616,i_01111,i_00145,i_02541,i_04123,i_10100,i_04186
u_03278,i_24980,i_21094,i_01468,i_14604,i_00540,i_10316,i_01111,i_11373,i_00428,i_05320
u_03279,i_14604,i_01937,i_01111,i_10316,i_01523,i_00122,i_05267,i_24980,i_02786,i_17108
u_03280,i_14518,i_11373,i_02683,i_16127,i_10120,i_06228,i_10316,i_14074,i_09124,i_13084
u_03281,i_01480,i_28547,i_00054,i_28982,i_22342,i_17626,i_24980,i_02105,i_31921,i_31952
u_03282,i_01480,i_14604,i_28982,i_02786,i_10518,i_31903,i_24980,i_03865,i_09275,i_05188
u_03283,i_18217,i_10316,i_13998,i_05267,i_05439,i_08132,i_04580,i_05416,i_11910,i_01523
u_03284,i_14604,i_02786,i_21094,i_00575,i_01468,i_03773,i_01480,i_02111,i_01849,i_01485
u_03285,i_14604,i_17626,i_00122,i_01937,i_10316,i_02786,i_01523,i_00922,i_05835,i_01480
u_03286,i_21094,i_05296,i_00724,i_10316,i_03468,i_02786,i_02297,i_02079,i_01135,i_03678
u_03287,i_05439,i_03829,i_24980,i_02297,i_26649,i_01480,i_02317,i_09345,i_05180,i_28982
u_03288,i_06228,i_11373,i_00440,i_12430,i_01486,i_02382,i_10316,i_24980,i_00930,i_08091
u_03289,i_01111,i_02317,i_05797,i_05472,i_02720,i_04692,i_01202,i_01827,i_22342,i_02136
u_03290,i_14604,i_14808,i_01937,i_05267,i_24980,i_10316,i_08132,i_14115,i_17626,i_02786
u_03291,i_00057,i_24980,i_00122,i_17626,i_01496,i_02228,i_10316,i_00075,i_00724,i_01486
u_03292,i_01111,i_15077,i_11373,i_14221,i_01807,i_02790,i_17687,i_15630,i_05354,i_13690
u_03293,i_01480,i_10316,i_06228,i_14604,i_00724,i_01468,i_09124,i_02136,i_13670,i_03468
u_03294,i_01480,i_10518,i_17923,i_00365,i_05188,i_04102,i_31903,i_02334,i_07576,i_17924
u_03295,i_24980,i_17626,i_10316,i_08895,i_14604,i_00395,i_01827,i_02382,i_01135,i_11347
u_03296,i_14604,i_21094,i_00724,i_01480,i_04578,i_05188,i_11910,i_00027,i_00155,i_17924
u_03297,i_05416,i_21094,i_17626,i_14604,i_05267,i_08132,i_01523,i_03829,i_14984,i_02393
u_03298,i_01468,i_03590,i_02317,i_11373,i_08132,i_01937,i_19909,i_01111,i_03689,i_04181
u_03299,i_24481,i_05103,i_26255,i_02282,i_17626,i_25690,i_00362,i_26996,i_00062,i_02786
u_03300,i_01937,i_02786,i_05394,i_14115,i_05439,i_08132,i_05267,i_04692,i_01807,i_01485
u_03301,i_08081,i_10316,i_09592,i_04181,i_02359,i_10057,i_00395,i_04527,i_02209,i_02631
u_03302,i_04102,i_10518,i_01480,i_00114,i_00204,i_17923,i_17626,i_31903,i_00539,i_05786
u_03303,i_02786,i_11373,i_10316,i_14115,i_14604,i_17626,i_10120,i_07263,i_05416,i_02079
u_03304,i_01479,i_02229,i_10316,i_01929,i_00377,i_02634,i_14844,i_04254,i_05472,i_07263
u_03305,i_24980,i_17626,i_10518,i_01937,i_28982,i_21094,i_02786,i_01439,i_17924,i_01523
u_03306,i_01937,i_05416,i_17626,i_01523,i_03773,i_03926,i_10120,i_02882,i_14221,i_14115
u_03307,i_03865,i_14604,i_23464,i_22515,i_01937,i_21691,i_05394,i_02786,i_24481,i_18681
u_03308,i_08560,i_08091,i_10353,i_10698,i_09591,i_11355,i_09976,i_13122,i_11408,i_09345
u_03309,i_01827,i_08518,i_00870,i_10316,i_08596,i_21249,i_09635,i_11386,i_02106,i_02136
u_03310,i_01798,i_24980,i_14604,i_03829,i_17626,i_01430,i_14808,i_04191,i_03590,i_17389
u_03311,i_14604,i_01158,i_24980,i_01111,i_14808,i_08881,i_05267,i_00755,i_10316,i_21094
u_03312,i_14115,i_05439,i_08132,i_01523,i_31950,i_14604,i_00389,i_02786,i_01998,i_00126
u_03313,i_14604,i_24302,i_05786,i_02334,i_03829,i_00395,i_07567,i_00126,i_01808,i_11365
u_03314,i_00122,i_11373,i_02786,i_24980,i_06241,i_10120,i_01468,i_02276,i_14604,i_08881
u_03315,i_00122,i_00504,i_01827,i_10202,i_24980,i_12901,i_02080,i_02228,i_01476,i_01515
u_03316,i_01645,i_01522,i_04413,i_03468,i_00926,i_21094,i_13670,i_00724,i_00362,i_02213
u_03317,i_32040,i_10316,i_03773,i_11373,i_10120,i_06228,i_01468,i_14604,i_00724,i_24980
u_03318,i_01937,i_02786,i_10316,i_01468,i_14604,i_01523,i_05698,i_05797,i_04692,i_09442
u_03319,i_01111,i_01523,i_14604,i_13690,i_04692,i_14115,i_02136,i_01485,i_01468,i_02786
u_03320,i_11548,i_14604,i_25590,i_00310,i_24980,i_02954,i_02786,i_00776,i_14173,i_01111
u_03321,i_10316,i_03319,i_07263,i_10057,i_21094,i_11373,i_14604,i_02786,i_18139,i_04585
u_03322,i_01468,i_05267,i_01523,i_02415,i_04478,i_14604,i_01430,i_02031,i_00062,i_04181
u_03323,i_01111,i_24980,i_01523,i_14604,i_02786,i_01468,i_10316,i_21094,i_17108,i_01485
u_03324,i_24980,i_21094,i_10316,i_00122,i_03773,i_01523,i_31952,i_01480,i_01111,i_00062
u_03325,i_14604,i_01480,i_18681,i_05267,i_01937,i_02786,i_17626,i_03151,i_01468,i_21094
u_03326,i_01480,i_14604,i_02786,i_24980,i_05439,i_05267,i_11910,i_09052,i_14984,i_00365
u_03327,i_01468,i_14604,i_14115,i_01937,i_00062,i_05267,i_02209,i_00122,i_10120,i_03773
u_03328,i_02786,i_14604,i_00122,i_01468,i_17626,i_01480,i_24980,i_21094,i_10316,i_05267
u_03329,i_03865,i_06450,i_08355,i_14604,i_01468,i_01158,i_06883,i_02235,i_03866,i_15669
u_03330,i_05267,i_01523,i_01468,i_08713,i_02827,i_18681,i_04578,i_02415,i_09052,i_07520
u_03331,i_27051,i_14604,i_01135,i_04480,i_05267,i_17108,i_00389,i_00793,i_00395,i_02111
u_03332,i_10316,i_14115,i_16487,i_18217,i_11373,i_09182,i_05416,i_16633,i_01111,i_01998
u_03333,i_24980,i_28982,i_01480,i_11373,i_02334,i_17924,i_05109,i_25535,i_03819,i_08754
u_03334,i_02786,i_01111,i_05267,i_10316,i_14115,i_02596,i_00122,i_02317,i_05394,i_14604
u_03335,i_06361,i_10057,i_10316,i_01941,i_00122,i_01993,i_03319,i_03803,i_02755,i_02209
u_03336,i_01111,i_04181,i_00793,i_14604,i_31950,i_10316,i_03590,i_27051,i_02786,i_24980
u_03337,i_14604,i_11910,i_10316,i_10518,i_17626,i_13651,i_11373,i_14808,i_21094,i_03829
u_03338,i_13290,i_09932,i_13127,i_04690,i_14120,i_29800,i_00178,i_26649,i_13489,i_14917
u_03339,i_10316,i_14604,i_02228,i_05664,i_24980,i_07587,i_08091,i_12566,i_21094,i_11373
u_03340,i_04254,i_10781,i_02228,i_13761,i_02831,i_09591,i_00145,i_10120,i_13850,i_01479
u_03341,i_02786,i_01849,i_14115,i_03773,i_05493,i_05439,i_03678,i_00433,i_00062,i_24980
u_03342,i_21094,i_00155,i_00249,i_17108,i_00075,i_15616,i_31741,i_08881,i_01490,i_00724
u_03343,i_11373,i_02321,i_01937,i_00377,i_02299,i_00523,i_02407,i_32048,i_00037,i_01468
u_03344,i_11373,i_06228,i_06017,i_10316,i_24980,i_09345,i_02080,i_01111,i_11386,i_01523
u_03345,i_06017,i_15902,i_05491,i_20190,i_00155,i_08862,i_03262,i_17904,i_06228,i_19751
u_03346,i_31921,i_13651,i_11365,i_01937,i_01468,i_00037,i_02786,i_02317,i_11910,i_03151
u_03347,i_05267,i_01523,i_10316,i_01937,i_01468,i_24980,i_01111,i_14604,i_21094,i_00011
u_03348,i_02786,i_00468,i_08713,i_01523,i_00011,i_00122,i_14604,i_25535,i_05188,i_03773
u_03349,i_13984,i_00922,i_08476,i_02244,i_14173,i_08491,i_03773,i_13489,i_02079,i_01849
u_03350,i_17626,i_10316,i_00062,i_02786,i_24980,i_07520,i_01480,i_01468,i_14604,i_01523
u_03351,i_04254,i_06951,i_10120,i_12282,i_02382,i_02720,i_10781,i_13761,i_03302,i_13841
u_03352,i_00462,i_02280,i_02283,i_02683,i_31741,i_02105,i_00218,i_00227,i_00216,i_00155
u_03353,i_08895,i_04191,i_07263,i_21094,i_02319,i_02786,i_01111,i_12901,i_02297,i_18139
u_03354,i_01480,i_11373,i_11910,i_10316,i_24980,i_03773,i_21094,i_01868,i_02334,i_03151
u_03355,i_01135,i_04480,i_00122,i_01111,i_02634,i_27051,i_00389,i_02696,i_08895,i_02631
u_03356,i_11373,i_01480,i_14808,i_10316,i_01937,i_09345,i_05267,i_04580,i_13084,i_04346
u_03357,i_04191,i_02319,i_01541,i_01054,i_01534,i_16591,i_00795,i_10316,i_17626,i_03568
u_03358,i_10518,i_14604,i_11909,i_06228,i_21094,i_17924,i_11373,i_31952,i_17626,i_10316
u_03359,i_00948,i_14604,i_13651,i_01798,i_00011,i_05694,i_01523,i_00037,i_02079,i_31902
u_03360,i_02786,i_17626,i_21094,i_24980,i_00489,i_11373,i_02297,i_12901,i_00249,i_26940
u_03361,i_14604,i_11373,i_10316,i_09052,i_10120,i_08132,i_14221,i_14115,i_05416,i_13998
u_03362,i_07089,i_14604,i_01480,i_11373,i_24980,i_10518,i_11055,i_02786,i_00122,i_07576
u_03363,i_00122,i_14604,i_12430,i_05167,i_17626,i_24980,i_02786,i_10316,i_01111,i_00724
u_03364,i_14808,i_01937,i_10316,i_02786,i_23257,i_08132,i_13489,i_05416,i_17626,i_04692
u_03365,i_01486,i_10316,i_04171,i_17626,i_24980,i_01523,i_04186,i_02280,i_00554,i_00389
u_03366,i_10353,i_05859,i_02316,i_07587,i_08091,i_10316,i_04603,i_04221,i_11355,i_09592
u_03367,i_10316,i_11373,i_01111,i_01480,i_13690,i_24980,i_17626,i_11548,i_09052,i_06228
u_03368,i_24980,i_02786,i_08518,i_21094,i_02317,i_03568,i_01468,i_17626,i_03829,i_00724
u_03369,i_16633,i_05416,i_07370,i_10316,i_02136,i_05573,i_12567,i_01849,i_09934,i_02697
u_03370,i_01468,i_17626,i_01111,i_10316,i_14604,i_01937,i_11373,i_02111,i_02382,i_09345
u_03371,i_04221,i_04603,i_08091,i_10353,i_09591,i_10316,i_21094,i_17626,i_29639,i_00122
u_03372,i_20636,i_10425,i_15906,i_11347,i_03795,i_08063,i_08784,i_10120,i_12388,i_09229
u_03373,i_06863,i_08638,i_08544,i_08258,i_20190,i_04413,i_13670,i_13122,i_05407,i_01645
u_03374,i_10316,i_14604,i_11373,i_02786,i_21094,i_06228,i_02317,i_24980,i_01937,i_10120
u_03375,i_21094,i_11373,i_16920,i_01486,i_11055,i_00470,i_10316,i_00433,i_13670,i_00157
u_03376,i_05786,i_14604,i_05394,i_11373,i_15902,i_03397,i_32048,i_00122,i_04123,i_14173
u_03377,i_01480,i_01293,i_00310,i_31741,i_21094,i_10316,i_31952,i_24980,i_27030,i_17108
u_03378,i_01111,i_14604,i_00122,i_32036,i_10316,i_08132,i_01523,i_06228,i_17626,i_01998
u_03379,i_24980,i_17626,i_00122,i_02786,i_31952,i_21094,i_11373,i_01486,i_01476,i_09027
u_03380,i_31952,i_24980,i_17626,i_14604,i_00395,i_00428,i_01485,i_21094,i_12901,i_11910
u_03381,i_31952,i_00075,i_31741,i_00311,i_01480,i_21094,i_01476,i_31946,i_17670,i_00395
u_03382,i_01468,i_02786,i_01523,i_24980,i_02300,i_05573,i_00922,i_14604,i_10316,i_03829
u_03383,i_01937,i_02596,i_05472,i_00073,i_08713,i_08052,i_05797,i_03829,i_02417,i_02136
u_03384,i_01111,i_09345,i_02786,i_11373,i_00122,i_05267,i_14604,i_00724,i_31921,i_01486
u_03385,i_03806,i_17108,i_00395,i_05267,i_01479,i_01111,i_14604,i_06534,i_01485,i_10120
u_03386,i_03678,i_03262,i_24980,i_13841,i_01523,i_11373,i_09345,i_32048,i_14115,i_13084
u_03387,i_01807,i_05786,i_08754,i_04523,i_16295,i_02415,i_02299,i_11365,i_03650,i_02229
u_03388,i_03678,i_05267,i_11373,i_05490,i_13690,i_01111,i_02300,i_03866,i_10316,i_02111
u_03389,i_02786,i_14115,i_10316,i_01937,i_17626,i_00062,i_05439,i_02596,i_05472,i_17108
u_03390,i_08428,i_09303,i_12135,i_04089,i_04300,i_11904,i_15730,i_12875,i_04301,i_18200
u_03391,i_10995,i_04984,i_02228,i_06792,i_08895,i_11047,i_09345,i_03678,i_13761,i_00122
u_03392,i_05267,i_03773,i_14808,i_01523,i_01937,i_10930,i_11910,i_05394,i_03819,i_10316
u_03393,i_11373,i_24980,i_05267,i_17626,i_00122,i_10316,i_06228,i_05652,i_14604,i_23257
u_03394,i_05267,i_06450,i_11569,i_05394,i_01810,i_26940,i_01937,i_00395,i_10133,i_10930
u_03395,i_12786,i_06228,i_07567,i_10120,i_04221,i_12282,i_02313,i_09345,i_15005,i_05354
u_03396,i_05267,i_01523,i_02786,i_08132,i_01468,i_14115,i_10316,i_02079,i_24980,i_01486
u_03397,i_02786,i_01523,i_05267,i_14115,i_03773,i_14221,i_08132,i_11910,i_02334,i_01998
u_03398,i_14604,i_01937,i_13651,i_01523,i_07520,i_00928,i_01480,i_00126,i_02786,i_00011
u_03399,i_17626,i_05439,i_09052,i_08132,i_14115,i_01937,i_10120,i_10316,i_09591,i_01523
u_03400,i_14604,i_24980,i_17626,i_00776,i_01486,i_11373,i_16920,i_10316,i_06228,i_00506
u_03401,i_05439,i_24980,i_04580,i_05267,i_14808,i_05394,i_09052,i_03773,i_07171,i_01937
u_03402,i_03678,i_09052,i_01523,i_10120,i_11373,i_14604,i_01849,i_11569,i_11483,i_01923
u_03403,i_00122,i_08895,i_01480,i_32108,i_02382,i_02755,i_00395,i_12901,i_17670,i_24980
u_03404,i_10316,i_01523,i_01937,i_11483,i_01111,i_10509,i_08052,i_03773,i_05267,i_14115
u_03405,i_24980,i_09345,i_21849,i_17670,i_00122,i_01480,i_17626,i_04978,i_01539,i_00377
u_03406,i_24980,i_09275,i_21094,i_02786,i_31903,i_04549,i_17626,i_10316,i_11373,i_05267
u_03407,i_21094,i_02786,i_11373,i_06228,i_01486,i_01827,i_01468,i_00506,i_00155,i_02313
u_03408,i_02786,i_01523,i_00122,i_02299,i_00073,i_02317,i_17626,i_14604,i_01111,i_11373
u_03409,i_00122,i_01496,i_01135,i_01827,i_02313,i_01199,i_10972,i_00500,i_01476,i_17924
u_03410,i_01523,i_00062,i_01430,i_18681,i_17108,i_01468,i_08132,i_01809,i_00126,i_05167
u_03411,i_01111,i_21094,i_31952,i_14604,i_31921,i_24980,i_00122,i_26940,i_02786,i_10316
u_03412,i_06228,i_16607,i_12629,i_12345,i_14796,i_08465,i_02720,i_12785,i_11107,i_10781
u_03413,i_00122,i_01480,i_01496,i_11373,i_01476,i_29117,i_14604,i_02725,i_17670,i_09009
u_03414,i_10316,i_05267,i_11910,i_14604,i_14808,i_09182,i_13998,i_03773,i_14115,i_01937
u_03415,i_06241,i_08881,i_01479,i_26940,i_03142,i_02314,i_01849,i_01827,i_03616,i_17108
u_03416,i_10316,i_08091,i_07263,i_02235,i_11373,i_00389,i_19432,i_08355,i_01993,i_14221
u_03417,i_01468,i_05267,i_14604,i_13998,i_11373,i_01523,i_06228,i_03773,i_09345,i_01937
u_03418,i_02786,i_01480,i_05267,i_25535,i_00126,i_01485,i_31921,i_31950,i_29117,i_10316
u_03419,i_10316,i_02297,i_00795,i_17626,i_02359,i_02786,i_00433,i_00586,i_01827,i_02317
u_03420,i_01937,i_01523,i_02786,i_00062,i_18681,i_11483,i_02596,i_02031,i_02136,i_00126
u_03421,i_14604,i_29600,i_02300,i_01111,i_24980,i_29639,i_05267,i_01764,i_11373,i_02786
u_03422,i_00389,i_00122,i_02228,i_00057,i_10316,i_00037,i_24980,i_02631,i_01135,i_09345
u_03423,i_03262,i_13084,i_08132,i_02786,i_08191,i_10258,i_02827,i_03773,i_07567,i_11373
u_03424,i_00122,i_14604,i_02786,i_10972,i_06474,i_01111,i_03268,i_12320,i_03397,i_08895
u_03425,i_14604,i_10316,i_11373,i_31952,i_24980,i_01111,i_02786,i_01523,i_00122,i_01480
u_03426,i_01937,i_00062,i_05472,i_05267,i_01111,i_10316,i_17626,i_02317,i_14604,i_00037
u_03427,i_01480,i_31903,i_01468,i_24980,i_28982,i_00365,i_17923,i_14604,i_01798,i_00027
u_03428,i_01468,i_01480,i_11910,i_11373,i_10316,i_03773,i_14808,i_17626,i_02786,i_09052
u_03429,i_31903,i_14604,i_02683,i_00011,i_00470,i_00311,i_25690,i_02676,i_00157,i_31952
u_03430,i_14604,i_10316,i_03807,i_24980,i_01111,i_01523,i_04580,i_02786,i_17626,i_00122
u_03431,i_14808,i_10930,i_11910,i_01111,i_05267,i_05393,i_01430,i_02229,i_01937,i_01998
u_03432,i_05267,i_24980,i_12061,i_09345,i_05797,i_08801,i_01121,i_03829,i_01937,i_01430
u_03433,i_10930,i_10316,i_14604,i_01468,i_05416,i_01998,i_03773,i_08132,i_14115,i_02786
u_03434,i_14604,i_01468,i_02786,i_03773,i_01523,i_01937,i_10316,i_24980,i_01480,i_00122
u_03435,i_22265,i_16006,i_13611,i_08099,i_07174,i_18718,i_08544,i_08638,i_25981,i_13850
u_03436,i_00776,i_29639,i_06228,i_11373,i_01480,i_31952,i_00716,i_12430,i_00306,i_00122
u_03437,i_14844,i_01480,i_09056,i_04580,i_01111,i_01998,i_12562,i_09345,i_00468,i_21094
u_03438,i_32040,i_00091,i_14604,i_00162,i_24980,i_00163,i_10316,i_00554,i_01486,i_01480
u_03439,i_10316,i_00062,i_09948,i_09635,i_11373,i_06228,i_11107,i_00059,i_17626,i_01111
u_03440,i_31921,i_02786,i_10316,i_02596,i_02136,i_14604,i_02317,i_01468,i_01937,i_01809
u_03441,i_07255,i_00122,i_09345,i_07567,i_08544,i_24980,i_08638,i_04221,i_10081,i_00725
u_03442,i_05296,i_14604,i_00122,i_17626,i_02786,i_24980,i_00155,i_01468,i_11373,i_06228
u_03443,i_31741,i_08518,i_31952,i_16920,i_00922,i_00162,i_00075,i_00554,i_27675,i_03302
u_03444,i_05267,i_24980,i_00377,i_14808,i_10316,i_08132,i_05394,i_01523,i_02631,i_02274
u_03445,i_00468,i_00011,i_05188,i_13651,i_05267,i_24980,i_01480,i_02786,i_14604,i_01468
u_03446,i_24980,i_08895,i_06241,i_01476,i_03567,i_11910,i_01485,i_12430,i_01480,i_29117
u_03447,i_02786,i_15669,i_09591,i_14604,i_00062,i_01937,i_01111,i_05976,i_15489,i_06441
u_03448,i_14604,i_05267,i_10316,i_02786,i_24980,i_14808,i_02541,i_11373,i_01523,i_11910
u_03449,i_05267,i_17626,i_12061,i_04580,i_01523,i_09345,i_02229,i_18217,i_11910,i_08191
u_03450,i_13651,i_00468,i_01468,i_02786,i_14604,i_10316,i_07520,i_00155,i_00506,i_01480
u_03451,i_01937,i_00062,i_10316,i_02111,i_31950,i_01523,i_07520,i_05342,i_04181,i_02731
u_03452,i_14604,i_03773,i_31903,i_24980,i_01937,i_17626,i_01798,i_02334,i_00155,i_11373
u_03453,i_10316,i_02786,i_03829,i_01937,i_14604,i_01523,i_10057,i_05103,i_04504,i_03773
u_03454,i_06951,i_10316,i_13841,i_00930,i_05337,i_04191,i_00122,i_01746,i_02786,i_07370
u_03455,i_01937,i_02786,i_14604,i_00062,i_10316,i_07520,i_09934,i_09052,i_05103,i_08801
u_03456,i_10930,i_05267,i_04580,i_17626,i_10120,i_03773,i_08132,i_10972,i_02229,i_11373
u_03457,i_01480,i_24980,i_29600,i_06883,i_21094,i_14604,i_11373,i_15669,i_05786,i_00402
u_03458,i_24980,i_00201,i_09345,i_00057,i_21094,i_02228,i_00540,i_00197,i_08881,i_03302
u_03459,i_10316,i_01468,i_03773,i_14115,i_11373,i_17626,i_02786,i_21094,i_08132,i_10120
u_03460,i_01480,i_10316,i_17626,i_24980,i_02786,i_01111,i_00724,i_03151,i_00155,i_01486
u_03461,i_10316,i_02786,i_05267,i_05394,i_03866,i_00122,i_02317,i_17626,i_05493,i_00037
u_03462,i_14604,i_05267,i_09345,i_17108,i_04580,i_14808,i_12061,i_02229,i_01111,i_01937
u_03463,i_13290,i_10316,i_11373,i_17626,i_09948,i_03866,i_09103,i_32048,i_04690,i_04277
u_03464,i_01468,i_17626,i_02317,i_06228,i_01486,i_02209,i_00433,i_03773,i_07370,i_06533
u_03465,i_14604,i_14808,i_05267,i_05439,i_10316,i_02631,i_00122,i_10509,i_11910,i_09052
u_03466,i_17626,i_14604,i_21094,i_00062,i_05267,i_02417,i_02634,i_01937,i_15615,i_01468
u_03467,i_21094,i_02663,i_00922,i_22342,i_01545,i_29117,i_01129,i_31921,i_02080,i_14604
u_03468,i_10781,i_24980,i_02954,i_00725,i_03866,i_11959,i_12320,i_01485,i_03302,i_02228
u_03469,i_03349,i_20515,i_04115,i_02782,i_16916,i_26081,i_14120,i_03438,i_01807,i_13761
u_03470,i_14604,i_14984,i_18333,i_05439,i_24980,i_11910,i_01523,i_11055,i_01468,i_17626
u_03471,i_18217,i_11373,i_03773,i_10316,i_24980,i_08132,i_05267,i_01111,i_02786,i_14115
u_03472,i_01937,i_14604,i_10120,i_08052,i_17119,i_06228,i_01523,i_07263,i_04692,i_04504
u_03473,i_01937,i_02786,i_24980,i_01523,i_05267,i_08132,i_01485,i_01111,i_14115,i_10316
u_03474,i_02683,i_01746,i_07983,i_04191,i_10316,i_01764,i_28547,i_05354,i_06228,i_01827
u_03475,i_05664,i_09591,i_05677,i_02209,i_04022,i_04256,i_24980,i_00428,i_03806,i_04207
u_03476,i_10316,i_21094,i_17924,i_14604,i_01480,i_01486,i_03865,i_28982,i_00468,i_31952
u_03477,i_11548,i_00492,i_04480,i_00793,i_04692,i_03590,i_22313,i_01224,i_09327,i_02359
u_03478,i_02209,i_10316,i_14604,i_06228,i_11373,i_05354,i_11537,i_04692,i_01937,i_15902
u_03479,i_05899,i_02090,i_06017,i_04603,i_07587,i_13291,i_08091,i_10781,i_14713,i_08544
u_03480,i_14604,i_01868,i_24980,i_06228,i_04580,i_02334,i_02786,i_08132,i_10316,i_05394
u_03481,i_11373,i_08132,i_01468,i_06412,i_03773,i_09124,i_00062,i_03678,i_14115,i_05394
u_03482,i_01523,i_02786,i_01111,i_02031,i_17108,i_01224,i_07596,i_16700,i_10316,i_27051
u_03483,i_02228,i_14604,i_08895,i_01746,i_00122,i_13761,i_05493,i_02902,i_01827,i_03397
u_03484,i_14604,i_01937,i_01111,i_01523,i_02786,i_10316,i_05394,i_31921,i_00122,i_01468
u_03485,i_10316,i_01937,i_00428,i_09052,i_21094,i_14984,i_02683,i_01111,i_14604,i_05267
u_03486,i_14604,i_05267,i_10930,i_01430,i_01998,i_04578,i_05394,i_07171,i_03773,i_11365
u_03487,i_06228,i_10316,i_24980,i_14604,i_01486,i_17626,i_01937,i_05103,i_01523,i_02786
u_03488,i_26255,i_23464,i_24481,i_26996,i_26771,i_13023,i_21950,i_09595,i_23279,i_15922
u_03489,i_01480,i_11373,i_01468,i_01523,i_00062,i_07520,i_10316,i_11910,i_01998,i_02317
u_03490,i_10316,i_14604,i_01485,i_10120,i_24980,i_00122,i_03773,i_01468,i_05762,i_13690
u_03491,i_14604,i_02786,i_12430,i_01480,i_17626,i_05786,i_08895,i_21094,i_02382,i_00395
u_03492,i_01523,i_05267,i_01937,i_10316,i_17626,i_08132,i_14115,i_14604,i_01468,i_24980
u_03493,i_14604,i_24980,i_01480,i_31903,i_05439,i_17626,i_11910,i_25535,i_21094,i_02334
u_03494,i_01111,i_06228,i_21094,i_08355,i_11373,i_02313,i_00062,i_14604,i_01468,i_14115
u_03495,i_01480,i_01468,i_17924,i_02334,i_08713,i_25690,i_05188,i_31921,i_00011,i_02380
u_03496,i_01111,i_04181,i_14604,i_04480,i_04692,i_03590,i_01904,i_02634,i_05789,i_10316
u_03497,i_00724,i_24980,i_14604,i_17626,i_31952,i_01468,i_00126,i_10316,i_01480,i_01937
u_03498,i_02136,i_23257,i_00310,i_05267,i_21094,i_08754,i_05439,i_01807,i_13690,i_01746
u_03499,i_05267,i_10316,i_01430,i_01480,i_01468,i_25535,i_02334,i_01998,i_01111,i_04580
u_03500,i_01135,i_04480,i_02634,i_00389,i_00122,i_27051,i_02382,i_14604,i_01485,i_05877
u_03501,i_01480,i_24302,i_17626,i_08518,i_31921,i_06466,i_10518,i_22342,i_24980,i_02313
u_03502,i_03773,i_08125,i_12407,i_02786,i_05267,i_01523,i_14651,i_05439,i_14604,i_02810
u_03503,i_21094,i_14604,i_02415,i_02786,i_24980,i_00440,i_17108,i_31921,i_01523,i_01486
u_03504,i_01111,i_02786,i_01807,i_00377,i_11047,i_14221,i_01479,i_04692,i_05267,i_04123
u_03505,i_11373,i_13841,i_24980,i_06228,i_06017,i_03262,i_11047,i_10316,i_11107,i_00500
u_03506,i_12786,i_11373,i_10202,i_18032,i_16216,i_12282,i_01545,i_07567,i_02563,i_00725
u_03507,i_14604,i_17626,i_02786,i_06228,i_01485,i_04480,i_10316,i_01523,i_00586,i_14808
u_03508,i_01937,i_01523,i_01468,i_02031,i_08713,i_01480,i_11373,i_11483,i_07520,i_01798
u_03509,i_01937,i_00062,i_01111,i_05267,i_07520,i_14604,i_02317,i_01486,i_01468,i_00126
u_03510,i_10316,i_11373,i_00122,i_32129,i_01135,i_24980,i_04221,i_07567,i_17108,i_02382
u_03511,i_05267,i_01937,i_04578,i_01430,i_18681,i_02415,i_01523,i_21094,i_24980,i_17626
u_03512,i_01523,i_01849,i_03773,i_02786,i_22342,i_01937,i_14604,i_10120,i_12141,i_01111
u_03513,i_05267,i_01937,i_01430,i_10316,i_05394,i_01810,i_01480,i_14808,i_24980,i_17626
u_03514,i_14604,i_04504,i_01523,i_01111,i_01486,i_21094,i_02317,i_17626,i_31921,i_10316
u_03515,i_14604,i_01111,i_05267,i_17626,i_18333,i_07089,i_04580,i_10316,i_11910,i_05394
u_03516,i_05267,i_14604,i_10316,i_01111,i_01480,i_02786,i_09345,i_00540,i_04580,i_08132
u_03517,i_00948,i_00468,i_14604,i_24980,i_01937,i_01468,i_01523,i_00054,i_00249,i_00433
u_03518,i_08191,i_01798,i_01523,i_08754,i_01480,i_05267,i_09345,i_02827,i_18681,i_03819
u_03519,i_14604,i_01111,i_10316,i_01937,i_02111,i_10518,i_24980,i_00122,i_04419,i_28982
u_03520,i_08713,i_31903,i_00011,i_14604,i_02786,i_01937,i_17626,i_00468,i_01468,i_01523
u_03521,i_02276,i_02228,i_01827,i_04221,i_15669,i_24980,i_29164,i_05573,i_01490,i_10316
u_03522,i_09052,i_03773,i_14221,i_01485,i_05267,i_14115,i_09345,i_10120,i_14808,i_01523
u_03523,i_24980,i_01468,i_10316,i_14604,i_07370,i_05354,i_01135,i_00389,i_00395,i_01485
u_03524,i_09052,i_18217,i_07520,i_01523,i_10120,i_04478,i_08132,i_15630,i_10316,i_06412
u_03525,i_21094,i_01545,i_01496,i_01988,i_02228,i_11373,i_12430,i_17626,i_14604,i_09345
u_03526,i_02786,i_01523,i_05267,i_02827,i_01430,i_00037,i_10316,i_02317,i_17626,i_04578
u_03527,i_10316,i_02786,i_07370,i_03678,i_00062,i_10120,i_13775,i_00433,i_24980,i_01111
u_03528,i_18681,i_08754,i_08713,i_05267,i_01523,i_05108,i_01798,i_17626,i_02786,i_05349
u_03529,i_01937,i_02827,i_01523,i_09619,i_01739,i_13127,i_02136,i_03773,i_02031,i_14604
u_03530,i_01468,i_24980,i_11373,i_03773,i_01998,i_08132,i_11910,i_14221,i_04580,i_13998
u_03531,i_01468,i_11548,i_17626,i_03829,i_01523,i_14604,i_03773,i_08132,i_01111,i_18031
u_03532,i_05407,i_01937,i_11365,i_08754,i_01798,i_01522,i_02827,i_17626,i_05349,i_14604
u_03533,i_01937,i_00062,i_00468,i_01523,i_12407,i_11483,i_09052,i_03773,i_14115,i_09124
u_03534,i_01468,i_01111,i_08051,i_02882,i_03590,i_05034,i_10120,i_05267,i_02382,i_09592
u_03535,i_24980,i_10316,i_06228,i_14604,i_02786,i_02313,i_31921,i_01135,i_17626,i_02334
u_03536,i_01480,i_17923,i_28982,i_17924,i_00365,i_14604,i_24980,i_10509,i_31983,i_00922
u_03537,i_01937,i_01545,i_01810,i_02725,i_03302,i_09635,i_10120,i_01135,i_01111,i_00057
u_03538,i_02882,i_01468,i_04478,i_14604,i_14115,i_03773,i_05416,i_10316,i_18217,i_06228
u_03539,i_14604,i_01480,i_02111,i_24980,i_04181,i_02786,i_11548,i_02507,i_31921,i_17626
u_03540,i_14604,i_24980,i_00062,i_01523,i_01468,i_01480,i_02274,i_17626,i_02786,i_01937
u_03541,i_17108,i_02317,i_05267,i_04478,i_01537,i_04480,i_02334,i_01135,i_00389,i_00073
u_03542,i_10316,i_01468,i_01523,i_09052,i_03773,i_17626,i_01111,i_11373,i_31950,i_12430
u_03543,i_10316,i_01937,i_21094,i_17626,i_02786,i_14115,i_08713,i_01523,i_01485,i_02317
u_03544,i_00122,i_08895,i_24980,i_12430,i_31993,i_09009,i_09345,i_01539,i_29639,i_02276
u_03545,i_14604,i_17626,i_03773,i_01468,i_00011,i_00468,i_14115,i_10316,i_01998,i_02786
u_03546,i_02321,i_00755,i_29639,i_21094,i_01135,i_02631,i_01539,i_02228,i_01827,i_02382
u_03547,i_01480,i_14604,i_04346,i_04580,i_11909,i_06071,i_11373,i_10518,i_05439,i_10316
u_03548,i_24980,i_01480,i_01798,i_09275,i_05786,i_00122,i_02631,i_00037,i_03819,i_03316
u_03549,i_09345,i_00428,i_11373,i_00122,i_14604,i_12430,i_07567,i_02235,i_08191,i_05394
u_03550,i_00922,i_31952,i_14604,i_01480,i_02786,i_24980,i_11373,i_00122,i_00162,i_01746
u_03551,i_01480,i_24980,i_31903,i_02786,i_17923,i_09275,i_24302,i_04197,i_00204,i_01764
u_03552,i_24980,i_08895,i_01480,i_09009,i_03567,i_31741,i_08518,i_00122,i_10518,i_25535
u_03553,i_31741,i_00428,i_00311,i_00575,i_17924,i_25690,i_02676,i_21033,i_01486,i_31946
u_03554,i_01937,i_03829,i_01430,i_04578,i_02299,i_00298,i_01201,i_05439,i_01111,i_05394
u_03555,i_21094,i_14604,i_10316,i_00362,i_01486,i_31741,i_32040,i_00011,i_01480,i_25690
u_03556,i_06228,i_02954,i_01545,i_04181,i_01942,i_03085,i_09635,i_04191,i_02090,i_00725
u_03557,i_02300,i_00428,i_14604,i_32048,i_09345,i_00037,i_21094,i_17108,i_17670,i_01135
u_03558,i_10316,i_04182,i_11373,i_04585,i_22342,i_17626,i_14604,i_04527,i_02454,i_11548
u_03559,i_01201,i_14120,i_01485,i_17660,i_05394,i_01808,i_08191,i_05267,i_02111,i_00523
u_03560,i_10316,i_24980,i_04418,i_25690,i_01480,i_06228,i_02282,i_01486,i_21094,i_14183
u_03561,i_14604,i_14808,i_05267,i_01937,i_05394,i_07171,i_05439,i_14115,i_03773,i_01480
u_03562,i_14604,i_14808,i_14115,i_18217,i_10120,i_04580,i_05439,i_05267,i_01937,i_10316
u_03563,i_01480,i_17923,i_01937,i_10518,i_24980,i_31903,i_09275,i_17924,i_00365,i_03773
u_03564,i_02415,i_11047,i_08713,i_02111,i_14604,i_04181,i_04527,i_02317,i_04523,i_14983
u_03565,i_14604,i_10316,i_01523,i_10120,i_17626,i_24980,i_14808,i_03773,i_09052,i_05267
u_03566,i_01480,i_14604,i_10316,i_21094,i_07576,i_01111,i_00122,i_11910,i_17626,i_08132
u_03567,i_10316,i_00062,i_07520,i_14604,i_00575,i_21094,i_03829,i_24980,i_01937,i_28982
u_03568,i_01523,i_04191,i_10316,i_02235,i_31946,i_00311,i_01937,i_14604,i_01111,i_03468
u_03569,i_18217,i_00763,i_05267,i_01810,i_05394,i_04580,i_14115,i_01937,i_08132,i_04524
u_03570,i_05267,i_01937,i_04578,i_01810,i_14808,i_00037,i_08132,i_01468,i_02786,i_32112
u_03571,i_01468,i_01111,i_17626,i_14604,i_01537,i_10316,i_01523,i_02111,i_01135,i_00122
u_03572,i_10316,i_09052,i_03773,i_31950,i_21094,i_00011,i_10120,i_00126,i_11910,i_03926
u_03573,i_01480,i_14604,i_21691,i_10316,i_17626,i_07171,i_01468,i_01523,i_01111,i_00468
u_03574,i_06886,i_14984,i_06386,i_13761,i_19432,i_01486,i_00489,i_09173,i_17660,i_05859
u_03575,i_24980,i_03773,i_14808,i_05394,i_01998,i_13998,i_17626,i_15802,i_10120,i_01798
u_03576,i_14604,i_10316,i_01468,i_11373,i_02786,i_02111,i_10120,i_01111,i_04221,i_01523
u_03577,i_02736,i_00122,i_14604,i_02786,i_06228,i_24980,i_10316,i_13084,i_02276,i_06951
u_03578,i_05103,i_05573,i_00922,i_00010,i_02435,i_02393,i_10316,i_00852,i_02786,i_14604
u_03579,i_08051,i_14248,i_11800,i_09659,i_11543,i_00878,i_08815,i_03907,i_03397,i_05203
u_03580,i_00122,i_10316,i_24980,i_02786,i_14604,i_01523,i_31946,i_11373,i_00057,i_07263
u_03581,i_01111,i_10316,i_05267,i_02382,i_16877,i_01937,i_09345,i_02136,i_01827,i_11386
u_03582,i_01111,i_02786,i_17626,i_00062,i_02079,i_01764,i_00037,i_11373,i_14604,i_02235
u_03583,i_05439,i_13084,i_04623,i_11047,i_03397,i_32048,i_19432,i_05652,i_13761,i_01998
u_03584,i_05103,i_03773,i_02136,i_02786,i_04504,i_01523,i_09052,i_14604,i_01849,i_24980
u_03585,i_14604,i_11910,i_00122,i_10518,i_11373,i_04580,i_28982,i_06228,i_02786,i_05778
u_03586,i_10316,i_01111,i_05267,i_14604,i_02321,i_17626,i_01523,i_01937,i_02407,i_02382
u_03587,i_02442,i_02274,i_11373,i_01827,i_10781,i_10913,i_14115,i_04692,i_11543,i_14120
u_03588,i_24980,i_31921,i_04504,i_02136,i_21094,i_27675,i_00440,i_01849,i_02228,i_00023
u_03589,i_10316,i_14604,i_11373,i_05493,i_17626,i_00122,i_01764,i_05267,i_04692,i_00061
u_03590,i_01746,i_17626,i_27051,i_00062,i_00433,i_03773,i_01523,i_02786,i_14604,i_07520
u_03591,i_02380,i_01111,i_05472,i_04690,i_10316,i_03678,i_02111,i_02274,i_02317,i_02209
u_03592,i_04418,i_14604,i_03806,i_01468,i_04419,i_10316,i_17626,i_00395,i_09072,i_02317
u_03593,i_02276,i_17670,i_09009,i_08895,i_21094,i_00023,i_08881,i_01827,i_01097,i_03302
u_03594,i_09842,i_00023,i_17389,i_02634,i_00492,i_01485,i_08895,i_00761,i_00793,i_01135
u_03595,i_09345,i_05024,i_08191,i_23257,i_02786,i_10371,i_04692,i_01807,i_00389,i_27051
u_03596,i_00122,i_24980,i_17626,i_01129,i_08895,i_02321,i_02382,i_01486,i_31952,i_09009
u_03597,i_02076,i_17923,i_02022,i_00204,i_01938,i_10518,i_14604,i_17924,i_31992,i_11373
u_03598,i_01111,i_05024,i_10316,i_24980,i_02111,i_12430,i_01523,i_01468,i_14808,i_14173
u_03599,i_02786,i_14604,i_01523,i_01937,i_01480,i_10316,i_24980,i_01111,i_21094,i_03304
u_03600,i_01937,i_02786,i_08713,i_14604,i_01468,i_02031,i_17389,i_01111,i_07520,i_00062
u_03601,i_02786,i_14604,i_05439,i_14651,i_11569,i_02209,i_31952,i_11537,i_01523,i_08801
u_03602,i_02631,i_00122,i_05762,i_02407,i_01468,i_02541,i_07050,i_03397,i_03866,i_02634
u_03603,i_14604,i_01111,i_10316,i_01937,i_00122,i_01523,i_21094,i_00062,i_11373,i_01468
u_03604,i_02786,i_09345,i_14604,i_11373,i_14808,i_05394,i_17626,i_00776,i_00122,i_11537
u_03605,i_13998,i_18217,i_14604,i_14115,i_21094,i_10316,i_09182,i_10120,i_09052,i_01798
u_03606,i_14604,i_21094,i_06450,i_10509,i_05267,i_02786,i_05786,i_00037,i_00126,i_09345
u_03607,i_10316,i_31921,i_00303,i_01480,i_00226,i_00922,i_16920,i_18312,i_00311,i_00362
u_03608,i_13295,i_06228,i_02563,i_10316,i_12282,i_12786,i_00122,i_01827,i_02725,i_04191
u_03609,i_02136,i_24980,i_14604,i_09345,i_17626,i_05267,i_03397,i_00122,i_12320,i_01523
u_03610,i_09670,i_06228,i_01942,i_02954,i_02228,i_05786,i_17626,i_02276,i_02136,i_01468
u_03611,i_01523,i_14604,i_10316,i_01076,i_02786,i_01798,i_01054,i_11373,i_05103,i_00554
u_03612,i_21094,i_01937,i_17108,i_05786,i_00395,i_02228,i_05394,i_09345,i_05493,i_04450
u_03613,i_14604,i_17626,i_01937,i_08132,i_11373,i_09345,i_00122,i_24980,i_14115,i_00755
u_03614,i_01111,i_05267,i_14808,i_02786,i_02827,i_10930,i_11342,i_01485,i_05167,i_03829
u_03615,i_14604,i_28982,i_31903,i_00365,i_01736,i_09052,i_02334,i_00122,i_06228,i_10518
u_03616,i_02786,i_24980,i_10930,i_01111,i_14604,i_17626,i_10316,i_01937,i_08132,i_32129
u_03617,i_01523,i_14604,i_01937,i_17626,i_02786,i_05267,i_10316,i_11483,i_00062,i_01468
u_03618,i_14604,i_05267,i_14808,i_04578,i_00062,i_00126,i_01523,i_02786,i_07171,i_00473
u_03619,i_14604,i_02786,i_05267,i_04578,i_18681,i_14808,i_01523,i_11365,i_10316,i_11373
u_03620,i_01468,i_14604,i_21094,i_05267,i_16700,i_06228,i_01480,i_01937,i_01523,i_24980
u_03621,i_27051,i_04527,i_01135,i_02274,i_06866,i_04692,i_01807,i_10316,i_00122,i_03689
u_03622,i_02359,i_10057,i_02755,i_04181,i_01479,i_09591,i_14604,i_04480,i_08193,i_00122
u_03623,i_01827,i_04646,i_10316,i_01111,i_03829,i_24980,i_02136,i_00037,i_04527,i_04186
u_03624,i_00922,i_00163,i_21094,i_00162,i_00153,i_00154,i_01480,i_14604,i_00506,i_17626
u_03625,i_17626,i_17924,i_01044,i_09009,i_00428,i_31741,i_00395,i_01480,i_08895,i_00054
u_03626,i_10316,i_01480,i_11055,i_11910,i_18333,i_07089,i_14604,i_11373,i_01439,i_08193
u_03627,i_00440,i_01937,i_31741,i_05267,i_12430,i_14115,i_14808,i_05652,i_01486,i_01139
u_03628,i_04480,i_04181,i_00506,i_11548,i_00157,i_04585,i_27051,i_01904,i_02111,i_27030
u_03629,i_14604,i_04580,i_05267,i_05394,i_02300,i_11569,i_14808,i_08754,i_02229,i_05439
u_03630,i_01937,i_14604,i_00062,i_02786,i_14115,i_24980,i_00126,i_10316,i_05394,i_01468
u_03631,i_01480,i_24980,i_10316,i_17626,i_14604,i_21094,i_00155,i_31903,i_01468,i_28982
u_03632,i_21094,i_00506,i_14604,i_01480,i_02786,i_00433,i_00470,i_17626,i_01202,i_02380
u_03633,i_11373,i_06228,i_02105,i_02236,i_00433,i_01403,i_21094,i_08518,i_00922,i_09310
u_03634,i_17626,i_24980,i_21094,i_00122,i_14604,i_00023,i_01111,i_32129,i_31741,i_03866
u_03635,i_02321,i_02631,i_11373,i_26940,i_08895,i_02563,i_09009,i_01135,i_00023,i_01476
u_03636,i_14686,i_24980,i_01111,i_01523,i_00037,i_14604,i_17660,i_11910,i_11543,i_15902
u_03637,i_02297,i_17626,i_21094,i_01849,i_03151,i_10316,i_02786,i_01486,i_01545,i_02317
u_03638,i_07520,i_01486,i_02600,i_08713,i_32040,i_01523,i_01912,i_00126,i_01111,i_17108
u_03639,i_01937,i_02786,i_13651,i_01523,i_00011,i_31921,i_17108,i_00062,i_02111,i_01135
u_03640,i_17626,i_01480,i_02786,i_10316,i_14604,i_06228,i_03678,i_21094,i_01468,i_11373
u_03641,i_02786,i_01937,i_11373,i_01523,i_17626,i_05267,i_14808,i_28982,i_02317,i_10316
u_03642,i_24980,i_00122,i_00037,i_08881,i_13806,i_02229,i_14808,i_31952,i_06241,i_14604
u_03643,i_24980,i_14604,i_02786,i_02299,i_09436,i_13084,i_01645,i_08754,i_08862,i_01480
u_03644,i_06238,i_05267,i_32048,i_05394,i_01545,i_05109,i_13084,i_03404,i_13690,i_00395
u_03645,i_03773,i_14115,i_05267,i_01523,i_17626,i_08132,i_14808,i_01468,i_10316,i_01480
u_03646,i_10316,i_01480,i_31952,i_14604,i_31946,i_02786,i_24980,i_00122,i_25690,i_00362
u_03647,i_11373,i_02317,i_10316,i_14221,i_02235,i_24980,i_00126,i_14604,i_01523,i_05267
u_03648,i_01480,i_14604,i_10316,i_24980,i_03773,i_31741,i_02786,i_10518,i_00311,i_02683
u_03649,i_14604,i_10316,i_11373,i_01523,i_01937,i_14115,i_24980,i_05267,i_21094,i_03773
u_03650,i_24980,i_00922,i_21094,i_17108,i_01480,i_31921,i_10316,i_00077,i_02954,i_00226
u_03651,i_10316,i_10057,i_00122,i_02235,i_00930,i_00389,i_32108,i_02786,i_00395,i_14221
u_03652,i_14604,i_10316,i_02786,i_11055,i_06223,i_05493,i_01480,i_11373,i_00122,i_01486
u_03653,i_14604,i_05267,i_02786,i_04578,i_01523,i_01468,i_08713,i_14808,i_14115,i_05439
u_03654,i_14604,i_02317,i_04504,i_01937,i_11373,i_10316,i_08132,i_02393,i_02786,i_00122
u_03655,i_02415,i_05267,i_01937,i_01468,i_07520,i_11483,i_02031,i_14604,i_04578,i_01810
u_03656,i_00091,i_07370,i_27675,i_02318,i_21094,i_02105,i_00489,i_00075,i_00470,i_22738
u_03657,i_01523,i_05267,i_02786,i_14604,i_01468,i_08713,i_08801,i_18681,i_01798,i_02415
u_03658,i_02229,i_04692,i_08539,i_12072,i_14604,i_18725,i_14173,i_09182,i_03397,i_05472
u_03659,i_14248,i_11047,i_18333,i_12320,i_00145,i_11846,i_05203,i_15077,i_12860,i_04191
u_03660,i_03606,i_09345,i_02236,i_04347,i_01129,i_18757,i_05267,i_31921,i_11373,i_01849
u_03661,i_02786,i_00155,i_05267,i_01523,i_05394,i_14604,i_14115,i_04277,i_11483,i_04578
u_03662,i_10316,i_02317,i_01523,i_06533,i_05416,i_01479,i_02136,i_14984,i_07370,i_05103
u_03663,i_14604,i_01468,i_01937,i_05267,i_04580,i_24980,i_01523,i_10316,i_21094,i_02786
u_03664,i_01480,i_00433,i_14604,i_21094,i_02022,i_31983,i_01481,i_28547,i_31988,i_24980
u_03665,i_01111,i_10316,i_01937,i_14604,i_02442,i_21094,i_13084,i_11373,i_06228,i_01468
u_03666,i_10316,i_14604,i_11373,i_01111,i_08132,i_02786,i_01523,i_14115,i_01099,i_09052
u_03667,i_10316,i_02317,i_02720,i_11055,i_03397,i_14604,i_01111,i_03829,i_04181,i_07050
u_03668,i_00724,i_31921,i_32040,i_14604,i_24980,i_02334,i_01937,i_02786,i_00470,i_03773
u_03669,i_01480,i_31946,i_17923,i_10518,i_31952,i_02076,i_00204,i_28547,i_24980,i_00462
u_03670,i_01480,i_28982,i_11373,i_10316,i_08518,i_31952,i_11909,i_18031,i_02786,i_00311
u_03671,i_32129,i_01130,i_02229,i_14604,i_05394,i_05267,i_08539,i_17626,i_02228,i_17108
u_03672,i_10316,i_14604,i_24980,i_08116,i_01523,i_14808,i_01485,i_14173,i_03773,i_04033
u_03673,i_14604,i_03773,i_10316,i_01937,i_10120,i_01468,i_02786,i_05267,i_09052,i_01523
u_03674,i_01468,i_17626,i_21094,i_01111,i_24980,i_01486,i_01937,i_14604,i_08895,i_10316
u_03675,i_02136,i_02317,i_10316,i_31921,i_13031,i_01523,i_00155,i_14604,i_01486,i_01480
u_03676,i_01095,i_02764,i_15802,i_13571,i_06951,i_06228,i_11373,i_07287,i_09441,i_04221
u_03677,i_01523,i_02786,i_02136,i_05439,i_11569,i_10781,i_05472,i_11047,i_00037,i_01111
u_03678,i_08638,i_10316,i_24980,i_10996,i_11373,i_01486,i_17626,i_08258,i_15818,i_05103
u_03679,i_14604,i_02786,i_03773,i_01468,i_28982,i_01937,i_11910,i_21094,i_17626,i_10316
u_03680,i_10316,i_05103,i_02136,i_02317,i_17626,i_01937,i_01523,i_08713,i_01485,i_07520
u_03681,i_00468,i_00011,i_24980,i_00928,i_22342,i_02334,i_03829,i_01468,i_00948,i_17924
u_03682,i_05203,i_05439,i_11047,i_11569,i_11373,i_14074,i_01849,i_04277,i_03829,i_15077
u_03683,i_01523,i_02317,i_05267,i_09052,i_21094,i_03773,i_11483,i_01480,i_01849,i_24980
u_03684,i_01993,i_08193,i_00428,i_00122,i_02154,i_02209,i_04585,i_17626,i_02279,i_11373
u_03685,i_13084,i_03397,i_05354,i_15902,i_08862,i_24980,i_14604,i_11386,i_05652,i_12282
u_03686,i_00077,i_21012,i_17626,i_00037,i_00062,i_10316,i_01480,i_05267,i_01044,i_04345
u_03687,i_10316,i_02596,i_11576,i_05103,i_14984,i_02213,i_03468,i_02786,i_07711,i_02435
u_03688,i_21094,i_10316,i_01486,i_03773,i_11373,i_31921,i_31952,i_00062,i_14115,i_01523
u_03689,i_14604,i_21094,i_31950,i_04181,i_11548,i_01849,i_01537,i_02978,i_01111,i_01485
u_03690,i_01468,i_10316,i_01523,i_01430,i_04578,i_02596,i_14115,i_00062,i_08132,i_02827
u_03691,i_01111,i_10316,i_01523,i_02507,i_04398,i_02786,i_04692,i_04181,i_02417,i_13690
u_03692,i_11386,i_03397,i_06397,i_02954,i_14173,i_01202,i_14120,i_05652,i_09436,i_11618
u_03693,i_01937,i_01523,i_02786,i_00062,i_10316,i_26936,i_14604,i_01468,i_19128,i_01732
u_03694,i_14604,i_01523,i_21094,i_24980,i_02786,i_09275,i_17626,i_03151,i_31921,i_00062
u_03695,i_10316,i_01486,i_01523,i_17626,i_03151,i_24980,i_18031,i_00506,i_00122,i_00554
u_03696,i_21094,i_00122,i_06017,i_02276,i_01827,i_01545,i_17108,i_08895,i_08193,i_01833
u_03697,i_24980,i_17923,i_00365,i_17924,i_04549,i_08754,i_09275,i_01480,i_04102,i_28982
u_03698,i_06952,i_06228,i_24980,i_04221,i_14604,i_00310,i_00776,i_17626,i_02276,i_00122
u_03699,i_08881,i_08518,i_24980,i_21094,i_06241,i_00506,i_00428,i_01486,i_17626,i_00724
u_03700,i_10316,i_02111,i_06228,i_14074,i_09345,i_14808,i_08592,i_01827,i_11145,i_14115
u_03701,i_03590,i_04181,i_00122,i_17626,i_00793,i_00428,i_02276,i_11548,i_26940,i_14604
u_03702,i_17626,i_24980,i_00122,i_03567,i_02786,i_08895,i_02382,i_10316,i_00057,i_21094
u_03703,i_06228,i_00158,i_00506,i_05354,i_01480,i_00075,i_24980,i_10316,i_02313,i_21094
u_03704,i_01645,i_06882,i_01522,i_13670,i_04413,i_14604,i_03468,i_08801,i_09591,i_01523
u_03705,i_04585,i_01904,i_04181,i_03590,i_04480,i_04692,i_01523,i_03319,i_09442,i_01468
u_03706,i_01111,i_24980,i_10316,i_11373,i_21094,i_02786,i_01468,i_00023,i_01480,i_02111
u_03707,i_16920,i_02316,i_09070,i_11355,i_10353,i_07061,i_17108,i_00852,i_02098,i_08518
u_03708,i_14604,i_10316,i_02235,i_05664,i_17626,i_02136,i_08091,i_02317,i_07587,i_11918
u_03709,i_07370,i_02318,i_10316,i_06228,i_00433,i_02106,i_02105,i_27675,i_28547,i_00870
u_03710,i_02786,i_14604,i_02300,i_05267,i_01849,i_01468,i_00027,i_11365,i_08132,i_00126
u_03711,i_04504,i_05103,i_10316,i_02786,i_11483,i_24980,i_01937,i_02209,i_05416,i_09934
u_03712,i_14604,i_21094,i_10316,i_01486,i_31921,i_02786,i_00062,i_03773,i_00122,i_01849
u_03713,i_00122,i_03319,i_03397,i_02228,i_10202,i_04480,i_02382,i_02563,i_01485,i_01135
u_03714,i_24980,i_01937,i_02415,i_14604,i_17660,i_12579,i_06533,i_11910,i_09436,i_04033
u_03715,i_01468,i_03773,i_10120,i_09052,i_13998,i_00062,i_08132,i_05439,i_03151,i_18333
u_03716,i_10316,i_14604,i_03773,i_08132,i_01523,i_01468,i_14115,i_07520,i_09124,i_02786
u_03717,i_17626,i_21094,i_00122,i_24980,i_01523,i_31741,i_02786,i_14604,i_17108,i_26940
u_03718,i_10316,i_01764,i_01111,i_01486,i_01523,i_01468,i_31952,i_14604,i_01480,i_21094
u_03719,i_02334,i_05187,i_04191,i_31903,i_25690,i_14604,i_02786,i_17924,i_00054,i_00011
u_03720,i_21094,i_00724,i_24980,i_06228,i_14604,i_11910,i_27030,i_01923,i_00057,i_00506
u_03721,i_28547,i_01480,i_24980,i_29117,i_31921,i_09842,i_09345,i_12430,i_31952,i_31983
u_03722,i_01480,i_10316,i_14604,i_02786,i_10518,i_06223,i_17923,i_05267,i_02334,i_06068
u_03723,i_17626,i_12901,i_05778,i_31741,i_09009,i_00023,i_00037,i_01111,i_00057,i_26940
u_03724,i_00852,i_04504,i_00011,i_00226,i_07061,i_17108,i_02676,i_01468,i_10316,i_02786
u_03725,i_01480,i_01932,i_01987,i_01952,i_31983,i_31992,i_17924,i_02786,i_02100,i_11373
u_03726,i_01937,i_10316,i_01523,i_02786,i_14604,i_10120,i_01430,i_07263,i_12407,i_03773
u_03727,i_17626,i_21033,i_24980,i_08895,i_00724,i_00023,i_16191,i_00122,i_31952,i_27675
u_03728,i_11373,i_13998,i_14808,i_08132,i_05354,i_03485,i_11910,i_09345,i_10316,i_01523
u_03729,i_09136,i_09137,i_00122,i_05439,i_03397,i_05786,i_10316,i_06228,i_04413,i_00377
u_03730,i_14604,i_01111,i_11373,i_00122,i_17626,i_02382,i_02321,i_12430,i_02563,i_02786
u_03731,i_14604,i_21094,i_17626,i_11373,i_10316,i_00122,i_01937,i_01523,i_01111,i_03819
u_03732,i_01480,i_10316,i_00470,i_28547,i_02380,i_06228,i_28278,i_00930,i_24980,i_02317
u_03733,i_10316,i_08091,i_00122,i_21094,i_00440,i_03302,i_14604,i_17626,i_24980,i_02382
u_03734,i_01746,i_10316,i_05493,i_01764,i_17626,i_02786,i_21094,i_14604,i_00091,i_01468
u_03735,i_32040,i_14604,i_05296,i_17626,i_24980,i_10316,i_01810,i_00126,i_01480,i_01468
u_03736,i_10316,i_14604,i_21094,i_06228,i_01523,i_01937,i_10353,i_01798,i_00470,i_11373
u_03737,i_14604,i_01111,i_24980,i_01135,i_03866,i_17626,i_17108,i_10316,i_00122,i_02631
u_03738,i_10316,i_01523,i_14604,i_03773,i_31950,i_00389,i_02235,i_14844,i_00062,i_24980
u_03739,i_00724,i_02786,i_32040,i_00326,i_00428,i_26940,i_00122,i_05267,i_11910,i_01849
u_03740,i_17670,i_10910,i_22342,i_01205,i_04254,i_31990,i_05879,i_00389,i_05416,i_00061
u_03741,i_01480,i_14604,i_21094,i_01485,i_17924,i_00122,i_27051,i_17626,i_32048,i_04181
u_03742,i_01937,i_05267,i_01485,i_03773,i_11373,i_10316,i_11910,i_08132,i_14115,i_14808
u_03743,i_09136,i_09137,i_03262,i_32048,i_02317,i_05491,i_13841,i_09711,i_09345,i_02120
u_03744,i_05267,i_08191,i_05005,i_00523,i_10895,i_07260,i_00540,i_10930,i_27051,i_08132
u_03745,i_01468,i_14604,i_01523,i_17626,i_10316,i_03773,i_05267,i_02786,i_01998,i_24980
u_03746,i_01480,i_26255,i_06228,i_31952,i_24980,i_14604,i_17924,i_01486,i_31741,i_00964
u_03747,i_12418,i_01480,i_02786,i_11055,i_11373,i_01468,i_06228,i_06241,i_10316,i_00395
u_03748,i_02786,i_11373,i_14604,i_10316,i_00122,i_00776,i_21094,i_01827,i_13084,i_02954
u_03749,i_01937,i_01523,i_04181,i_00062,i_05267,i_05472,i_02786,i_03773,i_04478,i_10316
u_03750,i_31921,i_10316,i_01523,i_14604,i_01798,i_01111,i_01468,i_01937,i_03773,i_24980
u_03751,i_11909,i_14604,i_01480,i_06071,i_03829,i_03302,i_17626,i_00122,i_11569,i_02541
u_03752,i_24980,i_06228,i_00122,i_08091,i_09345,i_02111,i_00716,i_04603,i_01485,i_02080
u_03753,i_06474,i_04305,i_02079,i_01202,i_10211,i_05879,i_02954,i_01810,i_00037,i_11758
u_03754,i_21094,i_14604,i_18031,i_08518,i_10316,i_00122,i_06228,i_11373,i_00057,i_01480
u_03755,i_08895,i_22342,i_01827,i_04418,i_02725,i_06459,i_00311,i_01097,i_11075,i_01545
u_03756,i_01904,i_27051,i_01111,i_11409,i_04181,i_02634,i_05653,i_04527,i_09345,i_10316
u_03757,i_05267,i_01523,i_10316,i_14604,i_05394,i_01468,i_01485,i_02472,i_01111,i_03590
u_03758,i_01937,i_05394,i_05167,i_08132,i_01111,i_02229,i_25427,i_14604,i_14808,i_17626
u_03759,i_11373,i_24980,i_01135,i_05034,i_01476,i_03397,i_08713,i_16877,i_04692,i_01539
u_03760,i_09009,i_31952,i_16183,i_01480,i_21094,i_09842,i_00122,i_08895,i_08518,i_32048
u_03761,i_01480,i_28982,i_10518,i_24980,i_02786,i_04102,i_17923,i_01111,i_07576,i_17626
u_03762,i_14604,i_02786,i_01480,i_10316,i_00122,i_01523,i_31903,i_25535,i_17108,i_00037
u_03763,i_10057,i_04171,i_01468,i_14221,i_04585,i_31950,i_01479,i_03319,i_02359,i_09442
u_03764,i_05267,i_08713,i_05188,i_01430,i_04578,i_02827,i_11365,i_01523,i_03829,i_08052
u_03765,i_01490,i_03457,i_01942,i_01097,i_27030,i_02297,i_00922,i_02228,i_01827,i_24980
u_03766,i_02786,i_14604,i_00122,i_11373,i_09345,i_01937,i_27097,i_11569,i_24980,i_05786
u_03767,i_10316,i_17626,i_14604,i_01523,i_02786,i_01468,i_10120,i_02317,i_11910,i_07520
u_03768,i_05267,i_14604,i_01937,i_08132,i_00037,i_01111,i_05394,i_32129,i_04578,i_00395
u_03769,i_24980,i_14604,i_02313,i_02321,i_01111,i_06228,i_05786,i_03865,i_21094,i_01451
u_03770,i_14604,i_11910,i_10316,i_01485,i_02079,i_12101,i_03773,i_31950,i_02541,i_02683
u_03771,i_24980,i_22032,i_00428,i_32048,i_03397,i_21691,i_17901,i_01476,i_19729,i_04033
u_03772,i_02334,i_11910,i_14808,i_04578,i_00037,i_01998,i_14115,i_01523,i_21094,i_07171
u_03773,i_02235,i_21094,i_17108,i_10316,i_06952,i_02683,i_00433,i_02393,i_00057,i_01135
u_03774,i_01135,i_01807,i_06736,i_02209,i_01486,i_02382,i_11373,i_31952,i_02519,i_01523
u_03775,i_00324,i_21094,i_17119,i_31921,i_24980,i_08518,i_00226,i_27675,i_00075,i_00023
u_03776,i_28278,i_02786,i_21094,i_02120,i_01468,i_01486,i_00716,i_02380,i_31921,i_10316
u_03777,i_14115,i_01111,i_06228,i_03773,i_08132,i_10120,i_11910,i_09052,i_31921,i_11373
u_03778,i_08091,i_21094,i_04603,i_05296,i_06800,i_07587,i_04413,i_06228,i_21033,i_11408
u_03779,i_13084,i_21094,i_00057,i_09635,i_12430,i_14984,i_32048,i_01476,i_12263,i_11373
u_03780,i_00122,i_09009,i_31952,i_01135,i_17670,i_00428,i_21094,i_02382,i_12901,i_17626
u_03781,i_28982,i_17626,i_00122,i_17923,i_24980,i_01480,i_31903,i_14604,i_01486,i_17389
u_03782,i_01135,i_02786,i_24980,i_14604,i_01476,i_16877,i_12430,i_01111,i_00306,i_01545
u_03783,i_14604,i_11373,i_01111,i_01523,i_02786,i_01468,i_01480,i_01937,i_10316,i_00122
u_03784,i_10316,i_06228,i_01523,i_14604,i_11373,i_21094,i_03678,i_12407,i_03773,i_14115
u_03785,i_08638,i_04413,i_07524,i_01403,i_10316,i_03468,i_24980,i_31952,i_21094,i_15818
u_03786,i_07567,i_09934,i_01937,i_09124,i_02244,i_26649,i_17660,i_01849,i_13084,i_12786
u_03787,i_14604,i_02409,i_05267,i_02786,i_17626,i_05394,i_01937,i_01798,i_24980,i_01998
u_03788,i_06533,i_02415,i_18139,i_00724,i_14604,i_17108,i_05786,i_02334,i_00433,i_21094
u_03789,i_17626,i_31993,i_01993,i_27051,i_00724,i_00389,i_05927,i_03404,i_00428,i_03590
u_03790,i_01111,i_03590,i_05901,i_04692,i_01523,i_04585,i_02359,i_17626,i_10057,i_17108
u_03791,i_02786,i_14604,i_24980,i_01480,i_17108,i_21094,i_00389,i_01486,i_17626,i_02334
u_03792,i_21094,i_14604,i_24980,i_10316,i_00122,i_17924,i_01480,i_02786,i_31903,i_05296
u_03793,i_08518,i_14604,i_21094,i_05354,i_12430,i_00154,i_06017,i_00776,i_00922,i_29639
u_03794,i_03302,i_10316,i_02297,i_21249,i_17626,i_24980,i_11373,i_04191,i_03262,i_02954
u_03795,i_11373,i_03866,i_08660,i_01111,i_01451,i_00122,i_05034,i_10761,i_32108,i_11047
u_03796,i_14604,i_02786,i_28982,i_31741,i_10316,i_10518,i_31946,i_21094,i_00306,i_00122
u_03797,i_24980,i_02276,i_02228,i_03253,i_00395,i_01496,i_01476,i_32048,i_00306,i_31952
u_03798,i_17626,i_24980,i_14604,i_10316,i_01746,i_02786,i_01135,i_24302,i_01480,i_00865
u_03799,i_01523,i_14604,i_05267,i_01937,i_00062,i_24980,i_08132,i_05188,i_02079,i_11910
u_03800,i_00122,i_13841,i_11373,i_19432,i_13084,i_02228,i_03808,i_05668,i_03397,i_03485
u_03801,i_00468,i_13651,i_21094,i_01798,i_00155,i_17924,i_10316,i_24980,i_05267,i_00365
u_03802,i_24980,i_03567,i_00122,i_17626,i_02382,i_00395,i_01827,i_08895,i_01496,i_31952
u_03803,i_01523,i_01111,i_14604,i_03865,i_01468,i_10316,i_11373,i_14115,i_01937,i_08132
u_03804,i_14604,i_01937,i_02786,i_05267,i_05439,i_01430,i_10316,i_00062,i_01468,i_03773
u_03805,i_11373,i_02786,i_10316,i_01111,i_01468,i_01523,i_01480,i_01937,i_01998,i_08132
u_03806,i_04191,i_13547,i_06228,i_11373,i_14604,i_00586,i_01746,i_12901,i_00122,i_05493
u_03807,i_01480,i_28982,i_17626,i_31983,i_24980,i_02786,i_00362,i_17923,i_31992,i_31903
u_03808,i_24980,i_01746,i_10316,i_21094,i_01480,i_00586,i_00922,i_14604,i_01764,i_02786
u_03809,i_05267,i_14604,i_02786,i_24980,i_17626,i_18333,i_01111,i_02596,i_14808,i_01523
u_03810,i_02786,i_10316,i_05296,i_17626,i_14604,i_24980,i_11373,i_01523,i_21094,i_01111
u_03811,i_01937,i_02786,i_10316,i_01480,i_24980,i_01523,i_06223,i_01111,i_11055,i_05267
u_03812,i_00122,i_14604,i_24980,i_11373,i_17626,i_10202,i_00540,i_02631,i_09345,i_06228
u_03813,i_01111,i_13690,i_02634,i_02317,i_02541,i_05472,i_04692,i_02727,i_05797,i_06866
u_03814,i_21094,i_14604,i_10316,i_17626,i_01937,i_00062,i_06228,i_32040,i_02786,i_24980
u_03815,i_19469,i_14604,i_18333,i_10316,i_01937,i_12786,i_00062,i_11055,i_04221,i_20190
u_03816,i_14604,i_01937,i_00468,i_17626,i_05439,i_04637,i_01523,i_05349,i_03773,i_04580
u_03817,i_05267,i_01937,i_08132,i_02786,i_01923,i_10930,i_24980,i_02827,i_00037,i_05394
u_03818,i_01523,i_01849,i_01937,i_07520,i_02415,i_02786,i_00037,i_07499,i_26936,i_03151
u_03819,i_14604,i_05267,i_24980,i_02786,i_17626,i_10316,i_02300,i_11373,i_05394,i_01523
u_03820,i_14604,i_02786,i_05267,i_01111,i_01523,i_24980,i_01937,i_08191,i_04580,i_03865
u_03821,i_14604,i_17626,i_24980,i_01468,i_01523,i_09052,i_24302,i_08132,i_04418,i_03773
u_03822,i_02079,i_14115,i_13651,i_02136,i_09052,i_06951,i_03151,i_03262,i_01523,i_11373
u_03823,i_15818,i_13670,i_10996,i_08544,i_05677,i_22265,i_21849,i_10081,i_08638,i_12786
u_03824,i_04418,i_01523,i_01937,i_10316,i_00724,i_02209,i_11910,i_11576,i_00062,i_00389
u_03825,i_14604,i_24980,i_00485,i_29600,i_11373,i_06883,i_00122,i_07089,i_18333,i_10316
u_03826,i_03773,i_14604,i_10316,i_01937,i_11548,i_01523,i_11373,i_00062,i_00506,i_05267
u_03827,i_17626,i_02317,i_03829,i_02213,i_02031,i_00037,i_01044,i_21033,i_02282,i_02380
u_03828,i_05267,i_01480,i_10316,i_01111,i_04580,i_08132,i_11910,i_14808,i_05439,i_01468
u_03829,i_17626,i_02786,i_01468,i_00791,i_10518,i_01111,i_01937,i_01523,i_21094,i_00011
u_03830,i_10316,i_01111,i_00062,i_01523,i_14604,i_01937,i_09052,i_11910,i_04478,i_01485
u_03831,i_00062,i_01111,i_08815,i_09144,i_08132,i_11561,i_27051,i_09182,i_10081,i_14115
u_03832,i_02786,i_31921,i_14604,i_11047,i_02317,i_14115,i_08518,i_02079,i_24980,i_11483
u_03833,i_05267,i_14604,i_11483,i_07520,i_00062,i_18681,i_08052,i_11305,i_01468,i_04523
u_03834,i_11373,i_10316,i_31921,i_00091,i_01486,i_21094,i_17626,i_14604,i_00075,i_00440
u_03835,i_03926,i_09052,i_09948,i_22939,i_17924,i_13690,i_13705,i_03579,i_09124,i_03678
u_03836,i_01937,i_01523,i_02786,i_01430,i_02415,i_14604,i_03773,i_04578,i_08132,i_02827
u_03837,i_00468,i_32112,i_17108,i_00948,i_02334,i_11342,i_01810,i_02676,i_01430,i_00928
u_03838,i_01523,i_01937,i_10316,i_01486,i_14604,i_01111,i_05439,i_14115,i_17626,i_06228
u_03839,i_24980,i_01486,i_00213,i_14604,i_00928,i_00948,i_17626,i_02136,i_00037,i_21094
u_03840,i_01837,i_02079,i_01836,i_04413,i_31921,i_01825,i_01798,i_01810,i_02209,i_02299
u_03841,i_16433,i_21404,i_22020,i_22032,i_09345,i_18394,i_19729,i_10781,i_10995,i_11800
u_03842,i_11373,i_01111,i_14604,i_24980,i_01998,i_01523,i_14808,i_03773,i_10120,i_02786
u_03843,i_17626,i_10930,i_01937,i_14604,i_03304,i_07171,i_10316,i_21094,i_24980,i_21033
u_03844,i_24980,i_17626,i_10316,i_10518,i_02334,i_28982,i_21094,i_00155,i_14604,i_01468
u_03845,i_01807,i_14651,i_04692,i_23257,i_02274,i_05267,i_10316,i_13690,i_11373,i_10100
u_03846,i_21094,i_24980,i_18312,i_00922,i_00077,i_00279,i_02228,i_27675,i_31921,i_00440
u_03847,i_05267,i_10316,i_24980,i_01468,i_01111,i_09052,i_03773,i_07520,i_05394,i_21094
u_03848,i_01523,i_07520,i_17626,i_24980,i_14604,i_10316,i_01468,i_10120,i_03678,i_01937
u_03849,i_14604,i_11910,i_14808,i_04580,i_01937,i_08132,i_01523,i_02631,i_05354,i_03773
u_03850,i_05212,i_08193,i_02228,i_29639,i_00395,i_01993,i_01135,i_29600,i_04585,i_00389
u_03851,i_24980,i_06228,i_10316,i_02786,i_05267,i_00554,i_03829,i_02393,i_01486,i_28982
u_03852,i_24980,i_02317,i_01523,i_02136,i_03773,i_14221,i_31950,i_07520,i_09052,i_08132
u_03853,i_04283,i_02080,i_00725,i_06228,i_11386,i_02297,i_11373,i_03797,i_03198,i_32032
u_03854,i_09345,i_02313,i_00725,i_01539,i_17660,i_15902,i_14120,i_05354,i_03397,i_03302
u_03855,i_18757,i_09345,i_09659,i_01849,i_04277,i_01111,i_08191,i_10972,i_01539,i_05472
u_03856,i_01476,i_09471,i_16877,i_02228,i_08881,i_02313,i_00504,i_01545,i_01515,i_12373
u_03857,i_21094,i_00489,i_01486,i_00554,i_24980,i_31921,i_16877,i_08895,i_00761,i_12430
u_03858,i_04418,i_10316,i_02136,i_02297,i_06228,i_04191,i_02244,i_04186,i_02317,i_01486
u_03859,i_14604,i_10316,i_24980,i_02725,i_00122,i_11373,i_01539,i_02878,i_01988,i_21849
u_03860,i_18312,i_08091,i_09070,i_00506,i_31952,i_00930,i_00428,i_01486,i_08895,i_02228
u_03861,i_05267,i_01523,i_14808,i_14604,i_10930,i_09052,i_02229,i_03773,i_06441,i_10316
u_03862,i_24980,i_28982,i_09275,i_17626,i_11910,i_01937,i_11373,i_08754,i_13084,i_17924
u_03863,i_10316,i_02786,i_01111,i_05103,i_14604,i_05800,i_31921,i_24980,i_17626,i_00122
u_03864,i_17626,i_01486,i_01937,i_02280,i_02786,i_14604,i_08713,i_31921,i_02105,i_01202
u_03865,i_01111,i_01523,i_10120,i_09052,i_14221,i_05267,i_11373,i_17660,i_24980,i_10995
u_03866,i_01480,i_24980,i_00062,i_01468,i_01937,i_06228,i_21094,i_00440,i_02786,i_04504
u_03867,i_14604,i_10316,i_24980,i_01937,i_17626,i_14808,i_05267,i_09461,i_03773,i_04578
u_03868,i_14604,i_17626,i_10316,i_11373,i_01111,i_01937,i_05267,i_13084,i_05109,i_12282
u_03869,i_01480,i_07576,i_14604,i_02334,i_24980,i_00306,i_00204,i_11910,i_31903,i_25535
u_03870,i_04418,i_01468,i_10316,i_14604,i_00044,i_02786,i_24980,i_01937,i_01523,i_02380
u_03871,i_14604,i_10316,i_18217,i_13998,i_05439,i_01523,i_03773,i_09052,i_14221,i_14115
u_03872,i_17626,i_24980,i_02317,i_31952,i_01165,i_05394,i_00506,i_00126,i_11373,i_00037
u_03873,i_10316,i_24980,i_03262,i_17626,i_06228,i_01523,i_00586,i_00433,i_01480,i_01937
u_03874,i_01523,i_14115,i_02415,i_05439,i_11483,i_08132,i_07520,i_03773,i_08052,i_14604
u_03875,i_01480,i_03590,i_14604,i_17626,i_02786,i_10316,i_31952,i_02313,i_01485,i_21094
u_03876,i_10316,i_14604,i_00852,i_16920,i_01468,i_02213,i_02393,i_07263,i_01111,i_10120
u_03877,i_13353,i_02228,i_13084,i_17626,i_07567,i_04221,i_08539,i_15802,i_06228,i_12282
u_03878,i_10316,i_17626,i_14604,i_01480,i_02334,i_31952,i_01937,i_00062,i_01523,i_07520
u_03879,i_00122,i_01424,i_29117,i_17670,i_01496,i_24980,i_11373,i_00716,i_12901,i_01135
u_03880,i_10316,i_03773,i_05394,i_09052,i_09345,i_11537,i_01468,i_18217,i_13690,i_10120
u_03881,i_01044,i_05677,i_11959,i_00122,i_15669,i_04221,i_16134,i_15802,i_06534,i_00724
u_03882,i_01937,i_03678,i_06228,i_01523,i_10316,i_14604,i_17626,i_06882,i_13841,i_11373
u_03883,i_14604,i_06228,i_15993,i_17626,i_02831,i_09442,i_02563,i_10808,i_14248,i_02090
u_03884,i_11910,i_14604,i_10518,i_09275,i_24980,i_04549,i_11373,i_21094,i_02786,i_01937
u_03885,i_01111,i_14115,i_01937,i_14221,i_18217,i_10316,i_24980,i_11373,i_14808,i_10120
u_03886,i_01480,i_00122,i_14604,i_11909,i_21094,i_17924,i_01468,i_31946,i_10316,i_31741
u_03887,i_04102,i_01480,i_31903,i_09275,i_28982,i_10518,i_31987,i_00365,i_02248,i_10509
u_03888,i_10316,i_01523,i_02786,i_00062,i_01111,i_01937,i_14604,i_21094,i_11373,i_02111
u_03889,i_05267,i_00724,i_01468,i_02786,i_11373,i_32040,i_01523,i_01937,i_12430,i_00122
u_03890,i_01937,i_24980,i_02786,i_17108,i_01430,i_00037,i_00395,i_03829,i_06331,i_02317
u_03891,i_16020,i_26255,i_22515,i_21691,i_19978,i_24481,i_08499,i_10509,i_17269,i_31258
u_03892,i_11590,i_10316,i_03590,i_02786,i_12084,i_01523,i_12157,i_05493,i_09345,i_01746
u_03893,i_14604,i_01468,i_02507,i_21094,i_01937,i_24980,i_22605,i_02731,i_10316,i_07520
u_03894,i_01480,i_11373,i_02334,i_25535,i_21094,i_17626,i_14808,i_01468,i_17924,i_11910
u_03895,i_03773,i_11373,i_10120,i_09052,i_01998,i_08132,i_14604,i_01808,i_00062,i_05267
u_03896,i_05267,i_18217,i_14115,i_03678,i_01111,i_03773,i_10316,i_14221,i_02596,i_08132
u_03897,i_00725,i_06228,i_11373,i_01476,i_12430,i_01135,i_01496,i_02631,i_14604,i_24980
u_03898,i_02683,i_00122,i_03865,i_10316,i_11373,i_01158,i_12430,i_02313,i_01129,i_02382
u_03899,i_31952,i_00122,i_00575,i_00395,i_31741,i_21094,i_12901,i_21033,i_09009,i_00023
u_03900,i_00122,i_09345,i_14604,i_02382,i_00428,i_05394,i_05167,i_05267,i_01485,i_02136
u_03901,i_02731,i_11548,i_01523,i_04181,i_04692,i_00122,i_04480,i_22313,i_09442,i_03590
u_03902,i_14115,i_01937,i_12407,i_09934,i_14651,i_10710,i_04341,i_09182,i_04580,i_01998
u_03903,i_01937,i_05267,i_02827,i_17119,i_14604,i_01808,i_02415,i_01798,i_01810,i_04578
u_03904,i_31952,i_31741,i_31946,i_27675,i_01480,i_21094,i_00311,i_14604,i_00724,i_02105
u_03905,i_01937,i_01468,i_05188,i_02786,i_02415,i_01523,i_07520,i_02596,i_11483,i_00062
u_03906,i_14604,i_04578,i_05267,i_17626,i_01810,i_09052,i_02415,i_08132,i_02786,i_02229
u_03907,i_00776,i_08895,i_01480,i_14604,i_02786,i_13841,i_17924,i_17626,i_00057,i_08518
u_03908,i_01937,i_01827,i_02136,i_02415,i_02313,i_01111,i_05700,i_01523,i_00433,i_25690
u_03909,i_10518,i_09275,i_10316,i_01849,i_03151,i_05267,i_01468,i_02786,i_24980,i_11910
u_03910,i_01468,i_07263,i_17626,i_02786,i_01523,i_10316,i_14604,i_04480,i_03829,i_02136
u_03911,i_01480,i_05267,i_01468,i_01937,i_24980,i_18681,i_17626,i_14808,i_04580,i_11373
u_03912,i_01111,i_02382,i_14604,i_03601,i_00377,i_01135,i_24980,i_04580,i_10316,i_21094
u_03913,i_01937,i_05267,i_02827,i_10930,i_08754,i_05349,i_14604,i_01430,i_11342,i_23257
u_03914,i_01937,i_14115,i_04578,i_02786,i_02596,i_00062,i_11047,i_07263,i_01468,i_01523
u_03915,i_01937,i_11483,i_03829,i_05267,i_02415,i_01523,i_14604,i_17108,i_01430,i_24980
u_03916,i_14604,i_10316,i_17626,i_24980,i_06228,i_00122,i_05354,i_02276,i_02313,i_02786
u_03917,i_10316,i_14604,i_03926,i_22897,i_00062,i_01998,i_01468,i_01849,i_01523,i_01486
u_03918,i_03468,i_07524,i_10316,i_05407,i_02136,i_01522,i_01403,i_02393,i_08518,i_04504
u_03919,i_14604,i_17626,i_11373,i_02786,i_02827,i_05267,i_09345,i_05549,i_05109,i_01111
u_03920,i_02786,i_10316,i_01523,i_17626,i_14604,i_05267,i_09182,i_01937,i_11373,i_10120
u_03921,i_01480,i_17626,i_24980,i_10316,i_14604,i_00122,i_02786,i_03773,i_21094,i_32048
u_03922,i_17626,i_21094,i_02786,i_24980,i_01486,i_22738,i_00311,i_27675,i_01468,i_27030
u_03923,i_11373,i_17626,i_24980,i_09052,i_14844,i_11910,i_01111,i_01998,i_03773,i_05394
u_03924,i_01522,i_24980,i_10353,i_14604,i_17626,i_28880,i_13670,i_06951,i_03262,i_21094
u_03925,i_10316,i_01523,i_01111,i_05267,i_14604,i_01480,i_06228,i_08052,i_00122,i_01810
u_03926,i_08091,i_04602,i_10353,i_07587,i_19432,i_07370,i_09591,i_03803,i_10699,i_02316
u_03927,i_01480,i_09275,i_00922,i_10518,i_24980,i_21094,i_00724,i_06534,i_01798,i_31921
u_03928,i_29600,i_01480,i_24980,i_00485,i_01129,i_06883,i_17626,i_00457,i_11373,i_12430
u_03929,i_10518,i_00204,i_24980,i_04102,i_17923,i_07576,i_04549,i_06244,i_03316,i_17924
u_03930,i_02593,i_21094,i_00155,i_10316,i_31921,i_00506,i_17108,i_28547,i_01486,i_00091
u_03931,i_12786,i_06951,i_13253,i_10120,i_06228,i_04221,i_02209,i_07567,i_02954,i_15802
u_03932,i_10316,i_08193,i_27051,i_01111,i_14604,i_01468,i_05877,i_05212,i_02359,i_04585
u_03933,i_00122,i_01135,i_02725,i_02321,i_01111,i_11373,i_17626,i_17108,i_12430,i_00057
u_03934,i_01111,i_14604,i_01135,i_00122,i_10316,i_24980,i_02786,i_00037,i_00062,i_01485
u_03935,i_04191,i_01827,i_00725,i_02725,i_05354,i_21094,i_07983,i_17904,i_00122,i_09635
u_03936,i_10316,i_14604,i_14115,i_01468,i_11373,i_24980,i_00062,i_01937,i_03773,i_00122
u_03937,i_02786,i_01523,i_14604,i_01937,i_01430,i_01468,i_00062,i_17108,i_08713,i_02031
u_03938,i_10316,i_01468,i_21094,i_11373,i_16920,i_31741,i_03773,i_31952,i_24980,i_00062
u_03939,i_13124,i_02786,i_07524,i_05407,i_10316,i_11373,i_21094,i_08052,i_03773,i_00037
u_03940,i_00122,i_01111,i_04585,i_10316,i_17626,i_02786,i_00395,i_09345,i_14221,i_01479
u_03941,i_05267,i_01810,i_02827,i_10316,i_08518,i_02136,i_00948,i_17626,i_09066,i_14604
u_03942,i_01111,i_04580,i_14808,i_05394,i_11373,i_01998,i_00540,i_01468,i_01523,i_08132
u_03943,i_10316,i_03773,i_01111,i_02786,i_14604,i_03302,i_01523,i_08132,i_01495,i_05267
u_03944,i_09345,i_01485,i_10316,i_02334,i_00389,i_00037,i_05710,i_03397,i_04504,i_11910
u_03945,i_14604,i_31921,i_00011,i_03151,i_13651,i_00027,i_05188,i_31903,i_10518,i_24980
u_03946,i_14604,i_02786,i_17626,i_01480,i_10316,i_02213,i_13651,i_21094,i_22738,i_04504
u_03947,i_02786,i_09345,i_13705,i_10316,i_14604,i_11373,i_17626,i_24980,i_01523,i_01937
u_03948,i_02313,i_01496,i_01476,i_04033,i_01545,i_00755,i_12430,i_02111,i_02725,i_32048
u_03949,i_28982,i_11373,i_05394,i_01111,i_01480,i_08754,i_06450,i_07171,i_24980,i_05167
u_03950,i_05267,i_01937,i_01810,i_14604,i_01468,i_00062,i_17626,i_07518,i_01998,i_03590
u_03951,i_10316,i_16633,i_02136,i_11373,i_14604,i_01468,i_02317,i_00062,i_17626,i_02786
u_03952,i_06017,i_17108,i_01523,i_01937,i_01111,i_10316,i_06228,i_00724,i_11483,i_01849
u_03953,i_00395,i_14604,i_00122,i_01480,i_21094,i_31952,i_00057,i_02755,i_02786,i_12430
u_03954,i_09345,i_00523,i_13084,i_14115,i_14808,i_24980,i_10781,i_17660,i_09275,i_29117
u_03955,i_00010,i_00362,i_00122,i_02317,i_00724,i_01468,i_14604,i_01111,i_01097,i_02380
u_03956,i_08091,i_24980,i_14604,i_10353,i_07587,i_03302,i_10226,i_06228,i_11373,i_09591
u_03957,i_01480,i_24980,i_11910,i_00122,i_02334,i_10120,i_02786,i_28982,i_10316,i_17626
u_03958,i_10316,i_11373,i_05267,i_09052,i_09345,i_14808,i_06228,i_03773,i_11910,i_08132
u_03959,i_21094,i_27051,i_10316,i_02786,i_00122,i_14604,i_01519,i_00023,i_00793,i_01468
u_03960,i_21094,i_01937,i_08754,i_05439,i_11910,i_03151,i_24980,i_01480,i_31921,i_01485
u_03961,i_00155,i_00153,i_24980,i_31921,i_31952,i_14604,i_09275,i_01480,i_32040,i_14115
u_03962,i_02731,i_26066,i_02415,i_07596,i_05528,i_05529,i_00062,i_07520,i_23109,i_03650
u_03963,i_14808,i_02786,i_09345,i_08754,i_05394,i_03773,i_04580,i_05267,i_01937,i_11373
u_03964,i_15730,i_13984,i_13547,i_13290,i_17764,i_15005,i_16426,i_11386,i_01827,i_13841
u_03965,i_09345,i_32129,i_08191,i_08862,i_05394,i_17108,i_05493,i_10895,i_01111,i_01937
u_03966,i_01480,i_10316,i_24980,i_21094,i_01736,i_14604,i_01523,i_11373,i_02317,i_14115
u_03967,i_00922,i_07263,i_21094,i_24980,i_11373,i_14604,i_00870,i_00122,i_00506,i_01486
u_03968,i_21094,i_00506,i_24980,i_00153,i_32040,i_02786,i_31921,i_17626,i_28278,i_01480
u_03969,i_10316,i_14604,i_03829,i_04578,i_05786,i_01430,i_05439,i_14844,i_01539,i_11483
u_03970,i_01480,i_01523,i_02786,i_14604,i_24980,i_10316,i_21094,i_11373,i_01468,i_17626
u_03971,i_06228,i_24980,i_03262,i_17626,i_06951,i_13841,i_00724,i_12282,i_14173,i_14604
u_03972,i_02786,i_01468,i_24980,i_10316,i_01937,i_14115,i_01480,i_11910,i_01523,i_08132
u_03973,i_10316,i_05103,i_01942,i_24980,i_02786,i_02136,i_14604,i_02105,i_02393,i_00506
u_03974,i_01523,i_10316,i_00122,i_14604,i_02786,i_01111,i_24980,i_01468,i_17626,i_00037
u_03975,i_00122,i_01807,i_14604,i_01468,i_05267,i_17108,i_01523,i_02313,i_06228,i_10316
u_03976,i_08713,i_11483,i_14115,i_14808,i_05439,i_08132,i_00062,i_11910,i_05267,i_01523
u_03977,i_14604,i_24980,i_21094,i_00122,i_03151,i_00470,i_17626,i_01111,i_00468,i_02334
u_03978,i_00395,i_12430,i_29639,i_17670,i_00122,i_01215,i_02725,i_00724,i_00023,i_01129
u_03979,i_02786,i_01111,i_14604,i_10316,i_00122,i_01523,i_01468,i_13690,i_09345,i_01937
u_03980,i_27675,i_02136,i_00489,i_01293,i_10316,i_00054,i_02280,i_31952,i_00506,i_17108
u_03981,i_01937,i_01523,i_24980,i_02786,i_01468,i_03773,i_09052,i_08132,i_02079,i_11910
u_03982,i_01937,i_01111,i_08754,i_05267,i_18681,i_11365,i_01523,i_05349,i_02786,i_14604
u_03983,i_01480,i_07089,i_11055,i_14604,i_11373,i_17923,i_09275,i_24980,i_00122,i_00204
u_03984,i_00122,i_01111,i_02229,i_14604,i_00395,i_02631,i_01468,i_01523,i_05320,i_17626
u_03985,i_03590,i_00122,i_17626,i_02079,i_10316,i_02209,i_01468,i_11373,i_01523,i_17389
u_03986,i_11373,i_24481,i_24980,i_14604,i_10316,i_21950,i_14115,i_10509,i_10518,i_02563
u_03987,i_10316,i_14604,i_01523,i_02786,i_00122,i_24980,i_01111,i_01480,i_21094,i_04191
u_03988,i_02786,i_01937,i_07520,i_08713,i_01523,i_14604,i_02415,i_03773,i_10316,i_17626
u_03989,i_11373,i_05394,i_07089,i_10316,i_01937,i_02786,i_24980,i_18333,i_14808,i_04580
u_03990,i_08132,i_24980,i_01111,i_10120,i_10781,i_01468,i_14074,i_03773,i_14808,i_10316
u_03991,i_14604,i_10930,i_02229,i_02786,i_05267,i_05349,i_01111,i_11910,i_13705,i_04580
u_03992,i_14604,i_00037,i_01808,i_05267,i_11910,i_08754,i_08862,i_01523,i_02079,i_08191
u_03993,i_05267,i_14604,i_01937,i_11373,i_17626,i_00377,i_01111,i_12061,i_14115,i_03773
u_03994,i_24980,i_00057,i_01135,i_12430,i_17626,i_02313,i_32108,i_02382,i_08881,i_01476
u_03995,i_11373,i_06228,i_01545,i_10316,i_11107,i_12282,i_02080,i_11386,i_03797,i_04580
u_03996,i_28238,i_00155,i_02786,i_14604,i_01486,i_03773,i_25690,i_02676,i_21094,i_00126
u_03997,i_14604,i_21094,i_01523,i_11910,i_10316,i_05267,i_03773,i_03151,i_01808,i_01111
u_03998,i_01937,i_10316,i_05439,i_04580,i_01998,i_05267,i_09052,i_09182,i_14115,i_05394
u_03999,i_21094,i_00163,i_24980,i_02105,i_01486,i_07370,i_00162,i_10316,i_14604,i_17626
u_04000,i_13850,i_00122,i_09345,i_00062,i_02786,i_02136,i_01523,i_00057,i_08754,i_14173
u_04001,i_11373,i_24980,i_01937,i_14604,i_05267,i_08132,i_01998,i_13670,i_00122,i_02100
u_04002,i_11047,i_08191,i_11569,i_05267,i_09345,i_08132,i_17108,i_02229,i_18801,i_18863
u_04003,i_10316,i_01937,i_05267,i_14604,i_01468,i_11365,i_02786,i_06228,i_01111,i_24980
u_04004,i_00122,i_14163,i_02382,i_17626,i_02209,i_02321,i_02725,i_14173,i_02297,i_10120
u_04005,i_02954,i_02228,i_00761,i_02276,i_00395,i_01827,i_00122,i_10995,i_10781,i_02090
u_04006,i_14604,i_01480,i_29600,i_24980,i_01129,i_06883,i_11373,i_01111,i_00485,i_00457
u_04007,i_01480,i_00922,i_02280,i_00795,i_02683,i_00470,i_00506,i_00075,i_02105,i_00870
u_04008,i_21094,i_00922,i_00311,i_31993,i_00077,i_00303,i_17626,i_31952,i_24980,i_00506
u_04009,i_15596,i_13084,i_23257,i_26016,i_13841,i_10120,i_12282,i_05034,i_15902,i_11543
u_04010,i_02786,i_01523,i_05267,i_24980,i_01111,i_01480,i_17626,i_05439,i_01937,i_02334
u_04011,i_00395,i_17626,i_01111,i_17108,i_25535,i_04580,i_09345,i_08895,i_00791,i_31921
u_04012,i_05267,i_13690,i_01111,i_00575,i_01485,i_04692,i_06017,i_00073,i_00389,i_31921
u_04013,i_00122,i_14604,i_01468,i_02786,i_02111,i_21094,i_29117,i_17626,i_05267,i_10316
u_04014,i_11910,i_03773,i_14808,i_01523,i_24980,i_01480,i_05267,i_10316,i_02317,i_01998
u_04015,i_08099,i_12974,i_08053,i_00506,i_07567,i_09345,i_04221,i_11754,i_15802,i_01849
u_04016,i_14604,i_10316,i_11373,i_31946,i_28982,i_02786,i_01937,i_10518,i_17924,i_11910
u_04017,i_02786,i_01523,i_14604,i_05267,i_01937,i_01111,i_05797,i_06412,i_08052,i_02507
u_04018,i_10316,i_01523,i_01468,i_17626,i_02317,i_03829,i_01202,i_05573,i_02280,i_24980
u_04019,i_24980,i_14604,i_03773,i_13841,i_00776,i_17831,i_17901,i_10120,i_03262,i_14115
u_04020,i_02228,i_13761,i_10995,i_08116,i_07567,i_05034,i_07050,i_29117,i_32048,i_09509
u_04021,i_01479,i_03397,i_01827,i_02228,i_09345,i_13761,i_06441,i_10995,i_15902,i_04254
u_04022,i_10316,i_02276,i_01480,i_24980,i_02631,i_11373,i_00716,i_02725,i_05213,i_01476
u_04023,i_01111,i_14604,i_02631,i_02382,i_17626,i_11373,i_18139,i_02786,i_03601,i_05493
u_04024,i_01111,i_14604,i_01937,i_10316,i_17626,i_01523,i_02541,i_02786,i_04480,i_03773
u_04025,i_17108,i_02786,i_02334,i_02317,i_31921,i_08132,i_09345,i_03773,i_11910,i_01485
u_04026,i_02786,i_01523,i_00037,i_01993,i_14115,i_01937,i_01430,i_14604,i_05267,i_01111
u_04027,i_10316,i_02786,i_11910,i_09052,i_14604,i_11373,i_03773,i_01468,i_01486,i_17626
u_04028,i_02786,i_08895,i_08881,i_00023,i_01468,i_10316,i_02100,i_11548,i_21094,i_00057
u_04029,i_21094,i_14115,i_01468,i_01523,i_03773,i_14604,i_01937,i_00724,i_05267,i_00037
u_04030,i_11373,i_10316,i_01523,i_06883,i_05767,i_01158,i_07567,i_02136,i_01945,i_12430
u_04031,i_01480,i_10316,i_02786,i_17626,i_01937,i_01486,i_01468,i_02334,i_00142,i_21094
u_04032,i_01937,i_04181,i_13127,i_09052,i_02031,i_08132,i_02882,i_14651,i_14808,i_04692
u_04033,i_10316,i_28982,i_21094,i_03773,i_31952,i_24980,i_31950,i_00157,i_01523,i_10518
u_04034,i_02229,i_17108,i_05267,i_09345,i_01993,i_11047,i_02790,i_02748,i_03268,i_18801
u_04035,i_01468,i_10316,i_01523,i_01937,i_21094,i_28278,i_08713,i_14604,i_17626,i_02786
u_04036,i_10518,i_00575,i_31921,i_00440,i_16877,i_10316,i_12430,i_03865,i_00077,i_02313
u_04037,i_00122,i_08895,i_00765,i_08881,i_01827,i_17670,i_00767,i_18312,i_00057,i_26940
u_04038,i_05103,i_00077,i_00468,i_00928,i_00303,i_17626,i_13651,i_24980,i_04504,i_02786
u_04039,i_01111,i_09345,i_24980,i_03397,i_00037,i_03302,i_01988,i_29117,i_02407,i_00724
u_04040,i_01937,i_01523,i_14604,i_10316,i_17108,i_02786,i_05267,i_11373,i_01468,i_06228
u_04041,i_05267,i_14604,i_05167,i_21094,i_24980,i_01937,i_28984,i_04578,i_01111,i_02300
u_04042,i_14604,i_00440,i_02786,i_11055,i_24980,i_00462,i_21094,i_00506,i_05778,i_01480
u_04043,i_01937,i_02786,i_01523,i_08713,i_00062,i_11483,i_02317,i_10316,i_01468,i_06882
u_04044,i_01937,i_05786,i_09345,i_05267,i_02786,i_04181,i_00523,i_11543,i_00037,i_01135
u_04045,i_17108,i_02334,i_01798,i_02380,i_00126,i_32129,i_31921,i_01808,i_21094,i_03151
u_04046,i_05272,i_01523,i_14604,i_09052,i_10316,i_21094,i_11047,i_03829,i_01810,i_03773
u_04047,i_01480,i_10518,i_12566,i_14604,i_31946,i_28982,i_31952,i_11909,i_11910,i_07576
u_04048,i_10316,i_11910,i_10120,i_17626,i_06228,i_01480,i_14808,i_09052,i_01111,i_14115
u_04049,i_01523,i_10316,i_01937,i_02317,i_17626,i_14604,i_02596,i_05267,i_01111,i_05797
u_04050,i_05267,i_01937,i_14604,i_11365,i_01468,i_04578,i_01523,i_01798,i_01808,i_10316
u_04051,i_05267,i_01430,i_14604,i_02415,i_01937,i_00037,i_02209,i_05394,i_00473,i_04578
u_04052,i_05267,i_14604,i_10930,i_05167,i_01937,i_04580,i_12061,i_00791,i_05439,i_17626
u_04053,i_02786,i_01486,i_01480,i_01523,i_14604,i_01937,i_00062,i_03829,i_01468,i_05188
u_04054,i_01480,i_10518,i_24980,i_17924,i_28982,i_31903,i_02022,i_02334,i_07576,i_01868
u_04055,i_10316,i_01480,i_02276,i_01202,i_03590,i_21094,i_01135,i_02359,i_28982,i_17389
u_04056,i_31919,i_08895,i_24980,i_01849,i_21094,i_03151,i_17108,i_03773,i_00575,i_01827
u_04057,i_05431,i_04181,i_02209,i_04692,i_01807,i_01523,i_03590,i_14604,i_02634,i_11409
u_04058,i_00122,i_14604,i_09345,i_01523,i_01111,i_10316,i_24980,i_00377,i_00389,i_05394
u_04059,i_25828,i_03567,i_16877,i_24980,i_00122,i_31741,i_01424,i_09009,i_04191,i_17670
u_04060,i_13084,i_12282,i_11543,i_12015,i_03507,i_02790,i_02720,i_15802,i_08051,i_22792
u_04061,i_10316,i_21094,i_24980,i_05296,i_17626,i_31921,i_01849,i_11373,i_14604,i_02786
u_04062,i_17626,i_10316,i_14604,i_06534,i_00122,i_01468,i_08132,i_11543,i_01111,i_10972
u_04063,i_10316,i_09052,i_14604,i_24980,i_18217,i_23257,i_07171,i_10120,i_11373,i_02274
u_04064,i_14604,i_10316,i_02334,i_00062,i_01468,i_14115,i_00365,i_21094,i_10518,i_00122
u_04065,i_14604,i_03678,i_10316,i_11910,i_05439,i_01468,i_11373,i_02786,i_03773,i_11047
u_04066,i_11373,i_21094,i_10316,i_01480,i_24980,i_00122,i_05267,i_17626,i_11910,i_01937
u_04067,i_14604,i_02786,i_24980,i_01480,i_14808,i_10316,i_03829,i_00540,i_01937,i_01111
u_04068,i_01486,i_04504,i_17626,i_04171,i_05103,i_02209,i_17108,i_02136,i_01827,i_14604
u_04069,i_17108,i_06882,i_08713,i_03468,i_02786,i_02317,i_02282,i_01468,i_00073,i_02235
u_04070,i_17108,i_01202,i_00037,i_08862,i_02786,i_01545,i_01523,i_08713,i_05797,i_02022
u_04071,i_14604,i_24980,i_17626,i_00724,i_01523,i_01486,i_01111,i_01937,i_01480,i_14115
u_04072,i_11373,i_00122,i_05354,i_02105,i_02631,i_02297,i_02541,i_08862,i_03865,i_03869
u_04073,i_02786,i_01523,i_02317,i_14604,i_17626,i_01937,i_01111,i_24980,i_05493,i_05439
u_04074,i_00122,i_17626,i_00928,i_13651,i_01111,i_01468,i_04191,i_00468,i_01827,i_02297
u_04075,i_10316,i_02786,i_24980,i_01849,i_01111,i_01937,i_14604,i_02136,i_00062,i_01468
u_04076,i_00122,i_24980,i_02725,i_21094,i_01129,i_02380,i_01486,i_00716,i_01545,i_00724
u_04077,i_14604,i_10316,i_17626,i_04578,i_01937,i_01808,i_02786,i_01468,i_01998,i_01523
u_04078,i_01937,i_14115,i_01430,i_07520,i_04578,i_02827,i_02786,i_02415,i_03773,i_10316
u_04079,i_14221,i_10120,i_10057,i_17269,i_24980,i_03590,i_09591,i_04692,i_01111,i_14604
u_04080,i_14604,i_10316,i_03262,i_10120,i_06228,i_09591,i_00922,i_00433,i_24980,i_00930
u_04081,i_14604,i_05267,i_01430,i_11342,i_14115,i_03589,i_01111,i_05786,i_07260,i_06441
u_04082,i_02382,i_00122,i_01496,i_01476,i_12430,i_17670,i_24980,i_01988,i_12901,i_01205
u_04083,i_01480,i_00062,i_17923,i_10518,i_11373,i_00310,i_10509,i_01519,i_10781,i_04102
u_04084,i_02786,i_02317,i_24980,i_10316,i_08518,i_01523,i_00922,i_31952,i_01486,i_06228
u_04085,i_11373,i_17831,i_07567,i_00776,i_09592,i_12282,i_15802,i_03302,i_03262,i_13841
u_04086,i_10316,i_01523,i_02786,i_28547,i_14604,i_01468,i_02136,i_24302,i_02318,i_00122
u_04087,i_14604,i_01111,i_05267,i_02786,i_10316,i_24980,i_06228,i_11373,i_01523,i_01468
u_04088,i_04418,i_16877,i_02954,i_01202,i_08881,i_04191,i_02334,i_01523,i_18139,i_28547
u_04089,i_02786,i_14651,i_05267,i_05472,i_09345,i_10921,i_13690,i_04692,i_11047,i_10316
u_04090,i_01480,i_10316,i_02280,i_28547,i_01486,i_21094,i_24980,i_00433,i_00155,i_02334
u_04091,i_14115,i_05439,i_09948,i_05416,i_11569,i_32112,i_10120,i_14183,i_11365,i_02334
u_04092,i_01937,i_14604,i_00468,i_17626,i_00037,i_00948,i_01923,i_01486,i_04277,i_00011
u_04093,i_01937,i_10316,i_02317,i_01468,i_01523,i_08132,i_14115,i_02079,i_02299,i_03151
u_04094,i_03829,i_13841,i_06882,i_09934,i_09345,i_11373,i_05677,i_06228,i_09182,i_14518
u_04095,i_00163,i_01468,i_25690,i_28278,i_21094,i_31921,i_06228,i_17626,i_02786,i_01937
u_04096,i_01111,i_24980,i_11373,i_10316,i_01523,i_05213,i_14604,i_02786,i_07370,i_02209
u_04097,i_02786,i_05267,i_01523,i_04578,i_02415,i_00037,i_01998,i_14604,i_02827,i_08052
u_04098,i_01480,i_00155,i_00311,i_21094,i_28982,i_22342,i_28547,i_00462,i_02786,i_03773
u_04099,i_14604,i_09052,i_09124,i_05439,i_06228,i_14115,i_10316,i_02079,i_17626,i_01523
u_04100,i_24980,i_32040,i_01480,i_21033,i_00037,i_02786,i_01468,i_00054,i_01486,i_02334
u_04101,i_01111,i_32108,i_02111,i_11047,i_01807,i_01485,i_05267,i_01923,i_02634,i_00122
u_04102,i_02300,i_14604,i_05267,i_05786,i_05394,i_02229,i_13705,i_11910,i_00377,i_09345
u_04103,i_17626,i_02321,i_24980,i_14604,i_11373,i_02382,i_02407,i_02631,i_01135,i_01111
u_04104,i_17108,i_03678,i_01523,i_07370,i_17119,i_01486,i_05103,i_00389,i_28547,i_01468
u_04105,i_00062,i_01485,i_27051,i_04692,i_17626,i_17108,i_01937,i_04221,i_02415,i_08638
u_04106,i_31903,i_04102,i_14604,i_02334,i_05188,i_00365,i_09275,i_31921,i_05187,i_10518
u_04107,i_14604,i_01468,i_10316,i_16499,i_05267,i_02031,i_24980,i_32112,i_02786,i_06466
u_04108,i_14604,i_10316,i_21094,i_00395,i_03806,i_01111,i_02786,i_24980,i_02317,i_11373
u_04109,i_14604,i_10518,i_24980,i_09275,i_11910,i_28982,i_04102,i_02786,i_00155,i_04549
u_04110,i_14604,i_01523,i_10316,i_17626,i_02235,i_14221,i_00062,i_00395,i_18312,i_01468
u_04111,i_14604,i_10316,i_17626,i_05103,i_00362,i_21094,i_09934,i_01111,i_09436,i_03304
u_04112,i_10316,i_01111,i_31946,i_00586,i_01764,i_11910,i_01736,i_06951,i_05472,i_02235
u_04113,i_24980,i_01111,i_14604,i_10316,i_14808,i_02786,i_04580,i_08191,i_05267,i_07896
u_04114,i_00948,i_01523,i_00468,i_14604,i_01937,i_02786,i_03773,i_07520,i_00062,i_06228
u_04115,i_12909,i_05664,i_11059,i_23026,i_12313,i_10509,i_02610,i_06883,i_06886,i_14120
u_04116,i_24980,i_00724,i_18031,i_03678,i_03773,i_25690,i_31921,i_17626,i_01523,i_14604
u_04117,i_14604,i_10316,i_05103,i_01111,i_21094,i_02393,i_17626,i_09591,i_02317,i_01468
u_04118,i_01480,i_02786,i_06228,i_05267,i_01937,i_01523,i_10316,i_02954,i_14808,i_13547
u_04119,i_01480,i_10518,i_04102,i_00365,i_17924,i_09275,i_04549,i_07576,i_05187,i_09077
u_04120,i_10316,i_09182,i_14808,i_04580,i_08132,i_24980,i_08560,i_03773,i_13705,i_01523
u_04121,i_03773,i_09052,i_14115,i_00062,i_08132,i_14984,i_17108,i_01739,i_11373,i_13950
u_04122,i_13124,i_05439,i_09436,i_14173,i_13423,i_06533,i_09345,i_02136,i_02299,i_06397
u_04123,i_14221,i_04171,i_03319,i_10057,i_08193,i_04585,i_07525,i_02154,i_12084,i_14796
u_04124,i_01480,i_11373,i_14604,i_04346,i_08754,i_00365,i_11910,i_07576,i_09436,i_01476
u_04125,i_02786,i_07520,i_01523,i_02442,i_01468,i_01111,i_10316,i_01808,i_03151,i_00062
u_04126,i_00311,i_00795,i_01076,i_17626,i_21033,i_27675,i_02317,i_31952,i_01054,i_00506
u_04127,i_14604,i_10316,i_02209,i_01111,i_11373,i_04181,i_01937,i_08132,i_02235,i_21094
u_04128,i_00155,i_02334,i_31921,i_14604,i_23941,i_06525,i_24049,i_01480,i_01923,i_00011
u_04129,i_01468,i_07520,i_08713,i_14604,i_01523,i_01798,i_00468,i_05188,i_25690,i_17924
u_04130,i_02334,i_09066,i_02676,i_31903,i_01923,i_01937,i_00062,i_28982,i_25690,i_01485
u_04131,i_14604,i_02786,i_05267,i_11569,i_05393,i_08191,i_32129,i_09345,i_08132,i_01810
u_04132,i_01480,i_24980,i_01468,i_02786,i_01523,i_21094,i_02334,i_00155,i_01998,i_11373
u_04133,i_18980,i_29676,i_23124,i_26081,i_13423,i_13489,i_05762,i_29051,i_07050,i_02313
u_04134,i_01111,i_01480,i_10316,i_02786,i_11373,i_31952,i_01135,i_14604,i_01468,i_02321
u_04135,i_06951,i_13883,i_03262,i_11373,i_00776,i_06228,i_02541,i_01111,i_11047,i_09345
u_04136,i_11548,i_14604,i_10316,i_24980,i_02786,i_04585,i_01480,i_11373,i_08132,i_01135
u_04137,i_00122,i_02276,i_12901,i_01479,i_29164,i_26940,i_16877,i_03829,i_21094,i_08881
u_04138,i_31946,i_00011,i_18031,i_00470,i_03262,i_27675,i_00922,i_24980,i_02786,i_14604
u_04139,i_03262,i_06228,i_01523,i_00948,i_00468,i_14604,i_04637,i_10316,i_05439,i_14115
u_04140,i_01111,i_02786,i_24980,i_08638,i_10316,i_10120,i_07263,i_01523,i_14604,i_03829
u_04141,i_01480,i_24980,i_10518,i_17923,i_04102,i_00204,i_28593,i_14604,i_00122,i_17924
u_04142,i_02079,i_03773,i_11373,i_01849,i_01480,i_09052,i_02317,i_10120,i_01937,i_07171
u_04143,i_01868,i_31903,i_01523,i_17626,i_01468,i_10316,i_03773,i_31952,i_05109,i_13489
u_04144,i_10316,i_04480,i_10120,i_14604,i_14221,i_17626,i_03773,i_11373,i_01993,i_07370
u_04145,i_00122,i_02631,i_02563,i_01988,i_09504,i_32048,i_01827,i_03397,i_02407,i_05786
u_04146,i_03397,i_32048,i_09948,i_12061,i_13084,i_13489,i_21849,i_25828,i_05034,i_14173
u_04147,i_10316,i_02786,i_01937,i_01523,i_01809,i_01468,i_17626,i_00062,i_08713,i_01798
u_04148,i_14604,i_11373,i_24980,i_17626,i_01111,i_00122,i_06228,i_10316,i_09659,i_03866
u_04149,i_10316,i_01523,i_02297,i_02317,i_14604,i_01937,i_04191,i_02299,i_21094,i_01202
u_04150,i_01480,i_26779,i_14604,i_08518,i_01468,i_11373,i_11910,i_12430,i_08895,i_00122
u_04151,i_05267,i_11365,i_14808,i_02786,i_05394,i_01430,i_09345,i_05976,i_14604,i_08052
u_04152,i_10120,i_03773,i_01111,i_14604,i_11373,i_08132,i_05267,i_21094,i_02136,i_06228
u_04153,i_05394,i_04580,i_01998,i_14604,i_00027,i_08862,i_09345,i_07260,i_18681,i_02228
u_04154,i_11047,i_03590,i_08497,i_02786,i_01111,i_22313,i_04692,i_02882,i_04480,i_02209
u_04155,i_24019,i_24696,i_21480,i_09103,i_04191,i_02995,i_10781,i_04413,i_05407,i_03213
u_04156,i_24980,i_01468,i_02240,i_09052,i_02786,i_14604,i_11537,i_01937,i_10316,i_02209
u_04157,i_01158,i_29639,i_00428,i_01129,i_17626,i_17108,i_00395,i_24980,i_21094,i_01111
u_04158,i_32040,i_05267,i_17626,i_00791,i_14808,i_01480,i_01468,i_05394,i_11910,i_24980
u_04159,i_10316,i_11409,i_23461,i_04181,i_03590,i_01807,i_04478,i_14651,i_07370,i_05416
u_04160,i_11373,i_02786,i_17626,i_14221,i_10316,i_08132,i_03773,i_01937,i_19432,i_06228
u_04161,i_10316,i_03773,i_08132,i_10120,i_06441,i_11373,i_12141,i_04340,i_16633,i_06533
u_04162,i_10316,i_01523,i_14604,i_01486,i_01937,i_02380,i_01468,i_00037,i_03773,i_17626
u_04163,i_02786,i_05267,i_05349,i_14808,i_14604,i_01937,i_01111,i_08754,i_11373,i_01998
u_04164,i_11047,i_12072,i_02274,i_04692,i_11386,i_02720,i_12282,i_08052,i_05472,i_09934
u_04165,i_00575,i_10316,i_01111,i_14604,i_03468,i_31921,i_01523,i_00142,i_01486,i_02317
u_04166,i_02786,i_01111,i_01523,i_14604,i_10316,i_01937,i_02415,i_01468,i_01798,i_04523
u_04167,i_02273,i_04171,i_08991,i_04093,i_04254,i_04191,i_05354,i_17904,i_11386,i_10316
u_04168,i_00310,i_16499,i_14604,i_11355,i_00865,i_21094,i_10316,i_17626,i_02786,i_10353
u_04169,i_14604,i_01937,i_09052,i_14183,i_03773,i_11047,i_24980,i_13489,i_03397,i_00372
u_04170,i_21691,i_24481,i_23464,i_10316,i_01523,i_03678,i_19978,i_10713,i_24980,i_26255
u_04171,i_03773,i_10120,i_14115,i_08132,i_14808,i_02317,i_02079,i_09052,i_02786,i_17108
u_04172,i_06228,i_00122,i_13084,i_11373,i_07525,i_01468,i_05034,i_03397,i_12564,i_00377
u_04173,i_14604,i_00062,i_01937,i_10930,i_02786,i_03773,i_09052,i_01523,i_17626,i_14115
u_04174,i_21094,i_17924,i_06241,i_31741,i_01486,i_08518,i_01645,i_01480,i_08895,i_14604
u_04175,i_17108,i_00310,i_02359,i_01993,i_28547,i_06228,i_02136,i_09010,i_00389,i_04585
u_04176,i_21094,i_10316,i_00162,i_00163,i_32040,i_14604,i_01486,i_09124,i_01849,i_17626
u_04177,i_10316,i_02786,i_01937,i_14604,i_02244,i_01523,i_03773,i_10120,i_31921,i_07370
u_04178,i_04191,i_22342,i_06228,i_02297,i_01202,i_01097,i_02209,i_01480,i_03829,i_01468
u_04179,i_23176,i_05763,i_01774,i_13703,i_05764,i_14412,i_20316,i_01129,i_05775,i_09070
u_04180,i_14604,i_17626,i_21094,i_12430,i_31952,i_17670,i_09009,i_00122,i_00057,i_03773
u_04181,i_09591,i_01485,i_08895,i_03302,i_32048,i_02228,i_21094,i_01044,i_16877,i_13761
u_04182,i_21094,i_00122,i_00492,i_10316,i_00155,i_18031,i_00154,i_17108,i_04692,i_31921
u_04183,i_05267,i_07171,i_03773,i_00062,i_10316,i_01523,i_01468,i_02317,i_11910,i_08132
u_04184,i_17626,i_10316,i_01523,i_01937,i_13850,i_09948,i_13998,i_08132,i_01480,i_12687
u_04185,i_02786,i_01480,i_01468,i_01111,i_01937,i_14604,i_10316,i_01849,i_17626,i_25690
u_04186,i_22342,i_00462,i_01534,i_21033,i_21094,i_08518,i_00311,i_27675,i_00440,i_00470
u_04187,i_01849,i_11373,i_17831,i_08355,i_02317,i_02136,i_24980,i_09934,i_10316,i_00433
u_04188,i_24980,i_10518,i_04102,i_01523,i_17924,i_14604,i_17626,i_11373,i_11910,i_01937
u_04189,i_06241,i_05572,i_05578,i_05517,i_05583,i_02417,i_01827,i_05786,i_18312,i_08518
u_04190,i_31952,i_10316,i_01480,i_02786,i_17924,i_05573,i_24980,i_01523,i_01937,i_01111
u_04191,i_01937,i_10316,i_01468,i_14651,i_09948,i_01111,i_05416,i_03926,i_05267,i_03829
u_04192,i_03773,i_07576,i_14808,i_13489,i_03819,i_11373,i_00377,i_09345,i_00791,i_05394
u_04193,i_01111,i_24980,i_14604,i_02786,i_05472,i_10120,i_11386,i_01468,i_03678,i_04692
u_04194,i_14604,i_01937,i_01798,i_02827,i_01202,i_08862,i_01523,i_24980,i_17108,i_04578
u_04195,i_08193,i_14604,i_01937,i_01523,i_10316,i_01468,i_02786,i_02091,i_02827,i_03650
u_04196,i_10316,i_00122,i_14604,i_09345,i_21094,i_01523,i_14808,i_14115,i_10509,i_24980
u_04197,i_17626,i_11910,i_10316,i_03773,i_02334,i_01468,i_01937,i_01480,i_32040,i_01111
u_04198,i_00395,i_17924,i_21094,i_12430,i_31946,i_08895,i_10316,i_00372,i_31741,i_10518
u_04199,i_14604,i_01937,i_10316,i_02317,i_03829,i_01111,i_01523,i_11537,i_09948,i_01468
u_04200,i_01849,i_03773,i_02786,i_00433,i_11373,i_06228,i_05267,i_01937,i_21094,i_08132
u_04201,i_01937,i_10316,i_14604,i_17389,i_00062,i_02786,i_03829,i_01523,i_27051,i_04504
u_04202,i_14604,i_00023,i_32062,i_01167,i_01485,i_01135,i_10910,i_00389,i_09595,i_02111
u_04203,i_01111,i_04580,i_00122,i_01468,i_17626,i_14808,i_02786,i_05394,i_10761,i_10972
u_04204,i_10316,i_11373,i_12566,i_17626,i_01111,i_10518,i_00468,i_08132,i_00062,i_01998
u_04205,i_24980,i_09345,i_01111,i_04580,i_02317,i_13084,i_02786,i_10316,i_08132,i_06702
u_04206,i_11373,i_03773,i_14808,i_01480,i_09182,i_01998,i_01468,i_05439,i_08132,i_09052
u_04207,i_09591,i_10120,i_13670,i_13850,i_08638,i_17269,i_14984,i_08355,i_24980,i_09976
u_04208,i_02786,i_10316,i_01480,i_17626,i_11910,i_00470,i_09345,i_21094,i_01468,i_11373
u_04209,i_01993,i_11543,i_09327,i_02359,i_03319,i_10316,i_02136,i_23109,i_02623,i_06114
u_04210,i_00011,i_13651,i_10518,i_24980,i_02786,i_05188,i_31741,i_17626,i_03151,i_00468
u_04211,i_01808,i_05267,i_00763,i_02229,i_03829,i_14844,i_11569,i_05394,i_02786,i_11537
u_04212,i_00122,i_31952,i_17670,i_01135,i_00395,i_12901,i_31921,i_01480,i_02334,i_00057
u_04213,i_00057,i_10316,i_24980,i_01827,i_17626,i_01135,i_01206,i_00389,i_11373,i_02393
u_04214,i_01111,i_01468,i_24980,i_00122,i_01480,i_17626,i_06466,i_01485,i_01135,i_06228
u_04215,i_14604,i_01523,i_14808,i_14115,i_02317,i_04578,i_01937,i_24980,i_06228,i_05394
u_04216,i_01523,i_10316,i_14604,i_01111,i_05416,i_01468,i_17626,i_10120,i_04413,i_00122
u_04217,i_01496,i_01535,i_01988,i_32048,i_00716,i_29117,i_04659,i_00061,i_02725,i_01135
u_04218,i_02300,i_02786,i_17924,i_00122,i_10316,i_24980,i_01129,i_01468,i_01111,i_11373
u_04219,i_01468,i_01480,i_00428,i_17626,i_11373,i_02317,i_10316,i_00724,i_24980,i_17924
u_04220,i_05694,i_01849,i_10316,i_06533,i_11373,i_18139,i_09124,i_06228,i_10120,i_01937
u_04221,i_01523,i_01486,i_17626,i_10518,i_14604,i_28547,i_02786,i_12430,i_11910,i_31741
u_04222,i_09380,i_00776,i_13841,i_10316,i_02786,i_11055,i_11373,i_17626,i_01523,i_14604
u_04223,i_02786,i_01468,i_01480,i_15181,i_13843,i_17108,i_21033,i_00054,i_14604,i_08713
u_04224,i_14604,i_04578,i_01808,i_10316,i_05394,i_17626,i_07520,i_24980,i_14115,i_01468
u_04225,i_01480,i_02334,i_07576,i_01798,i_10518,i_09436,i_04102,i_01937,i_28982,i_01868
u_04226,i_32108,i_08638,i_10353,i_08091,i_04337,i_15818,i_00395,i_31950,i_02276,i_01827
u_04227,i_01111,i_01468,i_10316,i_24980,i_05267,i_14604,i_01523,i_21094,i_01937,i_02111
u_04228,i_10316,i_05439,i_14808,i_14115,i_03773,i_01480,i_07171,i_11910,i_05694,i_01523
u_04229,i_06228,i_01523,i_11910,i_03773,i_05439,i_08132,i_01111,i_21094,i_11373,i_01937
u_04230,i_02786,i_03678,i_01937,i_01111,i_11365,i_00062,i_14604,i_24980,i_00122,i_05797
u_04231,i_04191,i_00155,i_05267,i_02136,i_03773,i_01523,i_14604,i_02297,i_01111,i_03404
u_04232,i_02228,i_08881,i_00122,i_01097,i_02631,i_06241,i_09592,i_17626,i_13761,i_10781
u_04233,i_31946,i_17626,i_24980,i_00922,i_31952,i_00075,i_14604,i_00311,i_28547,i_00091
u_04234,i_14604,i_01937,i_01430,i_05267,i_14808,i_14115,i_24980,i_31952,i_02079,i_10120
u_04235,i_02393,i_02317,i_01827,i_01479,i_05710,i_03302,i_03678,i_02276,i_10316,i_05354
u_04236,i_00122,i_14604,i_01468,i_02111,i_01111,i_06228,i_17626,i_02786,i_02507,i_29164
u_04237,i_10316,i_14221,i_09052,i_01485,i_18217,i_03829,i_03926,i_05493,i_14115,i_10120
u_04238,i_00122,i_01827,i_01476,i_29117,i_01496,i_00091,i_18139,i_21094,i_05354,i_00057
u_04239,i_02786,i_31921,i_01468,i_03678,i_00037,i_10316,i_02244,i_04277,i_01849,i_03773
u_04240,i_10316,i_09124,i_09591,i_03262,i_01468,i_00776,i_13084,i_00506,i_01739,i_02136
u_04241,i_10995,i_02235,i_01099,i_02228,i_10316,i_14984,i_01468,i_01827,i_04254,i_03457
u_04242,i_02786,i_01937,i_10316,i_00062,i_03590,i_14604,i_08713,i_17626,i_02380,i_01135
u_04243,i_00468,i_02415,i_02676,i_01937,i_13651,i_02031,i_26935,i_00062,i_02282,i_02786
u_04244,i_01468,i_01523,i_01937,i_10316,i_02317,i_07520,i_11373,i_01480,i_24980,i_00122
u_04245,i_02786,i_01523,i_05439,i_02317,i_05797,i_10316,i_13239,i_08132,i_11047,i_14604
u_04246,i_04692,i_02274,i_14808,i_01937,i_09948,i_08815,i_10316,i_01111,i_01468,i_06228
u_04247,i_11373,i_02321,i_12430,i_17626,i_01480,i_06228,i_14604,i_02631,i_10316,i_01476
u_04248,i_22342,i_00122,i_04034,i_02313,i_01485,i_01135,i_02228,i_01545,i_01539,i_02954
u_04249,i_02786,i_10316,i_08132,i_00062,i_03773,i_14604,i_14808,i_09052,i_10930,i_10509
u_04250,i_21094,i_17626,i_01480,i_14604,i_31952,i_17924,i_24980,i_01468,i_00011,i_08713
u_04251,i_02415,i_17626,i_13850,i_09591,i_03590,i_11483,i_06450,i_10930,i_03829,i_04181
u_04252,i_00440,i_00506,i_00153,i_00724,i_00163,i_31952,i_01480,i_18031,i_31921,i_00162
u_04253,i_10316,i_10120,i_14604,i_31952,i_00922,i_01523,i_01480,i_02786,i_17924,i_00433
u_04254,i_11940,i_06063,i_13111,i_13761,i_15005,i_19469,i_14633,i_08610,i_08053,i_04221
u_04255,i_24980,i_21094,i_11373,i_31993,i_29639,i_03268,i_10316,i_06228,i_05786,i_03829
u_04256,i_32112,i_14604,i_01798,i_21094,i_11342,i_01998,i_01430,i_00129,i_05976,i_32107
u_04257,i_02786,i_14604,i_10316,i_01937,i_01430,i_05394,i_01998,i_14115,i_02827,i_00126
u_04258,i_00506,i_02213,i_05569,i_14984,i_00870,i_00433,i_02100,i_24980,i_02318,i_18031
u_04259,i_00724,i_17626,i_32040,i_31921,i_05267,i_03773,i_02786,i_00126,i_00395,i_00062
u_04260,i_14844,i_11373,i_02725,i_01111,i_02321,i_02120,i_08895,i_02631,i_01485,i_02313
u_04261,i_04191,i_02154,i_10316,i_02279,i_01827,i_02313,i_11373,i_10057,i_08895,i_01097
u_04262,i_24980,i_01480,i_21094,i_17626,i_02786,i_11373,i_01486,i_14604,i_00311,i_22342
u_04263,i_01111,i_22079,i_01937,i_21691,i_13690,i_01523,i_05267,i_01485,i_04123,i_11745
u_04264,i_18217,i_14221,i_08132,i_10316,i_09052,i_14808,i_04580,i_00062,i_10120,i_01468
u_04265,i_24980,i_01468,i_17626,i_14604,i_10316,i_00122,i_01111,i_21094,i_01480,i_06450
u_04266,i_03773,i_21094,i_17626,i_00506,i_00155,i_02100,i_22342,i_01135,i_31952,i_00091
u_04267,i_01480,i_10120,i_03773,i_01523,i_09052,i_08132,i_17626,i_01764,i_02334,i_05439
u_04268,i_14604,i_11373,i_24980,i_31952,i_01998,i_09345,i_14808,i_08191,i_01135,i_00122
u_04269,i_10316,i_31741,i_01937,i_02091,i_00023,i_01480,i_02283,i_31921,i_22342,i_02380
u_04270,i_02786,i_17626,i_09442,i_00073,i_00389,i_01111,i_03590,i_03319,i_02317,i_05797
u_04271,i_24980,i_01998,i_11910,i_02334,i_04580,i_00791,i_00122,i_03773,i_21094,i_17924
u_04272,i_05767,i_10353,i_04171,i_04480,i_02359,i_05212,i_01993,i_14120,i_04478,i_04585
u_04273,i_17626,i_24980,i_00870,i_14604,i_09591,i_05677,i_01490,i_00433,i_14808,i_01523
u_04274,i_14984,i_15730,i_04296,i_02720,i_32048,i_01739,i_10972,i_10995,i_05652,i_11386
u_04275,i_03773,i_21094,i_31921,i_00470,i_14604,i_08518,i_06228,i_01523,i_08713,i_01480
u_04276,i_01937,i_24980,i_01523,i_09052,i_05267,i_14604,i_04692,i_08132,i_01468,i_00122
u_04277,i_01480,i_14604,i_05573,i_21094,i_01523,i_17626,i_05103,i_10316,i_02105,i_17924
u_04278,i_00122,i_24980,i_29117,i_05786,i_01424,i_08881,i_17670,i_05778,i_00057,i_06241
u_04279,i_01111,i_01937,i_05267,i_01523,i_02380,i_01486,i_05472,i_00073,i_02596,i_10316
u_04280,i_10316,i_05103,i_01937,i_00062,i_02244,i_14604,i_09052,i_07520,i_03468,i_03773
u_04281,i_08881,i_21094,i_14604,i_02786,i_01480,i_17626,i_31952,i_01827,i_17108,i_00122
u_04282,i_01468,i_00122,i_01523,i_02380,i_10316,i_01937,i_01480,i_01486,i_31952,i_21094
u_04283,i_14604,i_14808,i_11342,i_05167,i_05267,i_06441,i_08754,i_07171,i_01937,i_04580
u_04284,i_07089,i_11055,i_18333,i_08862,i_13084,i_11386,i_15802,i_02720,i_12785,i_12282
u_04285,i_01468,i_03151,i_11910,i_05267,i_07089,i_18333,i_01849,i_00062,i_01523,i_02334
u_04286,i_00122,i_24980,i_21094,i_00395,i_01480,i_14604,i_08895,i_12430,i_00428,i_31741
u_04287,i_00506,i_02786,i_00091,i_00440,i_00922,i_02280,i_02593,i_27675,i_31921,i_25690
u_04288,i_01111,i_10316,i_01523,i_14604,i_01468,i_00122,i_21094,i_02111,i_01937,i_01480
u_04289,i_00122,i_09345,i_02827,i_10202,i_01485,i_02866,i_03678,i_17626,i_01923,i_15902
u_04290,i_06533,i_00122,i_02229,i_32129,i_00395,i_24980,i_03590,i_07263,i_06450,i_07370
u_04291,i_14762,i_00011,i_25690,i_05187,i_08713,i_31903,i_00362,i_01937,i_03829,i_02415
u_04292,i_01937,i_14604,i_02786,i_01523,i_01798,i_01480,i_07520,i_01111,i_05267,i_10316
u_04293,i_17626,i_01523,i_10316,i_21094,i_07520,i_00062,i_02317,i_01937,i_29639,i_22342
u_04294,i_00154,i_21094,i_05677,i_00153,i_14604,i_11373,i_00470,i_18031,i_32040,i_00163
u_04295,i_14604,i_24980,i_05267,i_11373,i_01135,i_02786,i_10316,i_00122,i_01523,i_31952
u_04296,i_10316,i_02786,i_00155,i_00062,i_28982,i_00011,i_31903,i_14604,i_11910,i_21094
u_04297,i_01468,i_24980,i_06228,i_11373,i_00306,i_00057,i_01523,i_03773,i_00122,i_17626
u_04298,i_17626,i_08518,i_10316,i_02244,i_05493,i_09591,i_10120,i_02136,i_09345,i_03616
u_04299,i_05267,i_00928,i_02786,i_24980,i_01111,i_00468,i_04580,i_17626,i_14115,i_01523
u_04300,i_10316,i_01202,i_04181,i_00433,i_04585,i_02317,i_01485,i_08193,i_22342,i_01111
u_04301,i_01111,i_14604,i_09383,i_01468,i_10316,i_17626,i_02786,i_02382,i_00395,i_05267
u_04302,i_01486,i_21094,i_14604,i_02786,i_24980,i_01468,i_31946,i_00440,i_31921,i_01480
u_04303,i_10316,i_24980,i_11373,i_00062,i_02111,i_00122,i_05267,i_01937,i_01523,i_06228
u_04304,i_01111,i_02507,i_02786,i_14604,i_01523,i_01468,i_00122,i_24980,i_17626,i_10316
u_04305,i_14604,i_10316,i_11373,i_04504,i_07370,i_01827,i_04191,i_01485,i_02136,i_14984
u_04306,i_14604,i_01480,i_18333,i_10316,i_01523,i_09591,i_11373,i_00062,i_32040,i_02786
u_04307,i_01937,i_11047,i_24980,i_14604,i_10316,i_04692,i_11373,i_05797,i_01523,i_03678
u_04308,i_05267,i_11483,i_07520,i_04523,i_01485,i_01523,i_01111,i_01468,i_14115,i_14604
u_04309,i_07926,i_32048,i_09591,i_04627,i_03909,i_05342,i_14173,i_14149,i_15014,i_04553
u_04310,i_10316,i_08193,i_04022,i_08173,i_05786,i_02440,i_02228,i_09442,i_02831,i_00122
u_04311,i_10316,i_05267,i_01523,i_09052,i_10120,i_08132,i_13998,i_01998,i_03773,i_11910
u_04312,i_01480,i_17626,i_00428,i_31952,i_00395,i_17924,i_08895,i_00037,i_01044,i_11909
u_04313,i_32048,i_04553,i_01523,i_03397,i_14604,i_13423,i_05652,i_14120,i_09436,i_02317
u_04314,i_08116,i_24980,i_14604,i_03302,i_11373,i_03397,i_06383,i_10100,i_00145,i_10781
u_04315,i_21094,i_02725,i_00057,i_03866,i_12901,i_05762,i_31952,i_02297,i_28547,i_09659
u_04316,i_01798,i_21094,i_17626,i_02786,i_01468,i_01937,i_24980,i_01480,i_08713,i_02299
u_04317,i_14120,i_01545,i_01539,i_17626,i_02725,i_01496,i_13761,i_02631,i_10316,i_12320
u_04318,i_01546,i_18312,i_21094,i_08881,i_03806,i_00023,i_01432,i_01739,i_12901,i_01545
u_04319,i_17108,i_00492,i_02786,i_22605,i_02882,i_02334,i_01523,i_02111,i_31950,i_01923
u_04320,i_02382,i_02563,i_12430,i_01135,i_01774,i_32108,i_02631,i_03866,i_02276,i_14604
u_04321,i_17626,i_00428,i_24980,i_21094,i_31993,i_09009,i_26940,i_09842,i_10316,i_08895
u_04322,i_02105,i_05103,i_31952,i_00470,i_14604,i_00362,i_01480,i_28547,i_09009,i_00023
u_04323,i_01923,i_03678,i_02155,i_08132,i_01111,i_17108,i_04419,i_11154,i_08560,i_04277
u_04324,i_01468,i_01111,i_14604,i_24980,i_10316,i_02786,i_05103,i_21094,i_02631,i_02235
u_04325,i_14604,i_01480,i_09345,i_11910,i_05267,i_17626,i_01468,i_11909,i_00122,i_01537
u_04326,i_01111,i_01468,i_14604,i_14221,i_02229,i_10316,i_01937,i_01523,i_14808,i_09052
u_04327,i_01111,i_02786,i_01937,i_09345,i_05394,i_24980,i_02229,i_01998,i_00126,i_00037
u_04328,i_31921,i_01468,i_00306,i_24980,i_00023,i_01111,i_00122,i_14604,i_10316,i_05267
u_04329,i_08895,i_03866,i_17626,i_32048,i_02703,i_05767,i_09345,i_02828,i_04580,i_07260
u_04330,i_12084,i_02683,i_10316,i_02755,i_01827,i_21094,i_31741,i_04191,i_01486,i_14604
u_04331,i_15802,i_14283,i_21726,i_20808,i_08754,i_00129,i_04697,i_16426,i_17985,i_09948
u_04332,i_14604,i_05267,i_14808,i_11365,i_04578,i_05394,i_04580,i_01937,i_01523,i_02786
u_04333,i_10353,i_02320,i_02316,i_02725,i_08314,i_09591,i_11355,i_14120,i_07587,i_05767
u_04334,i_05762,i_02634,i_02862,i_01827,i_10316,i_03616,i_02725,i_02407,i_03866,i_00725
u_04335,i_05212,i_02154,i_04191,i_06228,i_02276,i_03302,i_24980,i_11373,i_04585,i_02359
u_04336,i_05394,i_02786,i_05267,i_05167,i_08396,i_01201,i_01810,i_02711,i_09182,i_05653
u_04337,i_03302,i_06241,i_08881,i_01827,i_24980,i_21094,i_08355,i_10781,i_01468,i_09592
u_04338,i_00506,i_21094,i_27675,i_31741,i_09124,i_01849,i_02297,i_24980,i_03773,i_01486
u_04339,i_26227,i_24396,i_13290,i_22790,i_10781,i_14120,i_22907,i_20432,i_18272,i_07645
u_04340,i_10316,i_07370,i_24980,i_14604,i_01523,i_01937,i_02786,i_08831,i_00062,i_00389
u_04341,i_10316,i_14604,i_02317,i_10057,i_04504,i_01468,i_22897,i_02136,i_01523,i_11373
u_04342,i_03678,i_02786,i_10316,i_17626,i_01523,i_21094,i_01111,i_01937,i_01468,i_01545
u_04343,i_14604,i_18333,i_01937,i_02786,i_04580,i_05394,i_10316,i_14808,i_24980,i_07089
u_04344,i_10316,i_21094,i_14604,i_24980,i_02274,i_02786,i_01523,i_17626,i_01485,i_01468
u_04345,i_07520,i_01523,i_00011,i_02786,i_17626,i_10316,i_14604,i_01937,i_08801,i_14115
u_04346,i_10316,i_04181,i_14604,i_21094,i_04480,i_03773,i_04585,i_14115,i_27051,i_00865
u_04347,i_01480,i_24980,i_17626,i_00395,i_28982,i_07576,i_14604,i_04102,i_25535,i_17924
u_04348,i_10316,i_00311,i_02786,i_01076,i_01645,i_00303,i_01480,i_01764,i_02683,i_00362
u_04349,i_14604,i_04580,i_02786,i_11537,i_14808,i_14115,i_02229,i_03678,i_09948,i_06441
u_04350,i_00395,i_21094,i_24980,i_17626,i_00023,i_01480,i_09009,i_01486,i_31952,i_00057
u_04351,i_03397,i_15902,i_02725,i_12282,i_10972,i_11569,i_02790,i_16660,i_06533,i_03866
u_04352,i_14604,i_05267,i_02786,i_04580,i_08132,i_10316,i_24980,i_14808,i_13705,i_09182
u_04353,i_14604,i_05267,i_02415,i_02827,i_18681,i_08713,i_01430,i_31921,i_10316,i_02786
u_04354,i_28982,i_00075,i_01480,i_17924,i_24980,i_04102,i_00311,i_31903,i_00922,i_10518
u_04355,i_17626,i_01044,i_05653,i_00428,i_14604,i_00377,i_03590,i_17389,i_14115,i_02079
u_04356,i_17626,i_11373,i_01111,i_13806,i_24980,i_06228,i_00523,i_12430,i_03866,i_02725
u_04357,i_08052,i_11483,i_01523,i_04181,i_02786,i_07520,i_02415,i_01468,i_11409,i_10316
u_04358,i_17626,i_02786,i_01523,i_10316,i_14604,i_24980,i_05267,i_01937,i_03151,i_11373
u_04359,i_08895,i_05664,i_06228,i_10316,i_08193,i_10781,i_10995,i_02276,i_02359,i_23257
u_04360,i_01937,i_14604,i_11047,i_02827,i_05439,i_10316,i_11910,i_09345,i_08132,i_14808
u_04361,i_01523,i_01111,i_10316,i_17626,i_02786,i_24980,i_11373,i_03262,i_01937,i_01468
u_04362,i_05267,i_10316,i_00062,i_12072,i_03678,i_01523,i_01810,i_12061,i_01111,i_07370
u_04363,i_10316,i_01468,i_01937,i_00122,i_14604,i_11373,i_02786,i_02105,i_32048,i_01545
u_04364,i_07752,i_09137,i_02827,i_05394,i_01810,i_02317,i_05472,i_01111,i_05267,i_01135
u_04365,i_01480,i_14604,i_01523,i_01937,i_06228,i_05267,i_08132,i_03773,i_10518,i_11373
u_04366,i_02596,i_02380,i_02274,i_05472,i_01523,i_12072,i_02786,i_02209,i_11047,i_22939
u_04367,i_24980,i_04102,i_00204,i_00155,i_17924,i_05188,i_09275,i_31903,i_09077,i_11909
u_04368,i_24980,i_10316,i_21094,i_14604,i_17626,i_11373,i_07576,i_14984,i_02334,i_28982
u_04369,i_01480,i_02334,i_01937,i_03151,i_00011,i_28278,i_01798,i_25690,i_21094,i_13651
u_04370,i_06228,i_11369,i_10316,i_24980,i_01480,i_01097,i_00122,i_03302,i_07587,i_02316
u_04371,i_10316,i_22342,i_01523,i_00506,i_00075,i_31946,i_01486,i_01827,i_00362,i_05267
u_04372,i_01937,i_00468,i_05267,i_01480,i_14604,i_00062,i_00011,i_21094,i_01798,i_08713
u_04373,i_02786,i_01937,i_05267,i_14115,i_03678,i_00062,i_14808,i_11365,i_10316,i_05976
u_04374,i_04480,i_10316,i_17626,i_02786,i_00122,i_01468,i_03319,i_01111,i_17108,i_02111
u_04375,i_14604,i_31903,i_04578,i_05267,i_18681,i_05786,i_32129,i_02300,i_01937,i_11373
u_04376,i_10316,i_01746,i_00011,i_01468,i_17626,i_14604,i_01537,i_02786,i_17119,i_24302
u_04377,i_14983,i_01523,i_17389,i_04523,i_01937,i_02079,i_14604,i_02299,i_02417,i_03773
u_04378,i_01468,i_07263,i_17626,i_21094,i_10316,i_14604,i_24980,i_18139,i_27675,i_00091
u_04379,i_01135,i_01485,i_05267,i_02111,i_04692,i_00395,i_13690,i_01480,i_01993,i_00793
u_04380,i_02786,i_01523,i_01937,i_08713,i_02415,i_08052,i_02334,i_14604,i_17108,i_02676
u_04381,i_09313,i_17626,i_05491,i_03397,i_02786,i_32048,i_14604,i_14808,i_04478,i_04504
u_04382,i_06228,i_10316,i_08355,i_01523,i_24980,i_01937,i_03807,i_17626,i_14604,i_03866
u_04383,i_21094,i_24980,i_00122,i_01468,i_17626,i_10316,i_24302,i_01480,i_00062,i_01111
u_04384,i_06228,i_02786,i_04580,i_10316,i_14604,i_08862,i_13084,i_01545,i_00122,i_09345
u_04385,i_10316,i_01937,i_21094,i_05267,i_31921,i_00075,i_01523,i_01798,i_00470,i_00930
u_04386,i_05267,i_01480,i_10316,i_01468,i_05394,i_11910,i_01937,i_11365,i_09052,i_01998
u_04387,i_05694,i_00928,i_24980,i_10316,i_28278,i_00433,i_02136,i_01486,i_21094,i_02244
u_04388,i_10316,i_04191,i_17626,i_02319,i_00586,i_06228,i_01486,i_01746,i_02393,i_01827
u_04389,i_00948,i_00468,i_01798,i_01523,i_02596,i_01937,i_02334,i_13651,i_01486,i_05267
u_04390,i_00716,i_01988,i_02954,i_01485,i_24980,i_02080,i_17108,i_03302,i_11373,i_06951
u_04391,i_24980,i_10316,i_01523,i_01480,i_11373,i_10930,i_02786,i_01111,i_00062,i_01468
u_04392,i_01937,i_14604,i_01523,i_08052,i_02415,i_14115,i_05267,i_05394,i_00126,i_01430
u_04393,i_26081,i_18980,i_15389,i_10316,i_31921,i_01480,i_21094,i_05244,i_00724,i_09345
u_04394,i_14844,i_04419,i_00122,i_01485,i_05267,i_01111,i_01937,i_14604,i_13690,i_02843
u_04395,i_01937,i_00062,i_01523,i_13651,i_03151,i_01486,i_08132,i_03773,i_02334,i_05267
u_04396,i_01937,i_08132,i_03773,i_09052,i_04478,i_13998,i_02209,i_06228,i_05493,i_00062
u_04397,i_04730,i_11373,i_06228,i_04254,i_13761,i_01827,i_11959,i_10081,i_03907,i_03397
u_04398,i_01135,i_00389,i_01993,i_00395,i_04480,i_08081,i_02563,i_17108,i_03616,i_01111
u_04399,i_10316,i_09052,i_17626,i_14604,i_01937,i_01468,i_08132,i_01480,i_06228,i_00930
u_04400,i_10316,i_00303,i_01202,i_00311,i_00433,i_00054,i_02317,i_00304,i_17626,i_02435
u_04401,i_01937,i_02415,i_04181,i_01523,i_01468,i_02111,i_02786,i_00122,i_01485,i_17626
u_04402,i_05267,i_14604,i_17626,i_01480,i_10930,i_05439,i_11373,i_03866,i_01998,i_00377
u_04403,i_01111,i_02317,i_09182,i_08132,i_01523,i_24980,i_00377,i_10120,i_05394,i_14221
u_04404,i_14604,i_04580,i_01111,i_10316,i_05394,i_05267,i_03773,i_08052,i_17626,i_23257
u_04405,i_29639,i_24980,i_00122,i_02100,i_02388,i_02228,i_01476,i_00057,i_02703,i_29117
u_04406,i_01746,i_01468,i_10316,i_01764,i_14604,i_28278,i_11373,i_02786,i_05493,i_00122
u_04407,i_06228,i_24980,i_02276,i_05354,i_10781,i_11386,i_11107,i_04191,i_29164,i_02136
u_04408,i_02382,i_02321,i_11373,i_02631,i_02228,i_03355,i_07050,i_03616,i_12430,i_03495
u_04409,i_17626,i_24980,i_31950,i_11910,i_31952,i_31921,i_24302,i_28982,i_02663,i_00395
u_04410,i_04578,i_01480,i_14604,i_03773,i_06228,i_10316,i_01937,i_14115,i_03678,i_03151
u_04411,i_10316,i_17626,i_24980,i_02683,i_00311,i_31741,i_00077,i_21033,i_27675,i_02105
u_04412,i_14604,i_05439,i_01937,i_24980,i_01468,i_05394,i_01480,i_01111,i_11910,i_17626
u_04413,i_17626,i_03590,i_24980,i_04480,i_10316,i_06228,i_07370,i_01937,i_02954,i_11373
u_04414,i_02786,i_09345,i_17108,i_08052,i_00037,i_02827,i_01849,i_02136,i_01523,i_05472
u_04415,i_14604,i_06223,i_01523,i_01480,i_01111,i_11055,i_10316,i_11910,i_18333,i_01486
u_04416,i_14604,i_18217,i_01937,i_24980,i_14115,i_17108,i_12407,i_10316,i_03773,i_11548
u_04417,i_14604,i_01479,i_03590,i_17626,i_02786,i_14221,i_01468,i_10120,i_06228,i_04480
u_04418,i_03773,i_01523,i_01111,i_18217,i_11910,i_11373,i_10316,i_05267,i_08132,i_14115
u_04419,i_01937,i_02079,i_02786,i_10316,i_14115,i_01468,i_00062,i_02596,i_14604,i_02380
u_04420,i_14115,i_06228,i_11841,i_04580,i_21094,i_08132,i_09345,i_01523,i_24980,i_01480
u_04421,i_04578,i_01798,i_14604,i_00027,i_18681,i_06068,i_15802,i_08862,i_13084,i_03819
u_04422,i_11386,i_02079,i_05652,i_08862,i_15906,i_14163,i_08815,i_17253,i_02827,i_09591
u_04423,i_14604,i_01937,i_05267,i_01523,i_11910,i_08132,i_04580,i_07171,i_00791,i_05167
u_04424,i_10316,i_09052,i_01111,i_31950,i_10120,i_03773,i_21094,i_14115,i_00062,i_11373
u_04425,i_01523,i_05439,i_05267,i_01937,i_02786,i_01798,i_01111,i_05394,i_10316,i_17626
u_04426,i_11373,i_01480,i_01539,i_31952,i_03485,i_02228,i_02786,i_03397,i_00395,i_00075
u_04427,i_06071,i_10316,i_01523,i_11373,i_00122,i_14808,i_04580,i_01937,i_10409,i_14604
u_04428,i_04690,i_09345,i_15902,i_17660,i_21691,i_09932,i_08191,i_00724,i_16000,i_13084
u_04429,i_08193,i_32108,i_01135,i_11373,i_02321,i_09442,i_02382,i_02631,i_05212,i_17626
u_04430,i_24049,i_02786,i_01937,i_17626,i_14604,i_06466,i_01468,i_01523,i_00362,i_21094
u_04431,i_06228,i_06397,i_06386,i_24980,i_13499,i_16633,i_01827,i_06533,i_01545,i_05034
u_04432,i_10100,i_11047,i_11373,i_02274,i_03773,i_09948,i_10316,i_08132,i_09591,i_04692
u_04433,i_11373,i_14604,i_09345,i_24980,i_29117,i_05354,i_02725,i_06017,i_00122,i_05762
u_04434,i_10316,i_02683,i_00793,i_01746,i_01480,i_17626,i_24302,i_17119,i_28547,i_22342
u_04435,i_09383,i_04580,i_05394,i_08191,i_11145,i_10316,i_00377,i_14844,i_24980,i_05267
u_04436,i_01937,i_01523,i_02786,i_05267,i_04523,i_01468,i_00062,i_10316,i_08713,i_02827
u_04437,i_05064,i_15005,i_02269,i_12282,i_00725,i_00145,i_13103,i_05213,i_11034,i_08739
u_04438,i_01937,i_10316,i_04578,i_14604,i_18681,i_02786,i_14115,i_03151,i_01468,i_09052
u_04439,i_21094,i_02786,i_00506,i_00468,i_08713,i_24980,i_31921,i_01937,i_14604,i_00062
u_04440,i_13841,i_21249,i_06951,i_17626,i_08091,i_24980,i_04603,i_07587,i_20180,i_11408
u_04441,i_00122,i_11373,i_17626,i_05786,i_02382,i_05034,i_01111,i_09383,i_09141,i_07050
u_04442,i_14604,i_01468,i_02209,i_13841,i_01937,i_10316,i_01111,i_06228,i_03829,i_02136
u_04443,i_17924,i_21094,i_09009,i_01480,i_00428,i_08895,i_22342,i_31952,i_17626,i_24980
u_04444,i_10316,i_00155,i_14604,i_01480,i_31921,i_03773,i_01523,i_11373,i_02136,i_00506
u_04445,i_24980,i_17626,i_10518,i_10316,i_02786,i_28982,i_01523,i_00062,i_11909,i_00011
u_04446,i_03590,i_04181,i_04585,i_04692,i_02415,i_01807,i_22313,i_02359,i_01937,i_03773
u_04447,i_14604,i_01480,i_02300,i_11373,i_17626,i_01111,i_03866,i_10316,i_31952,i_04580
u_04448,i_21094,i_01937,i_25690,i_01468,i_05267,i_02786,i_01523,i_14604,i_31921,i_02136
u_04449,i_24980,i_00122,i_17626,i_14604,i_11373,i_03866,i_02382,i_02321,i_02407,i_10972
u_04450,i_01480,i_17626,i_10316,i_03829,i_03773,i_02786,i_08132,i_01111,i_01523,i_09345
u_04451,i_00462,i_01645,i_21094,i_13670,i_00122,i_01403,i_00311,i_14604,i_17924,i_03568
u_04452,i_00928,i_01480,i_24980,i_00948,i_13651,i_00011,i_14604,i_21094,i_02334,i_10316
u_04453,i_04578,i_18681,i_01937,i_02786,i_14808,i_05349,i_05267,i_04580,i_14604,i_14115
u_04454,i_11373,i_02631,i_02786,i_29117,i_14604,i_21094,i_00122,i_05786,i_02382,i_00716
u_04455,i_02882,i_03773,i_01937,i_01485,i_01523,i_21094,i_01111,i_01486,i_24980,i_00473
u_04456,i_00122,i_11910,i_01480,i_06228,i_01111,i_10316,i_24302,i_08132,i_14604,i_03773
u_04457,i_01111,i_01937,i_02786,i_02209,i_01523,i_04181,i_10316,i_31921,i_13690,i_04692
u_04458,i_24980,i_12430,i_17626,i_21094,i_29639,i_01539,i_01545,i_08518,i_01476,i_01480
u_04459,i_01480,i_17923,i_28982,i_31903,i_00365,i_25535,i_00011,i_24980,i_02786,i_14604
u_04460,i_14604,i_01937,i_05267,i_02786,i_01111,i_24980,i_05394,i_01468,i_13705,i_02334
u_04461,i_18217,i_13998,i_10120,i_03773,i_09052,i_09345,i_14808,i_02389,i_01998,i_05416
u_04462,i_08099,i_03412,i_10348,i_10349,i_05945,i_00057,i_07567,i_06228,i_06491,i_05651
u_04463,i_01480,i_06228,i_11373,i_13841,i_31952,i_01523,i_02786,i_06951,i_01468,i_16877
u_04464,i_01480,i_17626,i_11373,i_14604,i_14221,i_24980,i_10316,i_02786,i_01523,i_11910
u_04465,i_14604,i_01468,i_08191,i_11347,i_08862,i_02954,i_05786,i_14173,i_03334,i_00470
u_04466,i_01523,i_02786,i_03829,i_09934,i_01111,i_00062,i_01486,i_05472,i_01849,i_02317
u_04467,i_01480,i_32048,i_14604,i_17924,i_31952,i_02786,i_17626,i_01523,i_13084,i_10518
u_04468,i_10518,i_09275,i_28982,i_24980,i_00279,i_01202,i_02786,i_01054,i_04549,i_17924
u_04469,i_10316,i_08314,i_11047,i_12061,i_03678,i_02786,i_09345,i_05394,i_01111,i_01523
u_04470,i_05267,i_24980,i_01480,i_02786,i_01523,i_17626,i_01468,i_10316,i_03819,i_11910
u_04471,i_13651,i_00928,i_05188,i_05267,i_01523,i_14115,i_00948,i_00011,i_17626,i_10316
u_04472,i_11055,i_06223,i_14604,i_11373,i_13705,i_02786,i_30751,i_05472,i_01937,i_24980
u_04473,i_01998,i_01468,i_01937,i_02334,i_03773,i_18217,i_10120,i_11373,i_14115,i_04580
u_04474,i_14120,i_02209,i_10316,i_11373,i_00122,i_08859,i_11409,i_02563,i_03438,i_04191
u_04475,i_21094,i_00122,i_14604,i_02786,i_10316,i_24980,i_01480,i_02334,i_11373,i_00468
u_04476,i_00122,i_11373,i_06228,i_15802,i_12785,i_02541,i_04191,i_04221,i_12282,i_11386
u_04477,i_04089,i_03397,i_32048,i_14120,i_02077,i_08232,i_03198,i_06792,i_04293,i_04297
u_04478,i_01468,i_01111,i_01523,i_14604,i_02786,i_17626,i_01807,i_05267,i_00062,i_02631
u_04479,i_03678,i_24980,i_23257,i_02786,i_11373,i_01468,i_10316,i_01523,i_11910,i_01480
u_04480,i_02954,i_02786,i_05354,i_24980,i_01523,i_10316,i_11373,i_01486,i_13084,i_07370
u_04481,i_10316,i_03829,i_11373,i_08132,i_06952,i_19432,i_03773,i_14115,i_06783,i_00062
u_04482,i_05267,i_02786,i_05394,i_01937,i_10316,i_09345,i_21094,i_24980,i_01808,i_02827
u_04483,i_01111,i_11373,i_04340,i_11047,i_13705,i_21094,i_14173,i_13998,i_03678,i_02120
u_04484,i_08638,i_00938,i_08258,i_10996,i_15818,i_15802,i_02764,i_07567,i_05651,i_21286
u_04485,i_01798,i_24980,i_00791,i_00037,i_01868,i_02120,i_31903,i_28982,i_02786,i_05349
u_04486,i_10316,i_21094,i_01468,i_11373,i_14844,i_01523,i_13705,i_23257,i_00122,i_01486
u_04487,i_09052,i_10120,i_21094,i_31950,i_01111,i_03773,i_01523,i_18217,i_13998,i_08132
u_04488,i_03397,i_04413,i_11373,i_10781,i_03773,i_05407,i_09380,i_11107,i_09124,i_02720
u_04489,i_09345,i_08862,i_04578,i_08191,i_09275,i_11910,i_05167,i_10895,i_05797,i_04277
u_04490,i_24980,i_10316,i_21094,i_01468,i_08518,i_03773,i_12430,i_00062,i_01937,i_01523
u_04491,i_05472,i_10316,i_31921,i_05267,i_02380,i_14604,i_00037,i_02136,i_22342,i_05786
u_04492,i_25590,i_06951,i_02683,i_02228,i_02136,i_06228,i_07370,i_11386,i_08193,i_17660
u_04493,i_05034,i_02407,i_02631,i_12018,i_00145,i_10761,i_04679,i_02321,i_02209,i_03397
u_04494,i_01111,i_01468,i_21094,i_18217,i_05267,i_17626,i_03773,i_00122,i_08132,i_00062
u_04495,i_01468,i_10316,i_04504,i_02317,i_10120,i_08132,i_11483,i_07520,i_05267,i_02786
u_04496,i_08518,i_01097,i_16920,i_08895,i_01942,i_10995,i_02213,i_18312,i_21094,i_02755
u_04497,i_01480,i_28982,i_10316,i_04549,i_09275,i_28278,i_24980,i_17626,i_13841,i_31946
u_04498,i_10316,i_00122,i_24980,i_11373,i_17626,i_01111,i_01135,i_06228,i_01937,i_05267
u_04499,i_14604,i_21094,i_24980,i_00540,i_01439,i_05267,i_00717,i_08355,i_01998,i_00126
u_04500,i_21094,i_01111,i_03262,i_00930,i_10120,i_09345,i_14115,i_17626,i_11373,i_01523
u_04501,i_01937,i_01468,i_00122,i_04578,i_05267,i_09345,i_17119,i_10316,i_14115,i_00724
u_04502,i_01468,i_24980,i_10316,i_02786,i_14604,i_01111,i_21094,i_03304,i_00037,i_01937
u_04503,i_14221,i_02596,i_02541,i_01810,i_04221,i_07089,i_11342,i_08801,i_03818,i_02145
u_04504,i_00062,i_07520,i_05472,i_02317,i_02596,i_02786,i_14604,i_14115,i_01468,i_11483
u_04505,i_05267,i_05439,i_01111,i_14115,i_14808,i_09182,i_01998,i_04580,i_24980,i_10930
u_04506,i_01480,i_00204,i_17923,i_07576,i_09275,i_17626,i_31741,i_17924,i_21094,i_31903
u_04507,i_14604,i_10316,i_01523,i_17626,i_28982,i_02334,i_01736,i_10518,i_00011,i_01111
u_04508,i_05767,i_21094,i_11373,i_02786,i_01129,i_14604,i_00122,i_17108,i_00395,i_02731
u_04509,i_02282,i_01468,i_03807,i_10316,i_02786,i_14604,i_17626,i_01764,i_21094,i_00865
u_04510,i_14604,i_11548,i_10316,i_01480,i_09052,i_00928,i_17626,i_31902,i_24980,i_06228
u_04511,i_21094,i_10316,i_09124,i_13571,i_09591,i_11373,i_14604,i_01111,i_17626,i_01522
u_04512,i_01111,i_24980,i_11373,i_10316,i_03773,i_01937,i_21094,i_06228,i_17626,i_00062
u_04513,i_03806,i_21094,i_02741,i_10316,i_07263,i_02228,i_00395,i_00311,i_00122,i_11373
u_04514,i_01522,i_17626,i_04413,i_15677,i_02380,i_07524,i_21094,i_02317,i_02136,i_13670
u_04515,i_02680,i_02518,i_13122,i_05901,i_16877,i_08355,i_00136,i_01496,i_01286,i_32048
u_04516,i_10316,i_05103,i_02786,i_01523,i_07370,i_17626,i_01937,i_04504,i_00554,i_14604
u_04517,i_10316,i_14604,i_02786,i_00163,i_17626,i_00062,i_02380,i_05493,i_08091,i_25690
u_04518,i_24980,i_11373,i_14604,i_08544,i_07255,i_04221,i_08560,i_00122,i_08638,i_07567
u_04519,i_14604,i_01468,i_24980,i_11373,i_10316,i_31903,i_01937,i_05267,i_11910,i_02786
u_04520,i_01480,i_10518,i_04102,i_31903,i_17923,i_14604,i_01868,i_24980,i_02334,i_28982
u_04521,i_00122,i_00770,i_11373,i_03397,i_01545,i_01496,i_02563,i_09948,i_16877,i_02321
u_04522,i_24481,i_02954,i_13023,i_04033,i_02725,i_13705,i_03468,i_21691,i_02136,i_03302
u_04523,i_17108,i_09345,i_02111,i_01135,i_08476,i_02120,i_14604,i_04305,i_03909,i_02561
u_04524,i_01495,i_02388,i_24980,i_02005,i_02090,i_08881,i_00306,i_02874,i_02427,i_12373
u_04525,i_24980,i_17626,i_01480,i_04191,i_31741,i_21094,i_02786,i_05267,i_10316,i_31946
u_04526,i_01523,i_01468,i_01111,i_13690,i_02415,i_01937,i_04181,i_00062,i_10316,i_05653
u_04527,i_14604,i_01480,i_04221,i_00506,i_08091,i_17626,i_09070,i_21033,i_00211,i_31903
u_04528,i_01468,i_17626,i_11373,i_10972,i_04181,i_00540,i_03616,i_03404,i_17253,i_01111
u_04529,i_17626,i_00852,i_21094,i_01486,i_00575,i_05103,i_02105,i_00470,i_02435,i_00506
u_04530,i_07676,i_14604,i_04978,i_00755,i_05927,i_04580,i_00037,i_13489,i_09345,i_05786
u_04531,i_21849,i_26649,i_02079,i_16000,i_01849,i_10895,i_26940,i_17626,i_23257,i_05394
u_04532,i_01937,i_10316,i_05267,i_01523,i_25535,i_01849,i_02334,i_01468,i_31921,i_05103
u_04533,i_14604,i_00122,i_12562,i_24980,i_01998,i_14115,i_01937,i_11365,i_13084,i_04580
u_04534,i_01937,i_05267,i_02786,i_08713,i_14808,i_02415,i_01523,i_03829,i_14604,i_17626
u_04535,i_14604,i_01468,i_05267,i_02786,i_01998,i_21094,i_31903,i_10761,i_11910,i_17108
u_04536,i_14604,i_02334,i_01480,i_01468,i_24980,i_00122,i_10316,i_21094,i_31921,i_05267
u_04537,i_00122,i_01111,i_09345,i_10316,i_17626,i_11342,i_00062,i_01468,i_32048,i_01523
u_04538,i_01937,i_05267,i_00062,i_01468,i_08713,i_07520,i_21094,i_01798,i_10316,i_04578
u_04539,i_00122,i_01135,i_11373,i_02634,i_09345,i_02786,i_02764,i_12282,i_07567,i_10316
u_04540,i_02786,i_01523,i_14115,i_10316,i_01111,i_11047,i_05472,i_02317,i_11569,i_22939
u_04541,i_02786,i_01523,i_05472,i_01937,i_05797,i_00062,i_01468,i_02282,i_01923,i_14604
u_04542,i_00523,i_01485,i_00057,i_21094,i_00023,i_00428,i_00126,i_03773,i_02209,i_17108
u_04543,i_14120,i_03397,i_11047,i_17660,i_13423,i_01485,i_11107,i_10133,i_09436,i_11386
u_04544,i_01937,i_01523,i_14604,i_17626,i_00586,i_02786,i_10120,i_05267,i_14115,i_03773
u_04545,i_04418,i_10316,i_01523,i_14604,i_02786,i_24980,i_06228,i_18139,i_02317,i_03773
u_04546,i_10316,i_01468,i_04580,i_11910,i_01937,i_17626,i_01523,i_08132,i_05267,i_11373
u_04547,i_02786,i_01937,i_17626,i_32129,i_06450,i_04580,i_05394,i_10761,i_21094,i_05718
u_04548,i_00122,i_01808,i_04692,i_00057,i_03866,i_04171,i_10930,i_32048,i_05267,i_14808
u_04549,i_06228,i_15802,i_07597,i_17660,i_15005,i_11373,i_12282,i_01545,i_17626,i_08191
u_04550,i_11373,i_02725,i_02313,i_17626,i_02563,i_10316,i_01539,i_03302,i_02276,i_01496
u_04551,i_03866,i_12430,i_00716,i_02120,i_00724,i_05786,i_02228,i_04033,i_07676,i_00791
u_04552,i_02786,i_14115,i_05797,i_14808,i_05267,i_04578,i_08396,i_01937,i_08132,i_05394
u_04553,i_24980,i_11373,i_11910,i_05354,i_05786,i_02725,i_02276,i_01468,i_17626,i_12430
u_04554,i_10995,i_10316,i_03866,i_00037,i_03397,i_02317,i_00724,i_02276,i_02393,i_02954
u_04555,i_02393,i_10316,i_02317,i_02213,i_01486,i_21094,i_00433,i_05103,i_05710,i_02435
u_04556,i_02786,i_21094,i_31903,i_01224,i_07520,i_25690,i_10316,i_02334,i_00062,i_01937
u_04557,i_24980,i_01937,i_17626,i_10316,i_04191,i_06228,i_01111,i_02393,i_11373,i_02317
u_04558,i_01468,i_10316,i_02209,i_05431,i_02079,i_01135,i_00122,i_02136,i_00428,i_10133
u_04559,i_09591,i_04602,i_10353,i_21094,i_08091,i_07587,i_05677,i_19432,i_09070,i_10316
u_04560,i_01746,i_01480,i_00470,i_24980,i_02786,i_01741,i_00122,i_14604,i_10316,i_31921
u_04561,i_05797,i_10316,i_02786,i_01485,i_02380,i_00073,i_01523,i_05267,i_04692,i_01135
u_04562,i_01468,i_17119,i_14604,i_00122,i_02786,i_21094,i_04181,i_01937,i_24980,i_01111
u_04563,i_11910,i_14115,i_10930,i_14808,i_04580,i_10316,i_04578,i_05394,i_01480,i_01111
u_04564,i_01468,i_24980,i_01937,i_10316,i_21094,i_01480,i_05267,i_09345,i_17108,i_11910
u_04565,i_08193,i_08173,i_05212,i_17626,i_02090,i_02279,i_09591,i_12901,i_01097,i_32108
u_04566,i_01480,i_21094,i_02786,i_00122,i_01468,i_01937,i_05267,i_02334,i_01539,i_09345
u_04567,i_05786,i_06533,i_14604,i_01523,i_02209,i_22738,i_08355,i_00724,i_01451,i_03866
u_04568,i_10316,i_17626,i_01468,i_14604,i_01111,i_02786,i_00389,i_01135,i_21094,i_01486
u_04569,i_09345,i_01111,i_05267,i_03590,i_01523,i_02136,i_01135,i_01827,i_00389,i_12072
u_04570,i_02228,i_01496,i_03567,i_02382,i_12430,i_01135,i_01827,i_32108,i_22342,i_01476
u_04571,i_20190,i_03467,i_19469,i_13253,i_13111,i_10081,i_11386,i_05034,i_05354,i_24775
u_04572,i_11373,i_00776,i_10120,i_10316,i_05354,i_02786,i_06228,i_12430,i_17924,i_01480
u_04573,i_14604,i_01937,i_05267,i_14808,i_01523,i_02827,i_05394,i_01430,i_10316,i_17108
u_04574,i_02154,i_07524,i_05407,i_13122,i_01993,i_06863,i_03803,i_04602,i_14221,i_00389
u_04575,i_01937,i_05439,i_17626,i_05267,i_14808,i_01523,i_02786,i_09052,i_08132,i_10316
u_04576,i_02786,i_10316,i_01523,i_01937,i_02415,i_14604,i_02827,i_01430,i_07520,i_04578
u_04577,i_08881,i_01827,i_00716,i_00428,i_17670,i_08895,i_32048,i_02313,i_12901,i_01496
u_04578,i_02317,i_01468,i_02209,i_03829,i_01993,i_02720,i_02334,i_09436,i_06534,i_02827
u_04579,i_01480,i_29639,i_01158,i_00485,i_01129,i_17626,i_17924,i_06883,i_21094,i_14604
u_04580,i_04585,i_21094,i_05901,i_05212,i_08193,i_00389,i_02105,i_02380,i_31741,i_18031
u_04581,i_18080,i_05267,i_01111,i_02596,i_05653,i_14808,i_20962,i_15906,i_01202,i_02297
u_04582,i_01480,i_01746,i_21094,i_14221,i_01468,i_03590,i_27051,i_24980,i_14604,i_02209
u_04583,i_02786,i_14604,i_01937,i_10316,i_01523,i_01111,i_16499,i_00038,i_01135,i_00062
u_04584,i_14604,i_17626,i_01937,i_01523,i_01468,i_10316,i_02274,i_11373,i_05267,i_06866
u_04585,i_01111,i_01135,i_21094,i_10316,i_02786,i_31952,i_32108,i_14604,i_02382,i_11373
u_04586,i_10316,i_01468,i_01111,i_01523,i_10057,i_24980,i_17626,i_00776,i_06228,i_02786
u_04587,i_10316,i_01111,i_24980,i_17626,i_14604,i_00122,i_03773,i_01523,i_21094,i_05267
u_04588,i_26940,i_10316,i_09383,i_03302,i_14604,i_24980,i_02382,i_01998,i_05267,i_21094
u_04589,i_05899,i_04093,i_07567,i_24980,i_13291,i_08539,i_03302,i_00075,i_02228,i_08895
u_04590,i_01937,i_05267,i_10316,i_01523,i_05394,i_04578,i_05167,i_14115,i_11373,i_02786
u_04591,i_21094,i_29639,i_31952,i_27675,i_14604,i_04191,i_10316,i_08518,i_31741,i_02136
u_04592,i_01523,i_01937,i_17626,i_02786,i_09345,i_13084,i_05786,i_02317,i_02541,i_02313
u_04593,i_17626,i_22342,i_21033,i_00037,i_01111,i_02317,i_31952,i_31921,i_00586,i_05493
u_04594,i_24980,i_28982,i_10316,i_10518,i_11373,i_09275,i_11910,i_11909,i_10995,i_14604
u_04595,i_09052,i_02786,i_06952,i_14604,i_09124,i_14173,i_00062,i_05267,i_14651,i_08132
u_04596,i_14604,i_03866,i_08895,i_04580,i_24980,i_21094,i_00122,i_29117,i_02725,i_06068
u_04597,i_02786,i_04191,i_31988,i_01054,i_00311,i_01541,i_01480,i_00054,i_00122,i_31741
u_04598,i_07524,i_04377,i_10316,i_17626,i_07370,i_01937,i_02317,i_02136,i_24980,i_04413
u_04599,i_14604,i_10316,i_21094,i_17626,i_01468,i_05767,i_24980,i_00540,i_00122,i_31952
u_04600,i_05267,i_01523,i_01937,i_02786,i_14604,i_01798,i_00062,i_26936,i_00027,i_05394
u_04601,i_03678,i_01545,i_02720,i_02136,i_19866,i_02080,i_15877,i_05797,i_31921,i_04277
u_04602,i_00122,i_02382,i_01807,i_00761,i_01111,i_05267,i_02321,i_00716,i_12430,i_08895
u_04603,i_05418,i_29117,i_03567,i_05178,i_04584,i_02413,i_16877,i_02090,i_08596,i_09303
u_04604,i_01111,i_32129,i_03773,i_06068,i_21012,i_02380,i_32112,i_01849,i_05267,i_05786
u_04605,i_10316,i_14604,i_00062,i_14115,i_24980,i_01937,i_21094,i_01111,i_09052,i_08132
u_04606,i_10316,i_11373,i_17660,i_06533,i_06228,i_01468,i_09173,i_13841,i_11386,i_17831
u_04607,i_10316,i_01998,i_05394,i_04580,i_07171,i_01111,i_11910,i_01736,i_17626,i_01480
u_04608,i_10120,i_12430,i_03773,i_01849,i_14221,i_03926,i_11569,i_32112,i_19432,i_01998
u_04609,i_02209,i_00761,i_09442,i_03590,i_04480,i_02359,i_00389,i_01993,i_02634,i_08193
u_04610,i_14604,i_19128,i_08801,i_01937,i_03678,i_08132,i_01523,i_02786,i_11487,i_02317
u_04611,i_05439,i_10316,i_09052,i_24980,i_10120,i_11910,i_08132,i_02882,i_18333,i_25535
u_04612,i_10316,i_07263,i_02136,i_14604,i_01468,i_02318,i_01523,i_00433,i_21094,i_07370
u_04613,i_02136,i_02954,i_19711,i_02720,i_10781,i_02415,i_04527,i_13690,i_02417,i_11548
u_04614,i_14604,i_02300,i_24980,i_05267,i_11373,i_17626,i_02786,i_01523,i_01111,i_04580
u_04615,i_17626,i_05267,i_01480,i_14808,i_11910,i_10316,i_03773,i_10120,i_14115,i_01523
u_04616,i_01937,i_05439,i_14604,i_02079,i_00468,i_24980,i_14115,i_17626,i_10316,i_03773
u_04617,i_14604,i_10316,i_24980,i_01111,i_28982,i_04578,i_02334,i_11910,i_02786,i_12061
u_04618,i_06228,i_13998,i_17626,i_24980,i_05354,i_09052,i_01523,i_02786,i_11910,i_08132
u_04619,i_24980,i_03773,i_11910,i_10316,i_01468,i_09052,i_07171,i_04504,i_01480,i_05267
u_04620,i_14604,i_10518,i_02786,i_25535,i_01468,i_11909,i_21094,i_17626,i_17924,i_00011
u_04621,i_31946,i_16877,i_02276,i_01496,i_24980,i_09009,i_00122,i_03567,i_22342,i_12901
u_04622,i_11537,i_02209,i_01468,i_01998,i_06534,i_12594,i_14115,i_06397,i_03865,i_07370
u_04623,i_14604,i_14115,i_05267,i_10316,i_01937,i_24980,i_09052,i_10120,i_06228,i_00122
u_04624,i_00433,i_01108,i_22342,i_00075,i_02080,i_18139,i_02297,i_02318,i_02105,i_11386
u_04625,i_10316,i_02136,i_00395,i_01479,i_06228,i_04191,i_08193,i_09124,i_17626,i_05664
u_04626,i_06228,i_11373,i_14604,i_24980,i_01111,i_01468,i_04679,i_10972,i_01523,i_00122
u_04627,i_24481,i_21691,i_21950,i_19978,i_22134,i_23033,i_17660,i_23279,i_09436,i_16309
u_04628,i_14604,i_01937,i_01523,i_05267,i_08754,i_08191,i_08801,i_11373,i_05167,i_05797
u_04629,i_17626,i_07263,i_00122,i_10120,i_08895,i_02228,i_10226,i_04730,i_04221,i_01485
u_04630,i_11373,i_14604,i_02786,i_10316,i_00122,i_01937,i_00377,i_01135,i_03866,i_02631
u_04631,i_02831,i_04022,i_11373,i_03397,i_02228,i_05927,i_14604,i_09504,i_04123,i_01884
u_04632,i_10316,i_28238,i_01486,i_00506,i_00062,i_00155,i_02593,i_00928,i_25690,i_00468
u_04633,i_24980,i_03678,i_14604,i_32040,i_17626,i_10316,i_00122,i_11373,i_01523,i_00162
u_04634,i_21094,i_00155,i_02786,i_00793,i_27030,i_03590,i_25690,i_02520,i_01833,i_05272
u_04635,i_01480,i_14604,i_07089,i_00468,i_21094,i_18333,i_29639,i_02786,i_13651,i_11055
u_04636,i_08518,i_27675,i_03262,i_00470,i_14984,i_00075,i_01480,i_21094,i_16920,i_24980
u_04637,i_00122,i_12430,i_29117,i_02631,i_01135,i_17626,i_00057,i_16877,i_01480,i_02725
u_04638,i_05267,i_04580,i_08862,i_09345,i_02317,i_10930,i_10316,i_25535,i_11910,i_03773
u_04639,i_02882,i_14221,i_03773,i_01485,i_18217,i_14115,i_24980,i_09052,i_02786,i_03678
u_04640,i_01937,i_17317,i_03397,i_05267,i_15906,i_17713,i_24980,i_17749,i_16505,i_01135
u_04641,i_01480,i_00122,i_31952,i_11373,i_02786,i_10316,i_14604,i_11910,i_10120,i_23941
u_04642,i_01480,i_24980,i_02334,i_28982,i_02786,i_17626,i_31903,i_00365,i_00122,i_25690
u_04643,i_14604,i_14808,i_09345,i_15802,i_09948,i_14173,i_05394,i_06441,i_06450,i_04221
u_04644,i_01937,i_02786,i_05439,i_02229,i_05167,i_07171,i_14604,i_01523,i_02415,i_05001
u_04645,i_01523,i_01111,i_11047,i_05472,i_02786,i_09182,i_01809,i_00073,i_05267,i_04523
u_04646,i_01746,i_07567,i_08784,i_02228,i_04221,i_15005,i_07666,i_05852,i_09591,i_07288
u_04647,i_02535,i_09592,i_11107,i_09345,i_02313,i_24980,i_11543,i_17687,i_03302,i_03397
u_04648,i_04692,i_01764,i_01111,i_10120,i_02111,i_06228,i_01849,i_14115,i_07567,i_21094
u_04649,i_14604,i_10316,i_24980,i_01468,i_01111,i_01746,i_10120,i_06228,i_02786,i_31952
u_04650,i_14604,i_10316,i_00062,i_02786,i_08193,i_01468,i_24980,i_01937,i_03829,i_21094
u_04651,i_17626,i_02786,i_09345,i_14604,i_28984,i_01523,i_14115,i_21094,i_00126,i_31921
u_04652,i_01937,i_05267,i_02786,i_05394,i_24980,i_01523,i_14604,i_00468,i_08801,i_00037
u_04653,i_02235,i_05493,i_08091,i_04603,i_10120,i_01523,i_09976,i_02786,i_17626,i_02136
u_04654,i_00122,i_21094,i_02235,i_00585,i_10316,i_00395,i_00075,i_22342,i_01135,i_31921
u_04655,i_08518,i_08895,i_24980,i_06228,i_17626,i_00506,i_25590,i_16877,i_27675,i_03567
u_04656,i_24980,i_00122,i_05354,i_02725,i_01206,i_01539,i_01827,i_03397,i_01135,i_32048
u_04657,i_12101,i_01485,i_02111,i_01135,i_10316,i_13690,i_17108,i_10209,i_03368,i_27051
u_04658,i_00765,i_00428,i_12901,i_01774,i_08881,i_00057,i_01286,i_08895,i_02235,i_02382
u_04659,i_10316,i_17626,i_11909,i_02786,i_11910,i_00122,i_03302,i_12430,i_11373,i_01468
u_04660,i_24980,i_00303,i_02683,i_01468,i_04191,i_14604,i_10316,i_00311,i_14808,i_00389
u_04661,i_14604,i_01480,i_11910,i_17626,i_07089,i_04580,i_01937,i_10316,i_05267,i_31902
u_04662,i_14115,i_01937,i_10316,i_02596,i_00062,i_05493,i_04578,i_14604,i_07520,i_05267
u_04663,i_06228,i_10316,i_01937,i_02786,i_01523,i_21094,i_24980,i_03773,i_14115,i_31921
u_04664,i_14604,i_24980,i_09345,i_00122,i_00060,i_08539,i_13084,i_25535,i_02631,i_02209
u_04665,i_11373,i_21094,i_02786,i_10316,i_04171,i_02154,i_14604,i_00776,i_00395,i_10120
u_04666,i_02100,i_01849,i_17660,i_04186,i_10316,i_03829,i_02317,i_02209,i_01523,i_04692
u_04667,i_05267,i_17626,i_01480,i_21094,i_01937,i_10316,i_00037,i_02786,i_11910,i_00724
u_04668,i_01468,i_28278,i_21094,i_00122,i_02280,i_00506,i_17626,i_10316,i_02786,i_00922
u_04669,i_14604,i_17626,i_10316,i_04692,i_06228,i_06882,i_08132,i_03773,i_00122,i_01523
u_04670,i_02786,i_14115,i_01937,i_14808,i_14604,i_10316,i_02596,i_04578,i_08132,i_08801
u_04671,i_01937,i_11910,i_05267,i_08132,i_01468,i_03773,i_01430,i_14808,i_01480,i_01523
u_04672,i_01111,i_01479,i_25690,i_17626,i_05103,i_14984,i_09934,i_09461,i_01485,i_09442
u_04673,i_10316,i_02786,i_24980,i_01111,i_02317,i_02111,i_04418,i_05472,i_17626,i_06228
u_04674,i_01937,i_05267,i_07520,i_01468,i_14604,i_14115,i_01523,i_01486,i_02317,i_01111
u_04675,i_06228,i_18032,i_02720,i_17660,i_05354,i_14173,i_11386,i_12785,i_13499,i_11107
u_04676,i_02676,i_00922,i_00011,i_00470,i_17626,i_02786,i_00506,i_14604,i_02299,i_18031
u_04677,i_01480,i_31903,i_17924,i_17923,i_00468,i_14604,i_02334,i_09077,i_04102,i_22738
u_04678,i_14604,i_31903,i_17626,i_00468,i_10316,i_01523,i_05188,i_02786,i_00365,i_28982
u_04679,i_01523,i_02786,i_14604,i_01937,i_01468,i_24980,i_17626,i_05267,i_01111,i_09052
u_04680,i_09137,i_04089,i_08428,i_06228,i_12365,i_06679,i_10333,i_08232,i_04584,i_04644
u_04681,i_01111,i_01485,i_03773,i_01523,i_07567,i_13690,i_00755,i_05267,i_01937,i_11910
u_04682,i_01206,i_00057,i_00922,i_00724,i_08518,i_31921,i_12901,i_29164,i_08881,i_21094
u_04683,i_01480,i_31952,i_11909,i_11910,i_10316,i_03829,i_00724,i_31921,i_02334,i_09345
u_04684,i_00428,i_09345,i_14604,i_03866,i_00395,i_00776,i_02273,i_00389,i_09009,i_21094
u_04685,i_10316,i_00776,i_03262,i_01523,i_11373,i_05354,i_00122,i_01111,i_02786,i_14604
u_04686,i_00523,i_01111,i_13674,i_08895,i_00232,i_01998,i_03773,i_10120,i_02335,i_00225
u_04687,i_02786,i_01937,i_21094,i_01486,i_00470,i_04504,i_00506,i_00126,i_14604,i_00155
u_04688,i_24980,i_02382,i_11373,i_00122,i_12430,i_03397,i_13423,i_02631,i_02563,i_02321
u_04689,i_01468,i_14221,i_10316,i_17626,i_01523,i_21094,i_03773,i_10353,i_02274,i_14115
u_04690,i_01468,i_00062,i_00776,i_24980,i_17626,i_14604,i_21094,i_06228,i_10316,i_05267
u_04691,i_11618,i_06907,i_11032,i_12033,i_04191,i_11107,i_17660,i_16010,i_12320,i_11386
u_04692,i_14604,i_01523,i_17626,i_05416,i_24980,i_10120,i_11047,i_01468,i_02786,i_01937
u_04693,i_14604,i_09052,i_10316,i_13998,i_03773,i_14115,i_08132,i_02882,i_01523,i_24980
u_04694,i_09345,i_08638,i_17626,i_05267,i_14604,i_24980,i_01937,i_10316,i_11373,i_21849
u_04695,i_01111,i_02111,i_08713,i_00062,i_24980,i_14604,i_01480,i_04181,i_04398,i_01849
u_04696,i_05213,i_14221,i_02786,i_05493,i_00586,i_09385,i_18215,i_05472,i_10509,i_17108
u_04697,i_14115,i_02136,i_19405,i_08801,i_00037,i_11373,i_10316,i_05394,i_08862,i_01523
u_04698,i_03773,i_31921,i_08713,i_02299,i_00126,i_01798,i_01808,i_01849,i_02596,i_00062
u_04699,i_05267,i_01937,i_08132,i_11910,i_14115,i_09383,i_14808,i_05394,i_24980,i_10316
u_04700,i_17626,i_11373,i_01135,i_02321,i_02631,i_03404,i_02407,i_14604,i_24980,i_05267
u_04701,i_01468,i_00249,i_02603,i_14604,i_10316,i_27051,i_00793,i_01537,i_15615,i_32112
u_04702,i_13084,i_00122,i_07567,i_09345,i_05956,i_02228,i_02968,i_00389,i_02541,i_02136
u_04703,i_21094,i_24980,i_31952,i_14604,i_00428,i_10316,i_03773,i_01827,i_03866,i_00075
u_04704,i_02111,i_01807,i_01485,i_04181,i_04692,i_03689,i_12101,i_13690,i_05267,i_02417
u_04705,i_21094,i_01480,i_14604,i_03773,i_00062,i_01998,i_19432,i_01523,i_14115,i_20180
u_04706,i_10120,i_06533,i_01849,i_02136,i_02079,i_03773,i_11373,i_08091,i_14604,i_21249
u_04707,i_14221,i_08132,i_31950,i_03773,i_00062,i_04478,i_11910,i_04692,i_14115,i_02274
u_04708,i_19405,i_17626,i_21094,i_06228,i_11373,i_10316,i_03773,i_24980,i_02276,i_17660
u_04709,i_01480,i_10518,i_32048,i_01496,i_03085,i_01468,i_16877,i_21094,i_11373,i_14604
u_04710,i_17626,i_21309,i_00122,i_02786,i_10316,i_11373,i_14604,i_28982,i_14686,i_10120
u_04711,i_24980,i_21094,i_00724,i_14604,i_10316,i_31952,i_01480,i_00310,i_31741,i_00122
u_04712,i_04191,i_02319,i_02317,i_00122,i_14604,i_02786,i_01545,i_06228,i_17626,i_01202
u_04713,i_05394,i_05439,i_05267,i_02827,i_04578,i_08801,i_11365,i_02596,i_03819,i_08754
u_04714,i_11373,i_21094,i_01480,i_01111,i_11910,i_00062,i_01937,i_09345,i_10316,i_14808
u_04715,i_14604,i_02786,i_05439,i_14808,i_00377,i_05786,i_01952,i_00122,i_05394,i_07171
u_04716,i_10057,i_15005,i_10972,i_11373,i_02827,i_02631,i_05786,i_01937,i_06383,i_00037
u_04717,i_01523,i_01468,i_10316,i_01937,i_17626,i_14115,i_05439,i_24980,i_08132,i_02235
u_04718,i_01468,i_31921,i_01937,i_24980,i_05267,i_02282,i_00122,i_02786,i_01111,i_02334
u_04719,i_10316,i_24980,i_14604,i_04580,i_03773,i_00122,i_14808,i_00023,i_14173,i_09052
u_04720,i_00037,i_01468,i_03866,i_00724,i_14173,i_01937,i_00433,i_13423,i_03397,i_32048
u_04721,i_01937,i_04033,i_01097,i_32048,i_01111,i_02136,i_10781,i_02080,i_04191,i_02317
u_04722,i_05267,i_01937,i_24980,i_01430,i_11910,i_14808,i_02827,i_17626,i_04580,i_01998
u_04723,i_05416,i_24019,i_02882,i_09461,i_14984,i_09934,i_01480,i_01849,i_24980,i_17626
u_04724,i_05267,i_11365,i_00011,i_00948,i_21094,i_01468,i_07520,i_14604,i_01798,i_24980
u_04725,i_18139,i_01937,i_01486,i_02136,i_14604,i_18031,i_02317,i_00122,i_00433,i_01523
u_04726,i_16033,i_12969,i_08063,i_07666,i_10120,i_32005,i_21849,i_01937,i_19432,i_08499
u_04727,i_00928,i_00468,i_14604,i_00037,i_24980,i_13651,i_01480,i_01430,i_18681,i_00315
u_04728,i_15615,i_15708,i_02786,i_00122,i_02111,i_01468,i_17108,i_32021,i_01135,i_01519
u_04729,i_02334,i_17924,i_01937,i_22342,i_01545,i_14604,i_28982,i_08713,i_21094,i_05187
u_04730,i_24980,i_10518,i_28982,i_14604,i_31946,i_31952,i_02786,i_01486,i_00928,i_08518
u_04731,i_31921,i_02235,i_00724,i_31952,i_24302,i_21094,i_00389,i_02313,i_01486,i_03773
u_04732,i_31741,i_22342,i_03678,i_14604,i_00433,i_24980,i_02954,i_10316,i_02297,i_17626
u_04733,i_10995,i_21094,i_24980,i_10316,i_29164,i_02563,i_11373,i_17626,i_05354,i_00122
u_04734,i_08193,i_01993,i_02154,i_00389,i_04171,i_01468,i_04585,i_24980,i_02359,i_03319
u_04735,i_10316,i_01480,i_02786,i_17626,i_14808,i_11373,i_31921,i_01998,i_00062,i_11910
u_04736,i_14604,i_14115,i_03773,i_05267,i_07171,i_21094,i_10930,i_05439,i_10120,i_02229
u_04737,i_21094,i_16877,i_08881,i_00922,i_02382,i_14604,i_00057,i_06241,i_01476,i_11373
u_04738,i_17626,i_11373,i_14604,i_02786,i_01836,i_00122,i_06883,i_29639,i_00485,i_01129
u_04739,i_02720,i_11386,i_04692,i_11107,i_14074,i_13775,i_15902,i_04585,i_01937,i_32048
u_04740,i_24980,i_14604,i_02111,i_03829,i_10316,i_08713,i_01937,i_03590,i_01135,i_01111
u_04741,i_17626,i_14604,i_02136,i_08132,i_11373,i_07263,i_00395,i_00122,i_03773,i_09948
u_04742,i_01111,i_01523,i_17626,i_01468,i_02111,i_01798,i_17924,i_05267,i_03773,i_01808
u_04743,i_01937,i_01523,i_21094,i_14115,i_10120,i_01798,i_09052,i_05267,i_00470,i_01468
u_04744,i_10316,i_01523,i_06228,i_09052,i_11373,i_14984,i_01937,i_00776,i_03773,i_05267
u_04745,i_00122,i_01993,i_02755,i_02663,i_04254,i_17626,i_03616,i_09442,i_02321,i_02725
u_04746,i_21094,i_04191,i_10316,i_06228,i_14604,i_14808,i_02786,i_04413,i_02235,i_06800
u_04747,i_14604,i_10316,i_01523,i_24980,i_02786,i_00122,i_01849,i_01111,i_01468,i_21094
u_04748,i_14604,i_24980,i_13705,i_00122,i_10316,i_07089,i_17626,i_06228,i_01111,i_13084
u_04749,i_14604,i_10518,i_11910,i_06223,i_00204,i_11909,i_01523,i_00377,i_01111,i_05354
u_04750,i_11879,i_13835,i_14149,i_04690,i_19943,i_19916,i_18921,i_11923,i_20520,i_17764
u_04751,i_00724,i_31952,i_32040,i_14604,i_02282,i_02334,i_17924,i_01111,i_01937,i_10316
u_04752,i_24980,i_21094,i_10316,i_04504,i_06241,i_01827,i_11373,i_17904,i_04480,i_13705
u_04753,i_11373,i_02786,i_03865,i_10316,i_14183,i_08132,i_03773,i_13670,i_05472,i_02317
u_04754,i_09052,i_07370,i_01937,i_02317,i_14604,i_10120,i_05416,i_09124,i_08132,i_07520
u_04755,i_27051,i_17626,i_00793,i_31950,i_01202,i_02154,i_01523,i_03590,i_00395,i_01111
u_04756,i_10995,i_06228,i_10316,i_11373,i_01937,i_22342,i_24980,i_02786,i_14604,i_08132
u_04757,i_01937,i_01523,i_08713,i_17108,i_01468,i_02786,i_14604,i_11548,i_00062,i_10316
u_04758,i_14115,i_10120,i_00062,i_03773,i_01485,i_11910,i_08132,i_10316,i_05439,i_05267
u_04759,i_11924,i_02786,i_13841,i_01937,i_07926,i_24980,i_18188,i_05342,i_14815,i_14651
u_04760,i_02313,i_00122,i_06228,i_02407,i_09345,i_07567,i_10316,i_06951,i_03302,i_05354
u_04761,i_01937,i_31952,i_01868,i_00122,i_02334,i_14808,i_11910,i_03665,i_11373,i_13084
u_04762,i_11569,i_10781,i_00062,i_26936,i_01523,i_09436,i_01111,i_13690,i_14120,i_10120
u_04763,i_02786,i_10120,i_10316,i_24980,i_00037,i_14808,i_01937,i_03773,i_21849,i_25535
u_04764,i_01468,i_03773,i_13998,i_11373,i_10120,i_02786,i_09182,i_11910,i_08132,i_01937
u_04765,i_02382,i_00377,i_00122,i_01430,i_01135,i_02631,i_10930,i_00389,i_09345,i_04578
u_04766,i_10316,i_18139,i_21033,i_04480,i_09591,i_02380,i_02359,i_01468,i_00389,i_00091
u_04767,i_05103,i_02786,i_02105,i_10316,i_08713,i_04504,i_24980,i_01937,i_07370,i_14604
u_04768,i_14604,i_10316,i_31952,i_00122,i_02382,i_06228,i_01044,i_01468,i_11373,i_00306
u_04769,i_14604,i_10930,i_05267,i_01937,i_03773,i_00724,i_05394,i_01998,i_32040,i_02786
u_04770,i_10316,i_00091,i_07524,i_06241,i_04603,i_24980,i_08091,i_10353,i_06228,i_05407
u_04771,i_01480,i_31903,i_17626,i_17924,i_02334,i_05267,i_02786,i_08754,i_00377,i_28982
u_04772,i_11910,i_05267,i_31921,i_21094,i_02786,i_02334,i_02399,i_01468,i_01998,i_03773
u_04773,i_05188,i_02786,i_01937,i_05267,i_08713,i_31903,i_01468,i_01523,i_14604,i_17626
u_04774,i_10120,i_08091,i_08132,i_01468,i_01111,i_09070,i_03678,i_09052,i_04692,i_18217
u_04775,i_01480,i_14604,i_01937,i_10316,i_01111,i_24980,i_02334,i_24302,i_02111,i_01523
u_04776,i_14604,i_00122,i_01111,i_02786,i_10316,i_01468,i_01523,i_24980,i_21094,i_06228
u_04777,i_02120,i_04033,i_29600,i_29639,i_01496,i_00485,i_02090,i_01111,i_01476,i_05354
u_04778,i_02786,i_02280,i_00037,i_11047,i_02380,i_18139,i_01135,i_05267,i_02541,i_01937
u_04779,i_01480,i_24980,i_07576,i_02334,i_10518,i_11373,i_00365,i_17626,i_11910,i_05267
u_04780,i_00433,i_00011,i_00930,i_21094,i_00122,i_10316,i_01523,i_24980,i_06228,i_31950
u_04781,i_14604,i_01523,i_01468,i_02209,i_01937,i_08052,i_04181,i_02031,i_10316,i_05472
u_04782,i_01523,i_01937,i_02299,i_05267,i_02596,i_24980,i_07520,i_01111,i_14604,i_00122
u_04783,i_08881,i_06241,i_21094,i_01480,i_17670,i_32108,i_00057,i_16877,i_24980,i_02235
u_04784,i_14604,i_05267,i_01937,i_04578,i_01468,i_24980,i_00298,i_10316,i_17626,i_05573
u_04785,i_05394,i_32129,i_00129,i_01998,i_17108,i_18681,i_05267,i_05167,i_00389,i_11342
u_04786,i_12565,i_16499,i_31946,i_01746,i_31952,i_01480,i_00044,i_16977,i_01537,i_00586
u_04787,i_00122,i_24980,i_14604,i_17108,i_00586,i_01135,i_10316,i_02631,i_31952,i_02786
u_04788,i_24980,i_00122,i_17626,i_11373,i_01523,i_10316,i_02300,i_09345,i_14808,i_13084
u_04789,i_01480,i_00791,i_02786,i_24980,i_08862,i_17108,i_02334,i_08191,i_00540,i_00027
u_04790,i_01480,i_10518,i_17924,i_28547,i_10316,i_01746,i_01522,i_28278,i_01741,i_17923
u_04791,i_05267,i_02786,i_00468,i_01486,i_02596,i_24980,i_04578,i_02827,i_17626,i_01937
u_04792,i_05267,i_24980,i_02786,i_02334,i_01937,i_11910,i_00791,i_28982,i_11373,i_01998
u_04793,i_14604,i_02382,i_00122,i_11373,i_02631,i_01808,i_01798,i_11365,i_01111,i_10316
u_04794,i_12084,i_01486,i_09591,i_11373,i_06228,i_09345,i_03829,i_17626,i_10353,i_02136
u_04795,i_10316,i_24980,i_02334,i_14604,i_21094,i_25535,i_01111,i_11910,i_01937,i_01468
u_04796,i_31946,i_00506,i_00157,i_21094,i_00362,i_22342,i_00795,i_00054,i_00226,i_00462
u_04797,i_02786,i_01937,i_05267,i_01798,i_02334,i_01468,i_17924,i_00037,i_05394,i_01480
u_04798,i_14604,i_13841,i_11373,i_06228,i_07089,i_06951,i_11055,i_17626,i_24980,i_02786
u_04799,i_02786,i_10316,i_01486,i_01451,i_24980,i_02105,i_02317,i_11373,i_04504,i_03866
u_04800,i_31921,i_00162,i_00153,i_02136,i_05296,i_01486,i_18031,i_01849,i_10316,i_00506
u_04801,i_00506,i_00163,i_00162,i_00155,i_03773,i_21094,i_00724,i_18139,i_11373,i_14604
u_04802,i_12430,i_17626,i_00311,i_08518,i_24980,i_08895,i_31741,i_00122,i_17670,i_00075
u_04803,i_00122,i_02382,i_02407,i_03404,i_05653,i_03866,i_10316,i_00377,i_32108,i_00395
u_04804,i_14604,i_10316,i_02786,i_01849,i_01486,i_03151,i_02676,i_21094,i_01937,i_00724
u_04805,i_05109,i_03797,i_11386,i_09345,i_01202,i_06223,i_06228,i_11373,i_13423,i_02136
u_04806,i_24980,i_14604,i_02786,i_28982,i_09275,i_11909,i_10518,i_21094,i_17626,i_10316
u_04807,i_17626,i_14604,i_01480,i_02786,i_31946,i_21094,i_02631,i_31741,i_00362,i_09009
u_04808,i_04191,i_10316,i_02786,i_11373,i_01111,i_21094,i_14604,i_31952,i_02235,i_31741
u_04809,i_14604,i_01480,i_10316,i_02786,i_24980,i_01468,i_17924,i_21094,i_01523,i_02334
u_04810,i_14604,i_13084,i_14120,i_09659,i_11543,i_13489,i_05267,i_10761,i_13950,i_23257
u_04811,i_10316,i_14115,i_01523,i_08132,i_05267,i_21249,i_01937,i_02786,i_31950,i_11373
u_04812,i_14604,i_01111,i_01523,i_02079,i_05493,i_10120,i_24980,i_01849,i_17626,i_14115
u_04813,i_01539,i_01808,i_00122,i_01111,i_05394,i_31921,i_05267,i_02382,i_09345,i_12430
u_04814,i_01539,i_09345,i_14604,i_08862,i_11910,i_02297,i_28982,i_09595,i_01202,i_07260
u_04815,i_11373,i_10316,i_01480,i_02786,i_17626,i_21094,i_01468,i_13084,i_00062,i_01451
u_04816,i_17626,i_10316,i_03773,i_14604,i_11373,i_00122,i_04580,i_14115,i_01798,i_05394
u_04817,i_05103,i_01111,i_02786,i_01849,i_02393,i_10316,i_01523,i_01468,i_02244,i_09934
u_04818,i_10316,i_14604,i_17626,i_11373,i_01111,i_14651,i_09052,i_24980,i_01480,i_03773
u_04819,i_11373,i_02786,i_01480,i_01111,i_24980,i_01468,i_01937,i_01523,i_09345,i_14808
u_04820,i_31993,i_00428,i_17626,i_05267,i_00724,i_00037,i_24980,i_01468,i_02233,i_17389
u_04821,i_07255,i_17626,i_08116,i_00122,i_01523,i_04022,i_14604,i_10081,i_06383,i_11373
u_04822,i_08355,i_01468,i_14604,i_15489,i_11373,i_07567,i_10316,i_04027,i_14221,i_11310
u_04823,i_02136,i_07370,i_14604,i_02317,i_05103,i_02213,i_02786,i_04418,i_25690,i_02393
u_04824,i_01202,i_01097,i_03568,i_02425,i_02319,i_00075,i_18139,i_00922,i_31741,i_01942
u_04825,i_01111,i_10316,i_10120,i_01523,i_18217,i_08132,i_14651,i_11910,i_03773,i_00062
u_04826,i_21849,i_10316,i_09932,i_05267,i_10895,i_13084,i_01937,i_05652,i_09345,i_09948
u_04827,i_10518,i_29117,i_01424,i_04191,i_12430,i_14604,i_31921,i_10353,i_28547,i_17670
u_04828,i_14604,i_11055,i_02786,i_18333,i_02317,i_10316,i_01111,i_09275,i_11373,i_24980
u_04829,i_05394,i_02786,i_13850,i_09591,i_13122,i_00037,i_01937,i_11569,i_15802,i_08132
u_04830,i_31946,i_01468,i_17626,i_24980,i_02786,i_01135,i_01923,i_00037,i_21094,i_00075
u_04831,i_14604,i_19194,i_10316,i_06383,i_05677,i_10761,i_10972,i_03829,i_01937,i_08895
u_04832,i_11347,i_11373,i_17626,i_14163,i_00122,i_10316,i_01494,i_16033,i_03397,i_10081
u_04833,i_02282,i_00062,i_14604,i_02827,i_17626,i_08713,i_31921,i_02415,i_02600,i_05272
u_04834,i_01111,i_11373,i_17626,i_10316,i_24980,i_01480,i_02786,i_00523,i_01468,i_01937
u_04835,i_05267,i_14808,i_01937,i_01479,i_14604,i_10930,i_09948,i_18217,i_04181,i_05191
u_04836,i_14808,i_14115,i_10316,i_01937,i_02229,i_03829,i_07171,i_08132,i_24980,i_02317
u_04837,i_02297,i_02317,i_03829,i_02100,i_00311,i_01097,i_04191,i_00433,i_17626,i_00795
u_04838,i_12974,i_08191,i_07567,i_09418,i_32129,i_15802,i_13883,i_08539,i_02229,i_17662
u_04839,i_00238,i_03866,i_02334,i_01451,i_01135,i_01468,i_11373,i_02276,i_03829,i_05762
u_04840,i_03773,i_17924,i_10316,i_24980,i_03151,i_01451,i_00506,i_31950,i_21094,i_14604
u_04841,i_07370,i_00389,i_09442,i_15005,i_02154,i_04186,i_02276,i_15630,i_10316,i_12141
u_04842,i_00306,i_10316,i_01486,i_01827,i_24980,i_02080,i_00037,i_02105,i_01764,i_00724
u_04843,i_02786,i_01937,i_00062,i_05267,i_08754,i_14115,i_17626,i_14808,i_07520,i_01798
u_04844,i_07089,i_14604,i_05103,i_14984,i_18333,i_02393,i_09934,i_02381,i_06951,i_05416
u_04845,i_02786,i_05267,i_01468,i_03829,i_07520,i_01523,i_01485,i_08052,i_05493,i_10316
u_04846,i_05797,i_02596,i_02380,i_05267,i_01523,i_02786,i_02541,i_04523,i_04513,i_01485
u_04847,i_02228,i_01424,i_02313,i_03302,i_00057,i_00122,i_16877,i_02382,i_08895,i_01827
u_04848,i_03590,i_09124,i_08713,i_04181,i_21094,i_03829,i_11483,i_06228,i_02274,i_10316
u_04849,i_07061,i_00226,i_24980,i_02393,i_17626,i_14604,i_01486,i_21094,i_00554,i_04504
u_04850,i_31921,i_00311,i_14604,i_02105,i_02676,i_21094,i_25690,i_05272,i_01486,i_01468
u_04851,i_10120,i_17626,i_01937,i_14115,i_05416,i_10316,i_11910,i_04692,i_11373,i_02079
u_04852,i_14604,i_31952,i_12430,i_00122,i_24980,i_11373,i_01480,i_17924,i_28982,i_01468
u_04853,i_01480,i_21094,i_14604,i_10316,i_17626,i_01808,i_00062,i_00377,i_01937,i_07520
u_04854,i_10316,i_02786,i_05267,i_05439,i_14115,i_14221,i_18217,i_09052,i_11483,i_05694
u_04855,i_14604,i_02786,i_17626,i_01523,i_03773,i_00122,i_31921,i_01468,i_10316,i_11373
u_04856,i_00506,i_08895,i_00122,i_31921,i_16877,i_01827,i_24980,i_00716,i_04033,i_00057
u_04857,i_10316,i_14604,i_01468,i_24980,i_17626,i_11373,i_08132,i_02235,i_06228,i_01480
u_04858,i_14808,i_10316,i_05394,i_08132,i_05267,i_07171,i_14115,i_02229,i_11910,i_11373
u_04859,i_03869,i_01111,i_14984,i_11373,i_17626,i_01523,i_02317,i_10316,i_00716,i_01486
u_04860,i_01468,i_01937,i_17626,i_05267,i_01480,i_24980,i_01798,i_07520,i_02786,i_00473
u_04861,i_06228,i_03262,i_13841,i_10316,i_05493,i_04191,i_03568,i_00062,i_03085,i_02406
u_04862,i_03568,i_08518,i_02425,i_01202,i_10316,i_00506,i_00075,i_28278,i_02786,i_01827
u_04863,i_01111,i_14604,i_05267,i_11373,i_10316,i_00755,i_01937,i_04580,i_00791,i_00377
u_04864,i_02786,i_21094,i_17626,i_14604,i_05267,i_01523,i_04277,i_32040,i_01468,i_01849
u_04865,i_13841,i_00776,i_03085,i_04191,i_02297,i_02720,i_06952,i_01827,i_02425,i_10316
u_04866,i_11355,i_01764,i_10316,i_28547,i_28880,i_04602,i_01108,i_05775,i_11369,i_02683
u_04867,i_21094,i_24980,i_31952,i_17626,i_00311,i_00795,i_22738,i_00362,i_17924,i_00922
u_04868,i_02317,i_01111,i_02136,i_14604,i_01486,i_01468,i_21033,i_01937,i_21094,i_10316
u_04869,i_14604,i_02786,i_01480,i_01937,i_17626,i_05267,i_31903,i_28984,i_12579,i_17924
u_04870,i_01468,i_01111,i_10316,i_01523,i_01485,i_31950,i_01937,i_08132,i_11373,i_01998
u_04871,i_10316,i_11373,i_01111,i_14604,i_08258,i_08091,i_07567,i_00122,i_22265,i_24980
u_04872,i_00122,i_14604,i_17626,i_21094,i_01468,i_01480,i_25535,i_03773,i_17924,i_31952
u_04873,i_02786,i_17626,i_10316,i_03773,i_01523,i_14604,i_00724,i_10120,i_14115,i_07520
u_04874,i_15669,i_00306,i_01490,i_10226,i_02196,i_05677,i_08560,i_01827,i_02228,i_02276
u_04875,i_00062,i_02274,i_00122,i_03829,i_21094,i_08518,i_01523,i_00037,i_16877,i_00539
u_04876,i_18333,i_17626,i_24980,i_01468,i_02786,i_14604,i_02631,i_00122,i_10316,i_02317
u_04877,i_01485,i_01476,i_13690,i_10781,i_09345,i_05267,i_01496,i_01827,i_10316,i_13023
u_04878,i_13376,i_11919,i_10761,i_07912,i_24472,i_10972,i_16487,i_09144,i_00145,i_15537
u_04879,i_11373,i_01480,i_24980,i_17626,i_02786,i_09345,i_10316,i_01523,i_01111,i_01998
u_04880,i_11342,i_04580,i_01810,i_00791,i_05349,i_01937,i_00126,i_01480,i_04191,i_10930
u_04881,i_24980,i_01923,i_17626,i_22342,i_31921,i_02120,i_01480,i_09345,i_05797,i_02380
u_04882,i_02600,i_01912,i_02786,i_08713,i_07520,i_21094,i_05272,i_00011,i_01468,i_01486
u_04883,i_01937,i_08713,i_01468,i_02415,i_02786,i_07520,i_14604,i_00062,i_17119,i_02031
u_04884,i_24980,i_21094,i_31741,i_03773,i_31993,i_02676,i_11373,i_00306,i_12430,i_08518
u_04885,i_10316,i_11373,i_03773,i_03262,i_01480,i_10120,i_04504,i_11910,i_05103,i_24980
u_04886,i_01111,i_14604,i_17626,i_10316,i_00122,i_24980,i_02786,i_11047,i_11373,i_01937
u_04887,i_11373,i_01515,i_00122,i_02954,i_29117,i_01988,i_01111,i_01496,i_24980,i_01480
u_04888,i_00122,i_02276,i_24980,i_17626,i_00395,i_16877,i_01496,i_02228,i_08895,i_01545
u_04889,i_01523,i_10316,i_01111,i_02507,i_05267,i_14604,i_14115,i_02111,i_00062,i_08132
u_04890,i_17626,i_24980,i_29164,i_00122,i_02111,i_02228,i_26940,i_00540,i_17108,i_02316
u_04891,i_01111,i_01468,i_02786,i_03866,i_01097,i_04186,i_07580,i_06882,i_11052,i_06228
u_04892,i_03773,i_10316,i_11548,i_07370,i_00062,i_09124,i_18031,i_02786,i_00922,i_14774
u_04893,i_01993,i_02755,i_01480,i_00761,i_05009,i_00622,i_00389,i_17626,i_02786,i_02279
u_04894,i_21094,i_10316,i_14604,i_01523,i_00725,i_11373,i_02228,i_07567,i_02786,i_13850
u_04895,i_01523,i_01937,i_14115,i_05167,i_08052,i_00126,i_01810,i_01798,i_05394,i_01486
u_04896,i_27051,i_01075,i_08796,i_06397,i_06533,i_00716,i_09436,i_02954,i_01827,i_06071
u_04897,i_05267,i_01523,i_01937,i_02317,i_01468,i_24980,i_10316,i_21094,i_14604,i_17626
u_04898,i_02720,i_17626,i_03397,i_02297,i_11107,i_04191,i_02080,i_01476,i_05439,i_09436
u_04899,i_02786,i_14115,i_05267,i_01937,i_10316,i_04578,i_08132,i_08052,i_11569,i_02596
u_04900,i_01937,i_01523,i_02317,i_00122,i_05394,i_02786,i_05267,i_02634,i_00062,i_01111
u_04901,i_24980,i_01523,i_01468,i_01937,i_02786,i_08132,i_14115,i_10316,i_03781,i_06228
u_04902,i_10316,i_21094,i_02111,i_17626,i_02244,i_02334,i_01485,i_02417,i_02136,i_17108
u_04903,i_11373,i_05354,i_24980,i_05109,i_02080,i_11107,i_15902,i_11032,i_12282,i_19751
u_04904,i_02786,i_01523,i_01937,i_05797,i_05267,i_05472,i_02596,i_05576,i_11047,i_08801
u_04905,i_05103,i_09182,i_04504,i_09934,i_14984,i_05698,i_02507,i_23257,i_01827,i_01479
u_04906,i_14604,i_01937,i_05267,i_02786,i_01798,i_00037,i_01523,i_08132,i_08713,i_01468
u_04907,i_03262,i_06228,i_01480,i_21094,i_13841,i_14604,i_10316,i_01523,i_06951,i_11373
u_04908,i_12655,i_15346,i_01993,i_19194,i_01468,i_02487,i_11537,i_02136,i_12061,i_10316
u_04909,i_12786,i_04603,i_07587,i_06228,i_13670,i_09070,i_11373,i_07567,i_13084,i_10353
u_04910,i_01937,i_13651,i_01523,i_14115,i_02786,i_14604,i_18031,i_01468,i_00506,i_11373
u_04911,i_10316,i_11409,i_00793,i_00389,i_04181,i_03319,i_02680,i_10057,i_01993,i_01468
u_04912,i_10316,i_24696,i_02741,i_06397,i_10100,i_00586,i_14412,i_09442,i_14221,i_10057
u_04913,i_01480,i_17626,i_14604,i_10316,i_10518,i_00922,i_02786,i_11910,i_21094,i_00122
u_04914,i_17924,i_31903,i_32040,i_17626,i_00011,i_00470,i_11910,i_02786,i_14604,i_10316
u_04915,i_14604,i_17626,i_01111,i_00523,i_32108,i_21094,i_26940,i_02382,i_00057,i_11373
u_04916,i_10316,i_03773,i_00922,i_07524,i_00075,i_24019,i_14984,i_13670,i_02136,i_21094
u_04917,i_01523,i_14604,i_01741,i_11548,i_04181,i_07520,i_04692,i_01937,i_31950,i_06228
u_04918,i_10316,i_03773,i_01479,i_02229,i_05416,i_09591,i_14221,i_14115,i_04181,i_09124
u_04919,i_00155,i_10518,i_14604,i_17923,i_11910,i_11373,i_10316,i_21094,i_00154,i_17626
u_04920,i_10316,i_00389,i_14984,i_02136,i_02317,i_01485,i_02079,i_14604,i_01849,i_04181
u_04921,i_10316,i_01111,i_02786,i_09591,i_03468,i_05267,i_17626,i_01645,i_02317,i_05439
u_04922,i_14604,i_02786,i_17626,i_04578,i_01468,i_00062,i_01523,i_14115,i_01937,i_05267
u_04923,i_11373,i_07567,i_14604,i_00755,i_01539,i_01485,i_01135,i_02321,i_12785,i_04221
u_04924,i_15181,i_10316,i_02380,i_02541,i_05439,i_13031,i_00395,i_01537,i_01135,i_02079
u_04925,i_03773,i_14221,i_01849,i_18217,i_01111,i_24980,i_04478,i_07520,i_14115,i_21094
u_04926,i_10995,i_11373,i_00506,i_02313,i_06228,i_06533,i_01097,i_16877,i_01827,i_00554
u_04927,i_24980,i_09009,i_00158,i_00428,i_32108,i_00724,i_00470,i_00122,i_00023,i_00506
u_04928,i_01468,i_01937,i_14604,i_25690,i_01523,i_17626,i_10316,i_02415,i_07520,i_21094
u_04929,i_17923,i_31903,i_10518,i_01523,i_01798,i_00365,i_07576,i_02786,i_00204,i_26936
u_04930,i_02786,i_10316,i_01746,i_05493,i_01480,i_21094,i_31952,i_24980,i_01468,i_03773
u_04931,i_01111,i_14604,i_02136,i_06228,i_01937,i_00062,i_10316,i_01523,i_03829,i_11373
u_04932,i_14604,i_03773,i_02786,i_00062,i_00126,i_05267,i_31921,i_01468,i_00122,i_00027
u_04933,i_10316,i_17626,i_00793,i_11373,i_00716,i_02631,i_27051,i_02382,i_02154,i_00389
u_04934,i_01480,i_10316,i_01741,i_14604,i_11373,i_10518,i_21094,i_00122,i_12430,i_07524
u_04935,i_11373,i_00433,i_04679,i_06228,i_00122,i_05354,i_02321,i_06533,i_01937,i_02631
u_04936,i_09380,i_06228,i_02111,i_11032,i_09010,i_11107,i_13084,i_06907,i_09345,i_03678
u_04937,i_15181,i_01468,i_07263,i_14604,i_21094,i_31952,i_07520,i_01523,i_02786,i_28278
u_04938,i_21094,i_17626,i_00011,i_31946,i_00440,i_02676,i_00506,i_13651,i_24980,i_00311
u_04939,i_14604,i_24980,i_10316,i_02786,i_12407,i_11373,i_05439,i_17108,i_03773,i_13084
u_04940,i_21094,i_01827,i_17626,i_00122,i_10781,i_17670,i_03829,i_09591,i_24980,i_01479
u_04941,i_01468,i_10316,i_14604,i_08713,i_01937,i_17626,i_24980,i_02786,i_31741,i_00062
u_04942,i_02866,i_01923,i_02317,i_02136,i_05103,i_03368,i_00037,i_01111,i_00724,i_00506
u_04943,i_05877,i_00878,i_03806,i_08051,i_02631,i_02321,i_00716,i_32108,i_05664,i_05786
u_04944,i_01480,i_31903,i_01798,i_00468,i_04102,i_24980,i_25535,i_17924,i_00011,i_05188
u_04945,i_24980,i_28982,i_10518,i_11910,i_06228,i_11373,i_09275,i_00122,i_04549,i_01523
u_04946,i_10518,i_17923,i_00204,i_04102,i_24980,i_14604,i_04549,i_01480,i_00365,i_07576
u_04947,i_01480,i_02105,i_24980,i_17626,i_31952,i_00395,i_21094,i_27675,i_00122,i_10316
u_04948,i_14604,i_02786,i_01937,i_05267,i_14808,i_03773,i_14115,i_01523,i_10316,i_05439
u_04949,i_11373,i_07255,i_07050,i_15005,i_01451,i_02563,i_05354,i_05034,i_12430,i_00725
u_04950,i_14604,i_01111,i_02786,i_24980,i_00122,i_01523,i_05493,i_01764,i_17626,i_23257
u_04951,i_00725,i_01496,i_01476,i_04548,i_00057,i_02080,i_02228,i_02413,i_00122,i_29117
u_04952,i_01480,i_21094,i_17626,i_11373,i_02786,i_14604,i_31952,i_08895,i_10316,i_01746
u_04953,i_14604,i_04578,i_18681,i_05267,i_21094,i_24980,i_11365,i_02786,i_11373,i_14808
u_04954,i_06228,i_21094,i_10316,i_11373,i_03773,i_17626,i_01523,i_01486,i_14604,i_01468
u_04955,i_01937,i_14115,i_10316,i_02415,i_02317,i_02334,i_17626,i_03829,i_24302,i_11373
u_04956,i_10316,i_01904,i_14604,i_16700,i_17626,i_03865,i_11409,i_00062,i_27051,i_02359
u_04957,i_05493,i_01746,i_01764,i_17626,i_17108,i_04182,i_06450,i_31950,i_27051,i_01468
u_04958,i_01937,i_01523,i_05267,i_10316,i_21094,i_14604,i_17626,i_05394,i_24980,i_05976
u_04959,i_02786,i_00062,i_04578,i_01468,i_14604,i_07520,i_28984,i_11483,i_24980,i_08713
u_04960,i_00540,i_00428,i_06450,i_08355,i_00037,i_00523,i_13122,i_14604,i_10316,i_05394
u_04961,i_05267,i_01808,i_00423,i_03866,i_24980,i_11910,i_02786,i_00377,i_17626,i_05394
u_04962,i_08544,i_08638,i_01111,i_10316,i_04602,i_11373,i_08258,i_14604,i_02382,i_09591
u_04963,i_10316,i_00865,i_21249,i_03773,i_02786,i_00776,i_01923,i_10120,i_01523,i_11373
u_04964,i_02786,i_10316,i_03468,i_06882,i_00122,i_00073,i_17626,i_02136,i_02299,i_00440
u_04965,i_08091,i_09345,i_19432,i_05493,i_04603,i_14074,i_00057,i_10699,i_05651,i_01111
u_04966,i_08191,i_07567,i_00725,i_17660,i_05394,i_11373,i_08539,i_15902,i_01111,i_24980
u_04967,i_04357,i_10316,i_14173,i_01937,i_09182,i_01849,i_02136,i_04182,i_11569,i_00037
u_04968,i_24980,i_01468,i_00586,i_21094,i_17626,i_01480,i_02786,i_01523,i_01746,i_00470
u_04969,i_04480,i_02786,i_01480,i_04478,i_14604,i_05493,i_31950,i_11590,i_01485,i_00793
u_04970,i_14604,i_24980,i_10316,i_01937,i_01430,i_05267,i_21094,i_01523,i_17626,i_03773
u_04971,i_01480,i_00011,i_31741,i_01486,i_03773,i_02334,i_13651,i_00365,i_11910,i_14604
u_04972,i_14604,i_00540,i_11373,i_14808,i_04580,i_18333,i_26649,i_00122,i_11055,i_13084
u_04973,i_05267,i_03866,i_24980,i_01937,i_14604,i_04580,i_17626,i_10316,i_08754,i_02786
u_04974,i_09345,i_03678,i_03368,i_17626,i_11910,i_05267,i_10316,i_24980,i_14604,i_00122
u_04975,i_02786,i_01111,i_01480,i_01937,i_02676,i_17626,i_21094,i_24980,i_00062,i_14604
u_04976,i_17626,i_00122,i_31952,i_14604,i_02786,i_12901,i_22342,i_12567,i_22738,i_01480
u_04977,i_04413,i_10120,i_00377,i_04585,i_14120,i_10133,i_12388,i_00122,i_02136,i_11347
u_04978,i_01111,i_01523,i_02786,i_01746,i_00586,i_01937,i_05394,i_24980,i_14604,i_00037
u_04979,i_14604,i_00377,i_18681,i_06068,i_01798,i_24980,i_00037,i_11373,i_02711,i_01480
u_04980,i_09052,i_10120,i_07520,i_14221,i_09182,i_09591,i_07587,i_14115,i_00506,i_31950
u_04981,i_06766,i_04033,i_05354,i_02080,i_01545,i_00122,i_03302,i_09595,i_12320,i_02954
u_04982,i_03397,i_06397,i_09141,i_17325,i_05034,i_03349,i_14120,i_09173,i_17670,i_12220
u_04983,i_11373,i_18333,i_03678,i_13084,i_14984,i_11386,i_21769,i_08682,i_02720,i_02297
u_04984,i_02786,i_10316,i_24980,i_01111,i_00122,i_31952,i_14604,i_02317,i_11373,i_00062
u_04985,i_17626,i_00122,i_10316,i_21094,i_01111,i_02786,i_01480,i_14604,i_26940,i_02136
u_04986,i_01111,i_05267,i_01468,i_14808,i_13998,i_00122,i_14115,i_07263,i_11373,i_14604
u_04987,i_00468,i_02235,i_12157,i_05493,i_00037,i_31952,i_00062,i_17108,i_00395,i_02136
u_04988,i_09383,i_01937,i_17626,i_10316,i_01523,i_24980,i_21094,i_00122,i_03829,i_02209
u_04989,i_11373,i_11055,i_18333,i_24980,i_00791,i_10316,i_14604,i_30751,i_09345,i_04580
u_04990,i_02382,i_32108,i_16877,i_21094,i_01988,i_17670,i_08881,i_00023,i_02228,i_01496
u_04991,i_24980,i_17626,i_10316,i_01937,i_06228,i_09275,i_04580,i_14808,i_13705,i_03773
u_04992,i_24980,i_11373,i_04580,i_11910,i_28982,i_03866,i_00540,i_14115,i_00395,i_05786
u_04993,i_14221,i_05439,i_09436,i_08132,i_09948,i_12061,i_14728,i_09383,i_04524,i_21783
u_04994,i_04221,i_14604,i_10316,i_16920,i_08560,i_24980,i_14984,i_01099,i_04504,i_08638
u_04995,i_00793,i_03590,i_01523,i_01111,i_14604,i_10057,i_04181,i_24980,i_01937,i_04478
u_04996,i_06951,i_06952,i_17831,i_02136,i_03773,i_17626,i_01523,i_13084,i_24980,i_02380
u_04997,i_04413,i_01645,i_01403,i_10316,i_05407,i_14604,i_03568,i_05103,i_13670,i_02317
u_04998,i_01937,i_05394,i_01480,i_11373,i_24980,i_17626,i_14774,i_00122,i_15802,i_14604
u_04999,i_00062,i_14115,i_21094,i_24980,i_02334,i_17626,i_05267,i_07520,i_01468,i_11910
u_05000,i_01111,i_02786,i_01485,i_03302,i_24980,i_04692,i_17108,i_05797,i_10781,i_01523
u_05001,i_10758,i_10316,i_01937,i_02297,i_01479,i_04413,i_02274,i_00062,i_02786,i_02209
u_05002,i_24980,i_00122,i_01111,i_10316,i_14604,i_00428,i_29639,i_17626,i_12430,i_26940
u_05003,i_14604,i_24980,i_01480,i_10316,i_02786,i_01468,i_17389,i_01849,i_00575,i_05653
u_05004,i_14604,i_10316,i_01937,i_01523,i_01430,i_01111,i_01808,i_11910,i_21094,i_05394
u_05005,i_00122,i_12430,i_08895,i_24980,i_21094,i_16877,i_01424,i_08518,i_05786,i_02228
u_05006,i_02786,i_21094,i_00011,i_00468,i_10316,i_17626,i_05267,i_01468,i_24980,i_01849
u_05007,i_14604,i_11373,i_04580,i_14808,i_05267,i_01523,i_18333,i_02786,i_17626,i_10316
u_05008,i_02228,i_02276,i_00122,i_02382,i_32108,i_02112,i_11373,i_16877,i_02725,i_01143
u_05009,i_21094,i_15655,i_00279,i_02299,i_01480,i_02317,i_01923,i_01486,i_31952,i_00922
u_05010,i_09052,i_10316,i_21094,i_14604,i_00389,i_12430,i_11373,i_14115,i_00395,i_02786
u_05011,i_07370,i_01764,i_01480,i_01468,i_01111,i_03773,i_17626,i_11910,i_31921,i_24980
u_05012,i_10316,i_22897,i_02213,i_14604,i_05901,i_02786,i_01937,i_10120,i_03590,i_12061
u_05013,i_00770,i_01539,i_02228,i_01111,i_02382,i_01476,i_10354,i_01451,i_05762,i_29164
u_05014,i_02786,i_17626,i_21094,i_04580,i_31921,i_09345,i_10930,i_00395,i_11910,i_05786
u_05015,i_05267,i_14808,i_11910,i_02334,i_10316,i_02415,i_11569,i_05879,i_05167,i_04123
u_05016,i_10930,i_18217,i_09345,i_13998,i_10120,i_01111,i_02111,i_11910,i_07520,i_09182
u_05017,i_21094,i_10316,i_00428,i_14604,i_24980,i_02136,i_01485,i_11047,i_02299,i_14183
u_05018,i_05767,i_03262,i_14604,i_06228,i_28982,i_01480,i_06951,i_00122,i_21094,i_11909
u_05019,i_00122,i_01468,i_02406,i_10316,i_01486,i_02317,i_10781,i_01097,i_00037,i_00470
u_05020,i_01523,i_10316,i_14604,i_02786,i_02317,i_05472,i_04221,i_01937,i_03829,i_02136
u_05021,i_05267,i_00122,i_01523,i_05439,i_05394,i_01937,i_02317,i_14115,i_01111,i_04692
u_05022,i_11373,i_00122,i_24980,i_02631,i_14604,i_05354,i_17626,i_10316,i_10120,i_02563
u_05023,i_10316,i_02786,i_08539,i_14604,i_03773,i_01111,i_07567,i_00122,i_02317,i_04221
u_05024,i_01111,i_14604,i_21094,i_24980,i_10316,i_01480,i_03773,i_00062,i_10120,i_06228
u_05025,i_02274,i_05472,i_11047,i_06484,i_04692,i_12072,i_11569,i_08132,i_17108,i_01523
u_05026,i_04480,i_02634,i_00389,i_01135,i_02631,i_31950,i_01937,i_27051,i_03866,i_01485
u_05027,i_11373,i_14604,i_06228,i_24980,i_05354,i_03866,i_00037,i_02786,i_17108,i_17626
u_05028,i_02317,i_14604,i_01480,i_01937,i_31952,i_28982,i_09345,i_03866,i_01523,i_15443
u_05029,i_05267,i_01523,i_01937,i_01430,i_24980,i_02415,i_03829,i_01468,i_14808,i_00062
u_05030,i_07567,i_15005,i_12785,i_11386,i_15902,i_11107,i_10316,i_02954,i_04580,i_10781
u_05031,i_10316,i_02786,i_21094,i_05267,i_01468,i_01937,i_03151,i_24980,i_02334,i_14604
u_05032,i_06228,i_00776,i_06952,i_06951,i_17831,i_01827,i_03302,i_01097,i_24980,i_04191
u_05033,i_00023,i_21094,i_17626,i_02786,i_14604,i_01044,i_31952,i_08881,i_00922,i_00037
u_05034,i_01937,i_10316,i_03773,i_14115,i_24980,i_01523,i_05493,i_05439,i_03829,i_02334
u_05035,i_08116,i_32048,i_11373,i_10316,i_01523,i_01158,i_15005,i_29639,i_03773,i_00395
u_05036,i_17626,i_24980,i_02786,i_00122,i_00023,i_01468,i_00428,i_12901,i_00037,i_21094
u_05037,i_01468,i_02786,i_02393,i_07370,i_21094,i_10316,i_14115,i_24980,i_00470,i_00468
u_05038,i_14604,i_18681,i_14808,i_04578,i_05439,i_02827,i_05394,i_11365,i_02786,i_01998
u_05039,i_09052,i_01111,i_09182,i_11373,i_08132,i_14115,i_14808,i_01937,i_10120,i_03773
u_05040,i_24980,i_10316,i_00122,i_01937,i_08132,i_01523,i_00062,i_01998,i_14808,i_11910
u_05041,i_05188,i_14604,i_13651,i_17626,i_17924,i_01480,i_01468,i_00928,i_31902,i_25535
u_05042,i_01468,i_01645,i_17626,i_10316,i_05267,i_24980,i_01480,i_08132,i_00062,i_21094
u_05043,i_01523,i_24980,i_01111,i_10120,i_00062,i_07520,i_02334,i_01468,i_02631,i_08132
u_05044,i_05212,i_05899,i_02680,i_09442,i_03319,i_09591,i_04171,i_09592,i_02279,i_03803
u_05045,i_07061,i_21094,i_01486,i_16920,i_17626,i_01044,i_01480,i_24980,i_01468,i_00428
u_05046,i_01937,i_01111,i_05267,i_14604,i_01468,i_02786,i_01523,i_15708,i_01430,i_04578
u_05047,i_00122,i_02313,i_02634,i_02382,i_02631,i_00716,i_01485,i_13084,i_02321,i_01496
u_05048,i_05109,i_01827,i_02120,i_02297,i_31921,i_09345,i_17108,i_10316,i_02228,i_05786
u_05049,i_00153,i_16920,i_00226,i_32037,i_31946,i_06473,i_24019,i_02696,i_14604,i_01478
u_05050,i_01480,i_14604,i_00011,i_21094,i_00468,i_02399,i_01523,i_11373,i_10518,i_18333
u_05051,i_10316,i_14604,i_10120,i_14808,i_08518,i_00062,i_13674,i_08132,i_14115,i_01111
u_05052,i_07567,i_11373,i_04221,i_11891,i_06228,i_05651,i_09345,i_15802,i_08539,i_02954
u_05053,i_14604,i_02380,i_10316,i_11483,i_08052,i_01998,i_02676,i_31950,i_04523,i_03773
u_05054,i_01111,i_24980,i_00122,i_00023,i_01468,i_10316,i_01937,i_32040,i_21033,i_01849
u_05055,i_10057,i_14604,i_10316,i_01937,i_02786,i_01523,i_01111,i_17108,i_17626,i_00395
u_05056,i_11373,i_09659,i_11800,i_17626,i_14604,i_01539,i_13084,i_00122,i_12282,i_00716
u_05057,i_08518,i_10057,i_24980,i_10316,i_00930,i_00122,i_02317,i_04191,i_00870,i_11373
u_05058,i_01480,i_10518,i_24980,i_31903,i_00204,i_17924,i_00365,i_02786,i_04102,i_28982
u_05059,i_21094,i_00470,i_14604,i_01937,i_00468,i_10316,i_07520,i_18031,i_01468,i_08713
u_05060,i_31903,i_05394,i_11373,i_01468,i_00365,i_01937,i_11910,i_13084,i_01480,i_04580
u_05061,i_24980,i_01480,i_11373,i_01129,i_29639,i_11910,i_01111,i_00365,i_05267,i_06228
u_05062,i_11910,i_18333,i_11373,i_13670,i_31903,i_01468,i_22342,i_08132,i_06533,i_01480
u_05063,i_11543,i_00395,i_02725,i_06450,i_05472,i_03866,i_00122,i_02382,i_00755,i_04580
u_05064,i_02786,i_14604,i_05267,i_01808,i_05394,i_05349,i_00126,i_01523,i_10316,i_01810
u_05065,i_24980,i_01468,i_10518,i_01111,i_02334,i_02786,i_00011,i_01523,i_10316,i_31903
u_05066,i_14604,i_11910,i_08132,i_04123,i_14808,i_13998,i_02229,i_04580,i_14651,i_02285
u_05067,i_21094,i_11329,i_03678,i_08191,i_09345,i_19866,i_14604,i_01523,i_02111,i_00724
u_05068,i_03866,i_04580,i_00037,i_11910,i_01937,i_14604,i_02334,i_01111,i_06068,i_02299
u_05069,i_28982,i_17923,i_10316,i_01480,i_14604,i_17924,i_21094,i_25690,i_00062,i_08713
u_05070,i_00948,i_02136,i_05694,i_05103,i_01523,i_02676,i_10316,i_13651,i_03829,i_02079
u_05071,i_02786,i_03773,i_14115,i_14604,i_10316,i_04578,i_21094,i_24980,i_02676,i_02031
u_05072,i_01097,i_02228,i_02317,i_00724,i_02079,i_01523,i_00540,i_09934,i_14984,i_26940
u_05073,i_10316,i_14604,i_01937,i_17626,i_03773,i_01523,i_01480,i_02786,i_04181,i_07752
u_05074,i_00122,i_00023,i_31993,i_08895,i_00724,i_18312,i_32108,i_17626,i_06800,i_09591
u_05075,i_01480,i_21094,i_00011,i_24980,i_05188,i_28982,i_17626,i_31921,i_00155,i_14604
u_05076,i_03678,i_06441,i_11386,i_06450,i_02136,i_14221,i_15902,i_02209,i_01485,i_04692
u_05077,i_01111,i_29117,i_02382,i_00377,i_01135,i_32108,i_12430,i_02321,i_01545,i_01476
u_05078,i_00725,i_01535,i_17626,i_02321,i_12430,i_21094,i_07567,i_01496,i_01827,i_09345
u_05079,i_01937,i_17924,i_05188,i_02317,i_01480,i_02676,i_02415,i_24980,i_28982,i_03829
u_05080,i_05267,i_10316,i_01937,i_01523,i_00122,i_02786,i_31921,i_11373,i_14604,i_01486
u_05081,i_10316,i_09052,i_14221,i_13998,i_14808,i_11910,i_04478,i_08132,i_05416,i_07520
u_05082,i_01480,i_24980,i_10518,i_14604,i_31903,i_11373,i_02120,i_04102,i_02334,i_09275
u_05083,i_24980,i_01158,i_21094,i_01827,i_06883,i_01129,i_14604,i_10316,i_32040,i_01496
u_05084,i_12786,i_17831,i_14984,i_13841,i_20180,i_09934,i_13084,i_09124,i_10781,i_09345
u_05085,i_17108,i_00037,i_00057,i_24302,i_02209,i_18139,i_01827,i_21094,i_00395,i_01998
u_05086,i_01523,i_14604,i_10316,i_01937,i_21094,i_01111,i_01480,i_24980,i_07520,i_00155
u_05087,i_14604,i_05267,i_05394,i_02786,i_01937,i_00377,i_04578,i_03819,i_02299,i_32129
u_05088,i_21094,i_01746,i_00506,i_31946,i_00311,i_00075,i_31741,i_02786,i_01486,i_00470
u_05089,i_24980,i_14604,i_00122,i_21094,i_01468,i_01998,i_02786,i_08132,i_10316,i_02120
u_05090,i_00122,i_01480,i_31952,i_14604,i_10316,i_02786,i_21094,i_01468,i_01111,i_11373
u_05091,i_01480,i_00122,i_24980,i_06228,i_28982,i_06071,i_11909,i_05354,i_10258,i_10518
u_05092,i_04603,i_08355,i_06450,i_07587,i_11408,i_08560,i_05394,i_08539,i_04221,i_10930
u_05093,i_04553,i_04978,i_13761,i_01485,i_05573,i_15906,i_02317,i_00037,i_02297,i_05472
u_05094,i_10316,i_01746,i_24302,i_17108,i_11910,i_09345,i_31921,i_00586,i_10120,i_31952
u_05095,i_02031,i_05439,i_14115,i_00126,i_01523,i_09052,i_01480,i_04478,i_04578,i_02334
u_05096,i_11373,i_10518,i_10910,i_05778,i_28982,i_01476,i_01496,i_12430,i_17670,i_02120
u_05097,i_10316,i_01111,i_01523,i_02317,i_00122,i_02136,i_01937,i_01485,i_05394,i_17626
u_05098,i_28982,i_10316,i_09275,i_14604,i_04549,i_31903,i_17924,i_03773,i_05188,i_00365
u_05099,i_02786,i_13651,i_17626,i_21094,i_00011,i_22342,i_00122,i_00395,i_00057,i_31741
u_05100,i_14604,i_02786,i_06228,i_01523,i_14115,i_13841,i_08132,i_03773,i_00776,i_24980
u_05101,i_14604,i_18333,i_11055,i_00122,i_01937,i_15708,i_11373,i_32036,i_01480,i_17626
u_05102,i_01135,i_02755,i_32108,i_22342,i_12901,i_25828,i_00389,i_00395,i_17670,i_29164
u_05103,i_14604,i_11373,i_06228,i_14808,i_10120,i_02229,i_05267,i_02786,i_01111,i_05416
u_05104,i_14604,i_05394,i_14115,i_05267,i_11373,i_13705,i_01523,i_03773,i_04578,i_06228
u_05105,i_09442,i_18801,i_11569,i_02735,i_22136,i_01739,i_02790,i_10781,i_20515,i_22318
u_05106,i_01480,i_02786,i_17626,i_21094,i_00716,i_00724,i_10518,i_17108,i_01486,i_14604
u_05107,i_10316,i_01523,i_00062,i_01937,i_21094,i_11548,i_01468,i_01923,i_02786,i_06534
u_05108,i_03678,i_14604,i_13690,i_02415,i_08713,i_02541,i_09275,i_05797,i_00062,i_03368
u_05109,i_02786,i_08713,i_01937,i_07520,i_14604,i_00062,i_01468,i_14115,i_17108,i_08052
u_05110,i_31946,i_01486,i_31921,i_10316,i_25690,i_00922,i_01111,i_31952,i_00506,i_02786
u_05111,i_14604,i_01111,i_02786,i_14808,i_01937,i_24980,i_10316,i_01523,i_00377,i_13705
u_05112,i_11373,i_01827,i_01111,i_12430,i_24980,i_06228,i_10316,i_08191,i_01485,i_14604
u_05113,i_04254,i_02209,i_23257,i_01479,i_10120,i_02317,i_02563,i_01849,i_02382,i_04692
u_05114,i_02786,i_03773,i_01937,i_05267,i_24980,i_11910,i_14808,i_14115,i_09052,i_04580
u_05115,i_03319,i_02382,i_04679,i_00389,i_17108,i_03590,i_09345,i_02790,i_01111,i_09442
u_05116,i_01937,i_05188,i_11365,i_14604,i_17924,i_03829,i_00298,i_04578,i_05267,i_05167
u_05117,i_10518,i_00204,i_00365,i_04102,i_31903,i_02334,i_01868,i_11910,i_17924,i_07576
u_05118,i_01746,i_10316,i_00077,i_00362,i_01480,i_00311,i_21094,i_02683,i_13031,i_02280
u_05119,i_14808,i_01937,i_04578,i_02827,i_10930,i_08052,i_05167,i_00473,i_02229,i_18681
u_05120,i_01523,i_10316,i_14604,i_09345,i_07370,i_00122,i_03773,i_24980,i_10120,i_02786
u_05121,i_01480,i_01798,i_17923,i_24980,i_00204,i_10518,i_05472,i_01937,i_02334,i_13084
u_05122,i_14604,i_24980,i_01523,i_10316,i_02786,i_05267,i_05439,i_11910,i_14115,i_04692
u_05123,i_02786,i_02079,i_00468,i_02136,i_01111,i_00062,i_14115,i_14604,i_03829,i_09124
u_05124,i_00122,i_24980,i_03567,i_01111,i_00075,i_11386,i_12430,i_04191,i_10781,i_22342
u_05125,i_01523,i_24980,i_01485,i_01430,i_02334,i_05439,i_05267,i_10316,i_10518,i_24302
u_05126,i_01937,i_01468,i_17626,i_14604,i_05267,i_06441,i_10316,i_21094,i_08801,i_05394
u_05127,i_03773,i_11910,i_10316,i_14115,i_21094,i_01111,i_10120,i_06228,i_05439,i_01739
u_05128,i_14808,i_01430,i_11537,i_13423,i_03397,i_07171,i_15902,i_11483,i_10972,i_09345
u_05129,i_14604,i_24980,i_01480,i_08754,i_05394,i_01937,i_02596,i_01798,i_04580,i_25535
u_05130,i_01111,i_00122,i_02111,i_01523,i_24980,i_01485,i_10316,i_05267,i_02417,i_02631
u_05131,i_25690,i_01480,i_03866,i_06533,i_28982,i_05272,i_01937,i_10509,i_07171,i_05786
u_05132,i_18312,i_00075,i_00506,i_08895,i_01534,i_04191,i_00311,i_01468,i_10316,i_02786
u_05133,i_14604,i_00122,i_00395,i_01468,i_21094,i_02786,i_02154,i_07370,i_01135,i_02334
u_05134,i_24481,i_22515,i_23464,i_21691,i_14604,i_01468,i_17626,i_24980,i_01998,i_10316
u_05135,i_01480,i_01937,i_11910,i_21094,i_05267,i_01468,i_08713,i_01998,i_10316,i_01523
u_05136,i_10316,i_14604,i_01937,i_06228,i_01111,i_01523,i_03829,i_02317,i_01468,i_11537
u_05137,i_06776,i_09275,i_28982,i_01534,i_11386,i_04191,i_14173,i_12282,i_10518,i_03926
u_05138,i_14604,i_01480,i_29639,i_00122,i_08881,i_02609,i_01774,i_21094,i_12373,i_02228
u_05139,i_00948,i_00011,i_00468,i_28982,i_01076,i_31903,i_02334,i_17626,i_13651,i_02786
u_05140,i_10316,i_26936,i_01937,i_03151,i_21094,i_24980,i_00062,i_14604,i_01523,i_01849
u_05141,i_01468,i_01746,i_10316,i_14604,i_00470,i_00122,i_17626,i_02786,i_18139,i_07370
u_05142,i_01111,i_00122,i_05267,i_10316,i_02786,i_01523,i_24980,i_05394,i_01485,i_02631
u_05143,i_06241,i_06228,i_11373,i_01937,i_21094,i_00122,i_01827,i_08881,i_10316,i_02720
u_05144,i_10316,i_03773,i_17626,i_09052,i_10120,i_02882,i_11373,i_00062,i_01998,i_01523
u_05145,i_01523,i_01937,i_01798,i_02786,i_02318,i_01468,i_08052,i_08801,i_01810,i_14115
u_05146,i_01480,i_28982,i_11910,i_02786,i_11909,i_07576,i_04102,i_00011,i_05267,i_08132
u_05147,i_03344,i_09390,i_02189,i_08862,i_07904,i_06319,i_03909,i_10100,i_05852,i_11771
u_05148,i_10316,i_14604,i_21094,i_24980,i_06228,i_11373,i_07370,i_02101,i_04191,i_01451
u_05149,i_10057,i_24980,i_02279,i_17108,i_01097,i_02228,i_02359,i_02680,i_01468,i_01545
u_05150,i_01523,i_24980,i_01764,i_12141,i_00586,i_01746,i_05493,i_02079,i_10120,i_00122
u_05151,i_14651,i_04692,i_02136,i_01937,i_01468,i_14604,i_10120,i_02209,i_01111,i_14115
u_05152,i_14604,i_14844,i_10316,i_01937,i_21094,i_17626,i_02786,i_03590,i_01523,i_00062
u_05153,i_21094,i_00468,i_00506,i_08895,i_31741,i_17924,i_00304,i_00077,i_31952,i_00311
u_05154,i_01468,i_14604,i_02786,i_01480,i_07370,i_01523,i_01937,i_01849,i_02318,i_01764
u_05155,i_00462,i_31952,i_00506,i_31946,i_00091,i_01480,i_21094,i_17924,i_18031,i_17626
u_05156,i_02283,i_13670,i_24980,i_22342,i_02105,i_21094,i_02100,i_05407,i_06228,i_01645
u_05157,i_03678,i_03262,i_01111,i_10120,i_01523,i_31921,i_14983,i_03368,i_13841,i_02954
u_05158,i_01741,i_10316,i_17108,i_01764,i_00428,i_31952,i_24980,i_00122,i_02317,i_01736
u_05159,i_21816,i_13761,i_10995,i_02725,i_15235,i_02563,i_02228,i_04254,i_12282,i_02321
u_05160,i_12373,i_02228,i_16877,i_01496,i_00504,i_01535,i_01827,i_09009,i_02090,i_08881
u_05161,i_04377,i_01480,i_01468,i_17626,i_11910,i_14604,i_00724,i_06533,i_21094,i_10316
u_05162,i_02786,i_01523,i_01937,i_17108,i_04523,i_01111,i_02317,i_00037,i_24980,i_01808
u_05163,i_01523,i_01937,i_06228,i_14115,i_16633,i_05416,i_08132,i_08258,i_24980,i_14808
u_05164,i_15005,i_24980,i_11373,i_04221,i_14604,i_09383,i_02111,i_03866,i_02563,i_02541
u_05165,i_14604,i_10316,i_01480,i_12430,i_07255,i_13084,i_11910,i_14120,i_21094,i_04580
u_05166,i_02786,i_02235,i_01523,i_01468,i_05394,i_14604,i_02209,i_02317,i_10316,i_01111
u_05167,i_08713,i_02786,i_01937,i_02676,i_02415,i_17108,i_16499,i_07520,i_00038,i_01537
u_05168,i_14604,i_24980,i_21094,i_02786,i_10518,i_17924,i_01468,i_11910,i_10316,i_01645
u_05169,i_14604,i_00922,i_24980,i_31921,i_00389,i_02755,i_12901,i_08881,i_00428,i_00075
u_05170,i_05103,i_10316,i_02105,i_01468,i_00122,i_01111,i_14604,i_17626,i_01937,i_21094
u_05171,i_01937,i_13690,i_05439,i_11910,i_10316,i_01480,i_03773,i_01998,i_14808,i_05267
u_05172,i_00948,i_00468,i_01523,i_14604,i_02786,i_05267,i_13651,i_00126,i_21094,i_00062
u_05173,i_10316,i_01523,i_09052,i_08132,i_14115,i_02786,i_10120,i_17626,i_11483,i_01937
u_05174,i_01468,i_25690,i_02317,i_02600,i_01523,i_02786,i_00062,i_01937,i_01480,i_01054
u_05175,i_11924,i_05852,i_32048,i_16877,i_11909,i_08499,i_17660,i_06679,i_14173,i_28982
u_05176,i_14604,i_09052,i_13651,i_00928,i_01523,i_02079,i_02786,i_03829,i_00011,i_04637
u_05177,i_02786,i_01523,i_01111,i_00122,i_07263,i_10316,i_02631,i_14604,i_01480,i_01468
u_05178,i_00122,i_11959,i_03319,i_06001,i_02631,i_05416,i_11373,i_17660,i_02331,i_03616
u_05179,i_14604,i_11373,i_17626,i_09345,i_07567,i_00724,i_14808,i_02111,i_13705,i_06228
u_05180,i_01111,i_24980,i_01937,i_10316,i_02786,i_08132,i_01523,i_04692,i_14604,i_17626
u_05181,i_01523,i_02282,i_03829,i_14604,i_02786,i_01430,i_08713,i_01937,i_14115,i_05272
u_05182,i_01468,i_08881,i_02507,i_02786,i_14604,i_17119,i_21094,i_02111,i_02417,i_00122
u_05183,i_00122,i_14604,i_17626,i_24980,i_00428,i_02786,i_21094,i_01746,i_21033,i_02382
u_05184,i_01937,i_11771,i_05267,i_01468,i_05394,i_14604,i_00027,i_03773,i_24980,i_01480
u_05185,i_21094,i_24980,i_14604,i_00122,i_10316,i_01480,i_11373,i_02786,i_17626,i_14115
u_05186,i_02786,i_05267,i_02827,i_10316,i_02317,i_00037,i_05394,i_11373,i_02079,i_01937
u_05187,i_24980,i_17626,i_00226,i_01480,i_21094,i_16920,i_10316,i_31741,i_14604,i_11373
u_05188,i_10316,i_01937,i_05416,i_03773,i_01468,i_01849,i_02079,i_14115,i_02136,i_03829
u_05189,i_17924,i_00011,i_10316,i_00948,i_01937,i_24980,i_00724,i_31921,i_02317,i_00470
u_05190,i_31903,i_05267,i_01468,i_04578,i_03829,i_02415,i_11910,i_28982,i_13295,i_24302
u_05191,i_14604,i_00395,i_11342,i_32112,i_01111,i_00377,i_11373,i_13690,i_01810,i_10895
u_05192,i_14604,i_01937,i_05267,i_01523,i_24980,i_18681,i_17626,i_05394,i_01430,i_02786
u_05193,i_10316,i_03773,i_07524,i_17626,i_14115,i_06228,i_01849,i_24019,i_13124,i_02079
u_05194,i_01480,i_01523,i_06228,i_10316,i_31903,i_02786,i_00306,i_17626,i_31921,i_14984
u_05195,i_02786,i_01468,i_10316,i_07263,i_08132,i_03829,i_14115,i_13690,i_01111,i_10120
u_05196,i_08052,i_05472,i_02415,i_00037,i_14115,i_14604,i_08713,i_01937,i_02827,i_08132
u_05197,i_00155,i_00075,i_01480,i_17626,i_31921,i_31741,i_13651,i_01202,i_00077,i_31952
u_05198,i_03773,i_00922,i_08091,i_09948,i_00062,i_09345,i_01998,i_14115,i_11373,i_05416
u_05199,i_24980,i_28982,i_11910,i_01868,i_08754,i_10518,i_31903,i_02334,i_01998,i_01523
u_05200,i_02090,i_06228,i_06951,i_02683,i_02954,i_00057,i_17108,i_21094,i_00724,i_31912
u_05201,i_03262,i_02415,i_01937,i_02317,i_02136,i_00433,i_11483,i_02282,i_08754,i_02334
u_05202,i_14604,i_01937,i_02786,i_14808,i_01523,i_08132,i_01998,i_05694,i_14115,i_05394
u_05203,i_14115,i_10316,i_05439,i_03773,i_17626,i_09052,i_11145,i_07171,i_24980,i_11910
u_05204,i_18217,i_03773,i_09948,i_19405,i_11409,i_00062,i_13950,i_01111,i_04580,i_04692
u_05205,i_00122,i_09842,i_21094,i_03151,i_00023,i_12901,i_31952,i_00395,i_17670,i_01111
u_05206,i_06017,i_08953,i_05034,i_15235,i_17325,i_03397,i_09141,i_12974,i_11386,i_16183
u_05207,i_14604,i_10316,i_01849,i_02786,i_24980,i_17626,i_01480,i_11373,i_01523,i_05267
u_05208,i_17626,i_00776,i_13841,i_00122,i_24980,i_21094,i_32129,i_02228,i_01523,i_06951
u_05209,i_00122,i_31741,i_24980,i_16877,i_01480,i_10316,i_00311,i_00506,i_04191,i_21094
u_05210,i_17626,i_04585,i_04181,i_06228,i_11373,i_10316,i_00122,i_27051,i_00793,i_02683
u_05211,i_02683,i_24980,i_05267,i_10316,i_24302,i_03773,i_01937,i_02786,i_17626,i_21094
u_05212,i_14604,i_17626,i_01111,i_00122,i_10316,i_04692,i_11373,i_01523,i_01937,i_03773
u_05213,i_14120,i_04171,i_03397,i_00122,i_00057,i_05786,i_09345,i_01827,i_24980,i_12430
u_05214,i_14604,i_07089,i_11373,i_11055,i_02317,i_06228,i_01468,i_10316,i_01111,i_01523
u_05215,i_10316,i_01480,i_00724,i_08518,i_17626,i_31741,i_00311,i_18031,i_00075,i_14604
u_05216,i_14604,i_10316,i_24980,i_17626,i_10120,i_01480,i_02111,i_03773,i_09182,i_04692
u_05217,i_00213,i_01486,i_31921,i_05103,i_01923,i_17626,i_01937,i_01523,i_00440,i_03773
u_05218,i_24980,i_28982,i_31903,i_14115,i_10518,i_03773,i_01158,i_01139,i_13705,i_02334
u_05219,i_10316,i_02786,i_10120,i_24980,i_00062,i_08132,i_11910,i_01523,i_07171,i_09052
u_05220,i_24980,i_14604,i_31952,i_01545,i_02299,i_04191,i_01485,i_02317,i_14173,i_11373
u_05221,i_01480,i_08881,i_17626,i_09009,i_00122,i_03567,i_14604,i_28982,i_01496,i_12901
u_05222,i_17626,i_08713,i_17924,i_02786,i_00011,i_31952,i_01937,i_00210,i_24302,i_04578
u_05223,i_21094,i_14604,i_17626,i_03468,i_10316,i_01937,i_00122,i_00062,i_04523,i_02786
u_05224,i_00554,i_01486,i_02105,i_21094,i_00433,i_27675,i_21012,i_10316,i_18031,i_00158
u_05225,i_01480,i_14604,i_01868,i_00027,i_00377,i_01798,i_08754,i_02786,i_18681,i_00365
u_05226,i_10895,i_05668,i_09842,i_00145,i_11047,i_11942,i_11569,i_32048,i_15902,i_02274
u_05227,i_24980,i_01480,i_11373,i_01523,i_01468,i_11910,i_00377,i_03865,i_11365,i_31903
u_05228,i_01111,i_14115,i_05267,i_01937,i_01523,i_01468,i_02596,i_21094,i_14604,i_10316
u_05229,i_05267,i_01111,i_04578,i_13651,i_01810,i_14604,i_01523,i_00377,i_17626,i_02786
u_05230,i_01937,i_02786,i_10316,i_00122,i_01468,i_01998,i_13084,i_11373,i_11910,i_14808
u_05231,i_10316,i_09052,i_18217,i_24980,i_13998,i_00062,i_08132,i_11373,i_00126,i_14115
u_05232,i_20316,i_11373,i_04221,i_00122,i_02736,i_10316,i_05431,i_17626,i_01523,i_06228
u_05233,i_01158,i_29639,i_11373,i_07708,i_04221,i_00457,i_01478,i_24980,i_00755,i_00485
u_05234,i_23092,i_11373,i_15005,i_11910,i_05786,i_32048,i_02209,i_18681,i_07567,i_15802
u_05235,i_21094,i_17626,i_01480,i_02786,i_32129,i_14115,i_14604,i_00027,i_04580,i_01111
u_05236,i_01480,i_17626,i_00554,i_00362,i_21094,i_14604,i_00433,i_02786,i_28547,i_00311
u_05237,i_14808,i_01937,i_10316,i_05267,i_04578,i_14115,i_05394,i_11365,i_05439,i_03773
u_05238,i_05899,i_00500,i_29639,i_01199,i_29600,i_01097,i_10995,i_06951,i_04984,i_10120
u_05239,i_14604,i_14808,i_06228,i_01523,i_10316,i_02786,i_05394,i_01937,i_00122,i_01111
u_05240,i_01523,i_11910,i_02786,i_10120,i_14808,i_17626,i_09052,i_22939,i_01111,i_00433
u_05241,i_01480,i_01937,i_14604,i_18681,i_28982,i_01523,i_24980,i_09077,i_02786,i_01111
u_05242,i_01468,i_01111,i_02507,i_17108,i_01937,i_01523,i_01485,i_10316,i_00492,i_27051
u_05243,i_10316,i_01523,i_03773,i_14115,i_00011,i_01111,i_14604,i_24980,i_00062,i_07520
u_05244,i_24980,i_01937,i_05267,i_11373,i_21094,i_01111,i_01468,i_10316,i_17924,i_02786
u_05245,i_10316,i_21094,i_01523,i_01468,i_00126,i_14604,i_01485,i_02786,i_11373,i_02334
u_05246,i_14604,i_17626,i_01111,i_02786,i_11373,i_12061,i_24980,i_14808,i_01523,i_05267
u_05247,i_13290,i_09345,i_09592,i_04690,i_09383,i_10120,i_00122,i_12562,i_23257,i_02382
u_05248,i_10316,i_01480,i_02317,i_03151,i_02786,i_21094,i_25535,i_00122,i_07062,i_02297
u_05249,i_14604,i_00776,i_13841,i_17626,i_10316,i_01111,i_08132,i_11047,i_01523,i_06951
u_05250,i_02079,i_14604,i_05416,i_01468,i_02786,i_25535,i_00062,i_00473,i_03773,i_07520
u_05251,i_04480,i_27051,i_02276,i_00389,i_00122,i_17108,i_02228,i_00395,i_03319,i_02279
u_05252,i_24980,i_00852,i_04504,i_00226,i_10316,i_01468,i_00122,i_21094,i_02393,i_17626
u_05253,i_10316,i_00122,i_17626,i_03773,i_14604,i_00075,i_21094,i_08518,i_00922,i_01111
u_05254,i_01937,i_01480,i_00011,i_31903,i_02786,i_28982,i_04578,i_10316,i_00027,i_11373
u_05255,i_15669,i_29117,i_06228,i_11373,i_00122,i_10761,i_24980,i_10316,i_08132,i_09345
u_05256,i_01523,i_02786,i_31903,i_00468,i_14604,i_07520,i_00122,i_01468,i_24980,i_05267
u_05257,i_21094,i_09380,i_00506,i_01645,i_11910,i_03262,i_02136,i_01097,i_31921,i_00311
u_05258,i_00506,i_22738,i_31946,i_21094,i_18139,i_00075,i_02105,i_00433,i_01054,i_18031
u_05259,i_10316,i_01111,i_11910,i_21094,i_01480,i_09948,i_16487,i_01468,i_01998,i_00062
u_05260,i_24980,i_01808,i_14604,i_05786,i_02334,i_10316,i_06228,i_01937,i_32048,i_03866
u_05261,i_02076,i_10316,i_00433,i_00922,i_00795,i_00506,i_22738,i_17626,i_00311,i_02280
u_05262,i_10316,i_24980,i_10120,i_01111,i_02786,i_01523,i_13998,i_03773,i_00062,i_01485
u_05263,i_00755,i_03829,i_03590,i_09275,i_04692,i_01807,i_13290,i_02520,i_03866,i_18757
u_05264,i_05267,i_05394,i_11910,i_11365,i_02827,i_05349,i_13705,i_02786,i_02415,i_31921
u_05265,i_00122,i_09345,i_01111,i_08908,i_03829,i_05762,i_00724,i_03865,i_14604,i_05786
u_05266,i_24980,i_10518,i_09275,i_01480,i_17923,i_04102,i_06071,i_00204,i_07576,i_31903
u_05267,i_10518,i_24980,i_14604,i_00204,i_04102,i_17923,i_09275,i_17626,i_03819,i_11910
u_05268,i_10316,i_06228,i_11910,i_01523,i_03773,i_12785,i_11373,i_13670,i_01480,i_08132
u_05269,i_07089,i_11055,i_14604,i_11373,i_18333,i_10316,i_02120,i_24980,i_01111,i_01468
u_05270,i_14604,i_24980,i_10518,i_17924,i_07263,i_06241,i_05493,i_00506,i_04191,i_08881
u_05271,i_17626,i_01468,i_14604,i_01480,i_24980,i_02786,i_00062,i_02334,i_03151,i_31921
u_05272,i_03773,i_28278,i_14604,i_03151,i_01937,i_02334,i_00365,i_07520,i_01111,i_17626
u_05273,i_17626,i_14604,i_10316,i_31993,i_24980,i_10057,i_00023,i_02235,i_02786,i_01468
u_05274,i_05439,i_11373,i_09052,i_08132,i_14808,i_10120,i_03773,i_17626,i_05267,i_01937
u_05275,i_10316,i_01480,i_14604,i_01523,i_11373,i_06228,i_17626,i_02786,i_08132,i_04578
u_05276,i_00122,i_11373,i_24980,i_00057,i_00540,i_03397,i_02228,i_02321,i_13084,i_12430
u_05277,i_10316,i_14115,i_01523,i_05394,i_10120,i_08132,i_14808,i_18217,i_19432,i_09052
u_05278,i_14604,i_10930,i_04580,i_05439,i_11145,i_01998,i_01523,i_14115,i_24980,i_02229
u_05279,i_11373,i_03262,i_00122,i_01468,i_06533,i_14604,i_11386,i_00395,i_02276,i_10316
u_05280,i_14604,i_05267,i_10316,i_03773,i_01937,i_05694,i_07370,i_09070,i_06228,i_01523
u_05281,i_02786,i_01468,i_01523,i_10316,i_21094,i_24980,i_05267,i_02334,i_13084,i_01937
u_05282,i_10316,i_02786,i_00585,i_24980,i_14604,i_17626,i_01468,i_01486,i_04277,i_01923
u_05283,i_10316,i_00310,i_07370,i_01480,i_14604,i_01746,i_24980,i_21094,i_00586,i_17626
u_05284,i_14604,i_02786,i_31952,i_24980,i_00122,i_10316,i_01468,i_14808,i_02407,i_11373
u_05285,i_01044,i_24980,i_01135,i_25535,i_05267,i_17626,i_02786,i_31993,i_17924,i_21094
u_05286,i_14604,i_10316,i_11910,i_14115,i_01480,i_08132,i_04418,i_03773,i_10120,i_09052
u_05287,i_01480,i_20190,i_06228,i_10316,i_21816,i_11373,i_14604,i_04221,i_00145,i_09592
u_05288,i_14221,i_17626,i_01937,i_24980,i_13841,i_06228,i_17831,i_11373,i_07370,i_02209
u_05289,i_14604,i_24980,i_00433,i_00928,i_05573,i_02136,i_05267,i_07520,i_31921,i_21094
u_05290,i_01480,i_24980,i_10316,i_00153,i_17626,i_03773,i_00162,i_31946,i_01468,i_02786
u_05291,i_10316,i_02786,i_01937,i_01523,i_14115,i_04523,i_02317,i_04377,i_01468,i_05472
u_05292,i_01111,i_21094,i_10316,i_00362,i_14604,i_02136,i_06882,i_08132,i_01523,i_01798
u_05293,i_01111,i_32028,i_01937,i_01523,i_02786,i_14604,i_24302,i_03866,i_17626,i_08132
u_05294,i_10316,i_05103,i_01111,i_02786,i_24980,i_21094,i_17626,i_03151,i_03773,i_00362
u_05295,i_09070,i_08638,i_14221,i_08560,i_08091,i_10353,i_04603,i_03803,i_04730,i_11408
u_05296,i_11373,i_07567,i_09345,i_17626,i_10316,i_24980,i_08638,i_02487,i_05267,i_08544
u_05297,i_24980,i_11910,i_17626,i_02786,i_10518,i_01937,i_21094,i_01998,i_11373,i_10316
u_05298,i_10316,i_17108,i_01111,i_17626,i_14604,i_05394,i_01523,i_02786,i_01479,i_00395
u_05299,i_17626,i_24980,i_10316,i_01480,i_02786,i_01111,i_11373,i_01937,i_05267,i_21094
u_05300,i_24980,i_01523,i_01468,i_14115,i_07520,i_11910,i_08132,i_01998,i_10316,i_05694
u_05301,i_02786,i_10316,i_07752,i_14604,i_00776,i_13841,i_00062,i_01468,i_02317,i_17626
u_05302,i_01937,i_18681,i_26936,i_06412,i_00062,i_01523,i_14604,i_02415,i_01468,i_05439
u_05303,i_10316,i_04191,i_22342,i_14604,i_06228,i_01534,i_00433,i_01202,i_00122,i_19839
u_05304,i_09345,i_05786,i_00377,i_07260,i_03389,i_06068,i_13489,i_05267,i_10316,i_08862
u_05305,i_13288,i_12911,i_00854,i_03678,i_02381,i_08103,i_04415,i_14770,i_03368,i_17108
u_05306,i_01111,i_01998,i_03773,i_10316,i_05394,i_08132,i_04692,i_14604,i_02235,i_00122
u_05307,i_18217,i_09052,i_13998,i_04580,i_10316,i_14115,i_02882,i_11487,i_06533,i_13950
u_05308,i_17626,i_01468,i_14604,i_24980,i_02786,i_01523,i_00724,i_01937,i_04580,i_00468
u_05309,i_07520,i_26935,i_00062,i_04659,i_05786,i_05927,i_17108,i_02120,i_14604,i_02415
u_05310,i_10316,i_17626,i_01468,i_00155,i_00062,i_02786,i_00162,i_00126,i_05267,i_01111
u_05311,i_00724,i_31952,i_00440,i_00428,i_02786,i_01849,i_00122,i_17626,i_00023,i_32040
u_05312,i_03601,i_05267,i_02786,i_03866,i_00377,i_02711,i_00540,i_03616,i_06075,i_14604
u_05313,i_10518,i_24980,i_10316,i_14604,i_02786,i_31952,i_01468,i_06228,i_01523,i_09275
u_05314,i_14604,i_24980,i_32048,i_09345,i_14173,i_15802,i_03866,i_11365,i_08155,i_05439
u_05315,i_02209,i_10316,i_00870,i_09124,i_09934,i_02954,i_11386,i_04191,i_01545,i_01849
u_05316,i_01480,i_09345,i_02786,i_10930,i_01937,i_28982,i_04580,i_14115,i_11910,i_00122
u_05317,i_15843,i_04413,i_06863,i_10316,i_05677,i_07016,i_03773,i_10996,i_03262,i_13670
u_05318,i_10316,i_01523,i_07520,i_07263,i_00585,i_12084,i_14604,i_21094,i_10120,i_00062
u_05319,i_01937,i_10316,i_01523,i_21094,i_07520,i_08132,i_02079,i_13998,i_03678,i_03773
u_05320,i_01468,i_01111,i_14604,i_01486,i_02596,i_00428,i_28984,i_10316,i_21094,i_25690
u_05321,i_32048,i_02313,i_03302,i_07676,i_05927,i_16877,i_02228,i_12430,i_03866,i_06228
u_05322,i_09052,i_01523,i_02415,i_02827,i_01486,i_14604,i_18681,i_07520,i_05267,i_02786
u_05323,i_01523,i_05167,i_05394,i_03926,i_13239,i_02720,i_02136,i_01808,i_14651,i_02079
u_05324,i_10316,i_13084,i_11373,i_05267,i_24980,i_02786,i_05394,i_01111,i_15802,i_14604
u_05325,i_14604,i_13084,i_04580,i_10133,i_31921,i_05786,i_01486,i_15669,i_02236,i_02541
u_05326,i_02786,i_10316,i_05267,i_01523,i_05394,i_14604,i_01937,i_01486,i_17626,i_01798
u_05327,i_24980,i_28982,i_10518,i_11373,i_14604,i_01545,i_17626,i_10316,i_21094,i_07576
u_05328,i_10518,i_17626,i_24980,i_03590,i_14604,i_04480,i_02280,i_10316,i_28982,i_02786
u_05329,i_03397,i_03616,i_00122,i_02111,i_04123,i_03866,i_00395,i_02228,i_02563,i_02382
u_05330,i_01937,i_14604,i_02786,i_07520,i_10316,i_00062,i_11483,i_02731,i_01523,i_31921
u_05331,i_09052,i_14115,i_03773,i_10120,i_21094,i_14221,i_01111,i_00126,i_08132,i_14808
u_05332,i_01468,i_21691,i_01111,i_05267,i_10316,i_23464,i_09345,i_04692,i_11373,i_14604
u_05333,i_29639,i_24980,i_01952,i_29600,i_03302,i_02100,i_02703,i_01480,i_00485,i_02487
u_05334,i_01993,i_04585,i_09442,i_00389,i_04480,i_02786,i_10316,i_04692,i_09182,i_14604
u_05335,i_16920,i_01468,i_00554,i_24980,i_00575,i_01486,i_01480,i_02786,i_10316,i_00226
u_05336,i_02136,i_10316,i_03773,i_04527,i_01485,i_09345,i_00575,i_01849,i_08713,i_00062
u_05337,i_11369,i_14604,i_21094,i_31921,i_17626,i_00057,i_01988,i_00122,i_06228,i_02235
u_05338,i_10316,i_01111,i_10120,i_13998,i_18217,i_03773,i_14115,i_09052,i_14808,i_04580
u_05339,i_01480,i_01111,i_10518,i_14604,i_28982,i_31903,i_05267,i_04102,i_00122,i_10316
u_05340,i_10316,i_01523,i_01937,i_04504,i_03773,i_09934,i_09052,i_14604,i_02786,i_01849
u_05341,i_03829,i_09934,i_03773,i_01849,i_02786,i_14808,i_02435,i_05416,i_02317,i_02480
u_05342,i_01451,i_03866,i_24980,i_14604,i_02407,i_01468,i_00755,i_21033,i_03829,i_05762
u_05343,i_00122,i_01827,i_03302,i_05267,i_02228,i_00724,i_21094,i_02276,i_00389,i_06228
u_05344,i_14604,i_01523,i_01937,i_17626,i_06228,i_01111,i_07520,i_03773,i_04692,i_05267
u_05345,i_01480,i_21094,i_31903,i_00506,i_05778,i_03773,i_00062,i_01746,i_02786,i_22342
u_05346,i_01111,i_08881,i_01523,i_05267,i_11373,i_01468,i_21094,i_11910,i_01451,i_02334
u_05347,i_09313,i_18333,i_11055,i_06223,i_01937,i_09327,i_24980,i_02317,i_04191,i_14604
u_05348,i_17626,i_01111,i_14604,i_21094,i_10316,i_00122,i_02235,i_05267,i_02786,i_32129
u_05349,i_02235,i_00122,i_17108,i_02786,i_14604,i_09345,i_00037,i_10316,i_00930,i_01480
u_05350,i_02786,i_14604,i_01937,i_05439,i_00948,i_14115,i_11483,i_02334,i_01111,i_06228
u_05351,i_01468,i_01480,i_01523,i_17626,i_09182,i_11910,i_07062,i_01998,i_01937,i_00062
u_05352,i_00122,i_10316,i_00062,i_14604,i_17626,i_01468,i_02786,i_31921,i_01937,i_00433
u_05353,i_01480,i_24980,i_31903,i_01868,i_08754,i_09275,i_05188,i_00365,i_10518,i_07576
u_05354,i_16920,i_21033,i_08518,i_24980,i_07576,i_01753,i_21012,i_04102,i_18031,i_02440
u_05355,i_01480,i_21094,i_00922,i_17626,i_00575,i_14604,i_10316,i_00011,i_11373,i_31952
u_05356,i_10316,i_04480,i_01523,i_07520,i_01937,i_05653,i_14983,i_06582,i_14604,i_02786
u_05357,i_04504,i_00554,i_08518,i_24980,i_16920,i_21094,i_05103,i_02213,i_18031,i_05710
u_05358,i_14604,i_02786,i_01468,i_14808,i_01523,i_24980,i_01480,i_01937,i_05267,i_00062
u_05359,i_01480,i_14604,i_01523,i_21094,i_31952,i_11373,i_12430,i_00462,i_11910,i_29639
u_05360,i_01480,i_24980,i_02786,i_17389,i_00428,i_11910,i_25535,i_02541,i_00037,i_21094
u_05361,i_06228,i_10316,i_10781,i_14808,i_10120,i_11386,i_07263,i_03926,i_02563,i_02720
u_05362,i_00062,i_14604,i_01111,i_08091,i_01937,i_10316,i_01468,i_17626,i_15802,i_19432
u_05363,i_02786,i_00468,i_01468,i_17626,i_24980,i_10316,i_03829,i_01849,i_01937,i_01523
u_05364,i_24980,i_31952,i_22738,i_00506,i_27675,i_08895,i_17626,i_21094,i_10518,i_00311
u_05365,i_02786,i_03404,i_11047,i_05267,i_02417,i_28982,i_09275,i_10100,i_17924,i_13690
u_05366,i_05267,i_01523,i_02786,i_14604,i_01430,i_04578,i_07520,i_02415,i_01468,i_17108
u_05367,i_24980,i_03773,i_02786,i_06951,i_01486,i_14604,i_02317,i_01523,i_01111,i_02079
u_05368,i_14604,i_01937,i_01798,i_01523,i_00011,i_31921,i_02786,i_07520,i_04578,i_00126
u_05369,i_24980,i_01468,i_17626,i_01480,i_25535,i_31946,i_22342,i_02786,i_00395,i_01746
u_05370,i_21094,i_02755,i_00122,i_02725,i_03601,i_09383,i_09009,i_08895,i_02563,i_13670
u_05371,i_14604,i_06228,i_24980,i_14173,i_10316,i_01937,i_11373,i_02317,i_09345,i_01468
u_05372,i_04181,i_01937,i_02786,i_01485,i_14604,i_01111,i_10316,i_03590,i_17108,i_27051
u_05373,i_14604,i_08191,i_04580,i_05267,i_09345,i_02300,i_11373,i_11910,i_01998,i_00377
u_05374,i_01523,i_18681,i_05267,i_11910,i_11365,i_00062,i_04578,i_14604,i_10316,i_17108
u_05375,i_02209,i_10316,i_10120,i_01849,i_01111,i_02317,i_11569,i_00755,i_11800,i_11075
u_05376,i_14604,i_05267,i_05439,i_14808,i_01523,i_04578,i_01937,i_11365,i_05394,i_10316
u_05377,i_01480,i_02786,i_10316,i_24980,i_01097,i_17108,i_17626,i_18139,i_02228,i_01486
u_05378,i_01480,i_11373,i_14604,i_21094,i_11909,i_10316,i_13084,i_00122,i_00725,i_03773
u_05379,i_14604,i_01523,i_05267,i_01937,i_24980,i_13705,i_17626,i_01111,i_14808,i_21094
u_05380,i_14808,i_08132,i_14115,i_05394,i_10316,i_00126,i_04580,i_02786,i_01937,i_13690
u_05381,i_17626,i_24980,i_01480,i_05267,i_10316,i_01523,i_17924,i_32040,i_01937,i_00791
u_05382,i_01937,i_10316,i_09052,i_04578,i_18681,i_03773,i_05394,i_14808,i_04580,i_01111
u_05383,i_10316,i_04418,i_01111,i_04413,i_24019,i_01202,i_02136,i_02297,i_10713,i_10714
u_05384,i_14604,i_02031,i_01937,i_03650,i_05267,i_02233,i_02786,i_10913,i_03829,i_07370
u_05385,i_10930,i_14808,i_10316,i_00791,i_04692,i_21094,i_01868,i_05394,i_00122,i_13489
u_05386,i_02155,i_08560,i_03589,i_08355,i_04221,i_15489,i_09976,i_10930,i_06441,i_15669
u_05387,i_01480,i_17923,i_25535,i_14604,i_10518,i_31903,i_24980,i_05188,i_02786,i_21094
u_05388,i_14604,i_32048,i_02136,i_00122,i_03866,i_22738,i_21094,i_05786,i_19432,i_05296
u_05389,i_24980,i_00122,i_17924,i_31741,i_21094,i_08518,i_21033,i_12901,i_00440,i_02235
u_05390,i_01135,i_00073,i_01485,i_04692,i_01807,i_01111,i_04186,i_02111,i_00389,i_03404
u_05391,i_09052,i_24980,i_10120,i_31952,i_00922,i_01111,i_15993,i_03773,i_09948,i_00377
u_05392,i_01111,i_11373,i_14604,i_00462,i_03262,i_21094,i_00433,i_00122,i_02313,i_14173
u_05393,i_05394,i_09948,i_02229,i_09345,i_10930,i_03589,i_06783,i_14604,i_08539,i_21849
u_05394,i_10316,i_02786,i_05103,i_17626,i_00122,i_05267,i_01111,i_14604,i_01485,i_27051
u_05395,i_00062,i_01468,i_02786,i_14604,i_01937,i_01523,i_10316,i_05267,i_00073,i_02415
u_05396,i_14604,i_05573,i_17626,i_05439,i_01937,i_24980,i_05191,i_02415,i_19128,i_02079
u_05397,i_00389,i_04480,i_04585,i_10316,i_10057,i_02786,i_21094,i_27051,i_21033,i_02276
u_05398,i_14604,i_11373,i_04580,i_01523,i_06228,i_00377,i_01937,i_03601,i_08355,i_13084
u_05399,i_00586,i_01486,i_24980,i_01165,i_01468,i_14604,i_17269,i_03773,i_01523,i_02209
u_05400,i_17108,i_10316,i_05416,i_13690,i_01479,i_04191,i_11910,i_08831,i_02255,i_03319
u_05401,i_00157,i_00158,i_00091,i_28547,i_21094,i_01054,i_24302,i_00470,i_10316,i_18031
u_05402,i_08592,i_01203,i_14770,i_04315,i_05835,i_12263,i_01937,i_09345,i_17626,i_06450
u_05403,i_06017,i_03869,i_11373,i_03302,i_02228,i_14604,i_04679,i_01479,i_09592,i_01827
u_05404,i_05267,i_11910,i_24980,i_13705,i_05394,i_01523,i_09182,i_31921,i_05472,i_02111
u_05405,i_01523,i_03678,i_10316,i_08132,i_09052,i_09124,i_01937,i_01468,i_09461,i_01739
u_05406,i_01480,i_24980,i_04191,i_02786,i_17626,i_02319,i_10518,i_24302,i_02136,i_01798
u_05407,i_32048,i_02786,i_12430,i_01111,i_03397,i_11373,i_06397,i_05786,i_02563,i_10133
u_05408,i_01111,i_00377,i_11373,i_10316,i_02786,i_12061,i_14604,i_09345,i_14808,i_02229
u_05409,i_03319,i_09816,i_01135,i_03590,i_06188,i_09442,i_02078,i_03483,i_02634,i_09341
u_05410,i_10316,i_24980,i_14604,i_01044,i_21094,i_01111,i_12430,i_02382,i_06228,i_02786
u_05411,i_11373,i_02786,i_08560,i_03397,i_00122,i_10895,i_32048,i_31921,i_05786,i_25535
u_05412,i_06228,i_11373,i_12282,i_03302,i_10316,i_12785,i_02954,i_18032,i_10081,i_02276
u_05413,i_02786,i_01111,i_24980,i_21094,i_05267,i_05472,i_10316,i_01937,i_13705,i_01849
u_05414,i_22134,i_19978,i_23033,i_17901,i_02954,i_22515,i_13295,i_04254,i_24481,i_02276
u_05415,i_09345,i_14604,i_05394,i_14173,i_01111,i_01937,i_02827,i_17108,i_02541,i_14074
u_05416,i_07370,i_11373,i_06228,i_01468,i_14115,i_05416,i_03773,i_10100,i_05431,i_10316
u_05417,i_10316,i_02321,i_03319,i_01135,i_02382,i_09345,i_04692,i_02631,i_11373,i_00057
u_05418,i_19469,i_03397,i_12282,i_13253,i_08953,i_02725,i_10081,i_09345,i_07567,i_12786
u_05419,i_01111,i_01523,i_05267,i_14604,i_24980,i_11910,i_01468,i_00122,i_10316,i_01480
u_05420,i_03829,i_05167,i_05786,i_05267,i_05394,i_06441,i_01468,i_11342,i_08862,i_25535
u_05421,i_10316,i_05267,i_14604,i_18681,i_21094,i_09345,i_01764,i_01937,i_11373,i_08862
u_05422,i_14604,i_05267,i_01468,i_03773,i_14115,i_02079,i_01430,i_02786,i_10316,i_00377
u_05423,i_21249,i_11373,i_02786,i_09052,i_01849,i_14808,i_10316,i_14604,i_03773,i_08132
u_05424,i_00122,i_11373,i_10316,i_24980,i_05677,i_01480,i_01827,i_02382,i_29639,i_05786
u_05425,i_04181,i_04480,i_27051,i_03590,i_14604,i_02111,i_10120,i_11373,i_01764,i_01485
u_05426,i_02786,i_03319,i_04580,i_01479,i_05416,i_01993,i_14173,i_32129,i_01468,i_12598
u_05427,i_10316,i_06228,i_17626,i_24980,i_14604,i_00122,i_08560,i_08099,i_11107,i_10996
u_05428,i_17626,i_01523,i_10316,i_00395,i_01479,i_04254,i_15005,i_01202,i_11543,i_11373
u_05429,i_11909,i_11373,i_10316,i_01468,i_01523,i_29639,i_14604,i_08091,i_00122,i_19432
u_05430,i_00062,i_14651,i_05416,i_01523,i_07520,i_08132,i_10316,i_04523,i_00073,i_01468
u_05431,i_01523,i_14115,i_05267,i_14604,i_01937,i_11047,i_05439,i_24980,i_04692,i_12424
u_05432,i_01111,i_02786,i_02631,i_14604,i_04679,i_11561,i_01485,i_05267,i_14074,i_04692
u_05433,i_10316,i_10894,i_01468,i_07016,i_14604,i_14984,i_02209,i_09976,i_08355,i_11154
u_05434,i_02031,i_02111,i_02091,i_02417,i_01485,i_05267,i_02786,i_13690,i_01468,i_08713
u_05435,i_05439,i_09052,i_01998,i_10120,i_08132,i_00062,i_09948,i_01111,i_02334,i_21094
u_05436,i_01205,i_02270,i_10910,i_31989,i_01546,i_00771,i_00747,i_32029,i_00782,i_32101
u_05437,i_05267,i_09345,i_10316,i_21094,i_01523,i_11373,i_13651,i_01111,i_14808,i_12430
u_05438,i_31993,i_00037,i_24980,i_03397,i_00428,i_01486,i_03616,i_08895,i_00389,i_04033
u_05439,i_01480,i_10518,i_00122,i_01111,i_11373,i_00377,i_28982,i_01937,i_05267,i_02079
u_05440,i_01937,i_01111,i_14604,i_01923,i_00062,i_01468,i_07520,i_01523,i_21094,i_31921
u_05441,i_09052,i_14115,i_14808,i_01998,i_10120,i_09182,i_00126,i_18217,i_04580,i_01849
u_05442,i_03866,i_17626,i_31952,i_02382,i_00122,i_10316,i_03869,i_02100,i_11373,i_06533
u_05443,i_00122,i_17626,i_01523,i_10316,i_21094,i_01937,i_02786,i_00791,i_31952,i_00377
u_05444,i_04640,i_05651,i_09286,i_07567,i_04725,i_29117,i_04720,i_04442,i_15154,i_02954
u_05445,i_11373,i_17670,i_17389,i_02276,i_00716,i_00036,i_02631,i_26940,i_02345,i_01535
u_05446,i_04377,i_04418,i_02317,i_00870,i_04191,i_01202,i_03568,i_00922,i_08518,i_00724
u_05447,i_00865,i_14604,i_02786,i_01827,i_24302,i_08881,i_21094,i_24980,i_01468,i_01545
u_05448,i_10316,i_01937,i_02786,i_01523,i_08132,i_05267,i_01468,i_01798,i_14115,i_02380
u_05449,i_17626,i_04191,i_27675,i_00122,i_21094,i_01468,i_13031,i_00023,i_08193,i_02297
u_05450,i_17626,i_03590,i_22605,i_01937,i_08713,i_02786,i_14604,i_04181,i_00122,i_01468
u_05451,i_14604,i_05267,i_11365,i_02228,i_17626,i_10316,i_01468,i_04578,i_03829,i_02786
u_05452,i_01937,i_14604,i_17626,i_08713,i_31903,i_02827,i_01468,i_18681,i_02415,i_02786
u_05453,i_00062,i_14115,i_02786,i_17626,i_05394,i_01937,i_08052,i_05267,i_10120,i_06228
u_05454,i_05267,i_11910,i_00027,i_01798,i_07171,i_14808,i_00791,i_00126,i_11373,i_08754
u_05455,i_02786,i_14604,i_17626,i_01468,i_10316,i_01523,i_01937,i_11910,i_11373,i_27051
u_05456,i_01203,i_06241,i_13547,i_00428,i_01827,i_08881,i_24980,i_09345,i_03397,i_17108
u_05457,i_05267,i_09383,i_02631,i_24980,i_02229,i_13690,i_05394,i_14604,i_10316,i_01468
u_05458,i_10316,i_04191,i_06228,i_14604,i_13841,i_07524,i_01937,i_17626,i_01202,i_00122
u_05459,i_00122,i_01135,i_01334,i_05267,i_10316,i_03616,i_17108,i_01111,i_00377,i_06450
u_05460,i_09383,i_02786,i_01111,i_05394,i_11342,i_10316,i_12061,i_14115,i_11569,i_14728
u_05461,i_10316,i_13547,i_02786,i_24980,i_01523,i_03678,i_04692,i_05472,i_13670,i_06228
u_05462,i_03773,i_00506,i_21094,i_08881,i_00075,i_08518,i_10316,i_08895,i_27675,i_00122
u_05463,i_14604,i_01480,i_10316,i_24980,i_05394,i_11910,i_14115,i_14984,i_11373,i_00122
u_05464,i_02786,i_01937,i_01523,i_14651,i_01923,i_08132,i_05472,i_02827,i_12072,i_01111
u_05465,i_17626,i_24980,i_14604,i_21094,i_11373,i_01468,i_10316,i_06228,i_31952,i_00057
u_05466,i_01480,i_10316,i_02786,i_17924,i_00011,i_31921,i_00470,i_14604,i_25690,i_00468
u_05467,i_10316,i_09052,i_14115,i_05416,i_13998,i_18217,i_10120,i_01739,i_00433,i_08132
u_05468,i_14604,i_10518,i_21094,i_06228,i_11373,i_01849,i_31921,i_01111,i_01736,i_24980
u_05469,i_01480,i_01937,i_01523,i_24980,i_17626,i_01468,i_02334,i_21094,i_11373,i_03866
u_05470,i_10316,i_01523,i_09052,i_08132,i_14604,i_00062,i_03773,i_03678,i_08713,i_09182
u_05471,i_14604,i_10316,i_02786,i_07089,i_10518,i_11373,i_01111,i_01937,i_24980,i_01523
u_05472,i_10996,i_15818,i_06886,i_16938,i_07567,i_07174,i_08638,i_19194,i_12927,i_12469
u_05473,i_10316,i_24980,i_00724,i_02683,i_04315,i_21094,i_00122,i_14604,i_01523,i_02786
u_05474,i_21094,i_00122,i_04191,i_08895,i_02631,i_24980,i_00395,i_02235,i_05786,i_06383
u_05475,i_02786,i_01937,i_00062,i_11483,i_08713,i_07520,i_14604,i_24980,i_08052,i_14115
u_05476,i_00037,i_02786,i_02334,i_01937,i_25690,i_18681,i_08754,i_01798,i_05786,i_14604
u_05477,i_10316,i_01746,i_05493,i_17626,i_21094,i_01764,i_02786,i_24980,i_11373,i_01468
u_05478,i_05267,i_14604,i_02786,i_10978,i_11153,i_24980,i_10316,i_05123,i_05394,i_04578
u_05479,i_01044,i_00428,i_31741,i_24980,i_12901,i_08895,i_17670,i_31952,i_00395,i_00122
u_05480,i_01993,i_02950,i_09345,i_01479,i_00122,i_00037,i_01827,i_22342,i_02209,i_00389
u_05481,i_14604,i_03884,i_14115,i_31983,i_01523,i_01468,i_12407,i_02317,i_10222,i_05267
u_05482,i_19978,i_11800,i_12944,i_09932,i_13883,i_02831,i_13084,i_24980,i_08539,i_13761
u_05483,i_24980,i_06766,i_02276,i_17626,i_10316,i_02954,i_00122,i_02080,i_09345,i_17108
u_05484,i_21094,i_08132,i_14808,i_10316,i_01937,i_05267,i_01998,i_01468,i_09345,i_03773
u_05485,i_10316,i_00122,i_02317,i_01111,i_04191,i_02079,i_03319,i_05431,i_02634,i_01479
u_05486,i_01537,i_10316,i_00038,i_04478,i_01468,i_14604,i_01523,i_01937,i_02111,i_01224
u_05487,i_01480,i_31741,i_14604,i_21094,i_04191,i_06228,i_02209,i_17626,i_31952,i_02683
u_05488,i_02786,i_01468,i_05267,i_01111,i_10316,i_21094,i_01523,i_01480,i_14604,i_01937
u_05489,i_14604,i_01111,i_01998,i_04580,i_01523,i_14808,i_10316,i_08191,i_02786,i_02827
u_05490,i_11373,i_22342,i_03773,i_02786,i_05354,i_02297,i_00433,i_07370,i_01468,i_01937
u_05491,i_02136,i_17924,i_02317,i_05103,i_04413,i_02596,i_21094,i_01485,i_00126,i_03678
u_05492,i_31952,i_01468,i_10316,i_21094,i_02786,i_31993,i_01486,i_00122,i_10509,i_02631
u_05493,i_14604,i_05439,i_07520,i_01523,i_01430,i_10316,i_09052,i_01468,i_08052,i_01480
u_05494,i_01480,i_00204,i_28982,i_04102,i_24980,i_00365,i_10518,i_07576,i_02334,i_02786
u_05495,i_14604,i_11373,i_00122,i_24980,i_10316,i_06228,i_05267,i_09010,i_13084,i_05652
u_05496,i_01480,i_10518,i_31903,i_01430,i_00037,i_01937,i_03829,i_02334,i_00062,i_24980
u_05497,i_09842,i_29117,i_01993,i_00037,i_05493,i_01937,i_05394,i_01923,i_02276,i_10895
u_05498,i_10353,i_04603,i_02786,i_14604,i_01937,i_05267,i_08091,i_01468,i_17108,i_10316
u_05499,i_11548,i_00492,i_04181,i_02415,i_06491,i_03590,i_02031,i_04221,i_01224,i_10081
u_05500,i_05394,i_02786,i_10316,i_04578,i_01937,i_00724,i_01998,i_02409,i_03866,i_00791
u_05501,i_21094,i_17626,i_24980,i_10316,i_14604,i_02280,i_31921,i_02786,i_01468,i_00122
u_05502,i_24980,i_00122,i_17626,i_14604,i_01439,i_01480,i_00402,i_31741,i_01539,i_11373
u_05503,i_24980,i_14604,i_01111,i_00122,i_10316,i_17626,i_01485,i_01937,i_02111,i_01523
u_05504,i_14115,i_14604,i_24980,i_01937,i_00062,i_10316,i_17626,i_02317,i_21094,i_00126
u_05505,i_01480,i_11910,i_03866,i_09345,i_08895,i_00755,i_01523,i_02631,i_10316,i_02321
u_05506,i_14604,i_01111,i_05267,i_01523,i_10316,i_09052,i_14115,i_01468,i_00377,i_01937
u_05507,i_06766,i_00922,i_32048,i_09345,i_10316,i_09275,i_08895,i_05267,i_01827,i_00870
u_05508,i_10316,i_17670,i_00023,i_00389,i_01827,i_12430,i_00761,i_00122,i_02334,i_05267
u_05509,i_01480,i_01468,i_14604,i_00011,i_31903,i_18681,i_10316,i_01736,i_07520,i_01937
u_05510,i_02786,i_01523,i_01937,i_10316,i_00062,i_14604,i_01468,i_01485,i_01111,i_24980
u_05511,i_11373,i_01111,i_09345,i_09948,i_08132,i_14604,i_00122,i_05418,i_13084,i_04692
u_05512,i_07676,i_05491,i_17108,i_00037,i_09345,i_03397,i_01485,i_04033,i_02786,i_01523
u_05513,i_09842,i_05213,i_00122,i_24980,i_02111,i_02380,i_05267,i_32048,i_02541,i_04191
u_05514,i_03678,i_17626,i_14604,i_02786,i_13084,i_06228,i_00122,i_11373,i_29117,i_01480
u_05515,i_04578,i_02786,i_18681,i_02415,i_08713,i_00062,i_02827,i_01430,i_11365,i_05267
u_05516,i_10316,i_17626,i_00930,i_12901,i_00724,i_04585,i_02786,i_27675,i_00122,i_00075
u_05517,i_00091,i_01135,i_02382,i_00057,i_21094,i_00075,i_18139,i_00440,i_01827,i_01539
u_05518,i_14115,i_13084,i_08754,i_01480,i_02334,i_03773,i_02079,i_06228,i_01937,i_13489
u_05519,i_14604,i_10518,i_17923,i_11373,i_11910,i_00306,i_06071,i_22897,i_03773,i_10316
u_05520,i_10316,i_03773,i_31921,i_14604,i_00724,i_11373,i_05394,i_14984,i_08132,i_01523
u_05521,i_01523,i_14115,i_17626,i_01111,i_01468,i_10316,i_01480,i_05267,i_03151,i_05394
u_05522,i_04181,i_02382,i_00122,i_02276,i_00395,i_04480,i_02154,i_01111,i_24980,i_04478
u_05523,i_02276,i_01827,i_24980,i_03567,i_00122,i_02228,i_00716,i_01539,i_09345,i_16877
u_05524,i_04221,i_08638,i_15818,i_22265,i_08544,i_14604,i_10316,i_25981,i_08642,i_08346
u_05525,i_11373,i_00395,i_09345,i_01485,i_01923,i_00540,i_08862,i_00724,i_13084,i_21094
u_05526,i_00057,i_25590,i_02273,i_02683,i_03302,i_01942,i_00395,i_07567,i_02276,i_17108
u_05527,i_01937,i_11548,i_04181,i_02415,i_14115,i_17626,i_05439,i_02111,i_05416,i_04478
u_05528,i_09052,i_03773,i_04478,i_10120,i_09182,i_18217,i_14808,i_05493,i_00948,i_05416
u_05529,i_05267,i_17108,i_08191,i_05394,i_00523,i_10895,i_00428,i_14604,i_00724,i_21094
u_05530,i_14604,i_05267,i_24980,i_02786,i_00062,i_11910,i_01468,i_10316,i_07520,i_08713
u_05531,i_09130,i_13883,i_03412,i_10974,i_08053,i_15005,i_13823,i_13353,i_15661,i_14601
u_05532,i_09592,i_00145,i_01479,i_13850,i_10081,i_10781,i_21249,i_13122,i_02954,i_00395
u_05533,i_06228,i_32048,i_05354,i_01827,i_11107,i_09595,i_02136,i_01545,i_15902,i_02725
u_05534,i_01129,i_17626,i_02631,i_05786,i_00457,i_09141,i_12430,i_05103,i_29639,i_00402
u_05535,i_14604,i_21094,i_00724,i_01111,i_11373,i_00057,i_02080,i_00395,i_08132,i_06228
u_05536,i_13499,i_10100,i_19634,i_21480,i_15906,i_24604,i_10571,i_16295,i_05416,i_04115
u_05537,i_10316,i_31946,i_12567,i_02317,i_14604,i_22342,i_02380,i_04413,i_11910,i_01202
u_05538,i_31950,i_10120,i_21094,i_14221,i_09345,i_01111,i_01849,i_05416,i_07520,i_08132
u_05539,i_06882,i_09182,i_10316,i_01485,i_01523,i_07524,i_03397,i_31921,i_02334,i_08132
u_05540,i_17626,i_10316,i_07263,i_14604,i_10120,i_01849,i_02079,i_02280,i_11373,i_00930
u_05541,i_01849,i_10316,i_03773,i_02786,i_03151,i_00062,i_02079,i_08132,i_14115,i_05439
u_05542,i_08193,i_05212,i_02279,i_02276,i_17108,i_02359,i_00395,i_27051,i_04171,i_01827
u_05543,i_04692,i_03689,i_04181,i_14221,i_02111,i_27051,i_10057,i_07370,i_01934,i_05472
u_05544,i_02786,i_10316,i_11910,i_01523,i_01480,i_14604,i_03773,i_09052,i_01111,i_05416
u_05545,i_01165,i_04585,i_01479,i_02209,i_24980,i_21094,i_00122,i_02541,i_06450,i_00057
u_05546,i_24980,i_05267,i_01480,i_17924,i_09345,i_13084,i_05394,i_10133,i_00062,i_14808
u_05547,i_00395,i_00057,i_01479,i_02631,i_01135,i_08081,i_02209,i_00037,i_26940,i_03319
u_05548,i_01937,i_24980,i_17626,i_04181,i_14808,i_01111,i_01468,i_01480,i_04480,i_03773
u_05549,i_01480,i_05267,i_10316,i_01937,i_31903,i_01111,i_01849,i_01798,i_17626,i_11910
u_05550,i_09842,i_03773,i_01485,i_06390,i_01937,i_14604,i_03926,i_03678,i_07172,i_01923
u_05551,i_32129,i_02786,i_10316,i_17108,i_01523,i_08862,i_11910,i_01485,i_21094,i_00724
u_05552,i_10995,i_08173,i_09383,i_09345,i_04679,i_02127,i_02382,i_03397,i_14120,i_01135
u_05553,i_01480,i_02786,i_17626,i_14604,i_01111,i_21094,i_05267,i_28982,i_00122,i_01523
u_05554,i_00506,i_10316,i_05394,i_05267,i_02136,i_02244,i_18031,i_13084,i_00126,i_02380
u_05555,i_06228,i_14604,i_01111,i_24019,i_01468,i_02136,i_01849,i_17626,i_14808,i_00306
u_05556,i_10995,i_01075,i_02276,i_10316,i_02279,i_06228,i_10409,i_07370,i_10781,i_24980
u_05557,i_14604,i_01468,i_01937,i_05267,i_24980,i_10316,i_01523,i_06412,i_00922,i_09345
u_05558,i_02703,i_10133,i_04580,i_04221,i_03866,i_00724,i_05767,i_07567,i_02329,i_05894
u_05559,i_01468,i_18217,i_24980,i_14221,i_14604,i_17626,i_01111,i_02786,i_10120,i_14115
u_05560,i_01480,i_05267,i_11373,i_00365,i_10316,i_24980,i_01523,i_08754,i_10120,i_03773
u_05561,i_32129,i_02276,i_14604,i_05786,i_00037,i_17108,i_01998,i_03773,i_13084,i_14808
u_05562,i_00162,i_02676,i_21033,i_00311,i_01480,i_00023,i_17626,i_00324,i_01937,i_03773
u_05563,i_02228,i_10995,i_01485,i_03773,i_17108,i_04585,i_10316,i_02209,i_01111,i_01479
u_05564,i_05272,i_01486,i_05267,i_25690,i_14604,i_01468,i_01523,i_01937,i_02282,i_02596
u_05565,i_04181,i_02111,i_17108,i_02417,i_01135,i_01937,i_12101,i_00389,i_02359,i_02415
u_05566,i_13611,i_10996,i_10349,i_08258,i_15802,i_08053,i_08638,i_12063,i_15843,i_13883
u_05567,i_01480,i_08881,i_24980,i_14604,i_00122,i_02786,i_01523,i_21094,i_01468,i_28982
u_05568,i_01937,i_02786,i_09052,i_00062,i_08132,i_03773,i_14651,i_07171,i_14115,i_01468
u_05569,i_10518,i_31952,i_14604,i_17924,i_00011,i_11910,i_21094,i_17626,i_05786,i_31741
u_05570,i_01480,i_10316,i_21094,i_11373,i_14604,i_17626,i_01523,i_02313,i_00306,i_03773
u_05571,i_01480,i_24980,i_07089,i_14604,i_02786,i_03316,i_04549,i_08754,i_04102,i_11055
u_05572,i_02786,i_01937,i_01480,i_10316,i_01523,i_00062,i_05267,i_14604,i_18139,i_11483
u_05573,i_01480,i_31921,i_17924,i_01468,i_21094,i_10316,i_11910,i_17626,i_00724,i_05267
u_05574,i_02786,i_00468,i_01523,i_17626,i_14604,i_24980,i_05694,i_10316,i_31952,i_00011
u_05575,i_00023,i_01523,i_05394,i_14604,i_11047,i_00724,i_02711,i_02786,i_21094,i_04340
u_05576,i_01480,i_00506,i_12430,i_13295,i_02276,i_01496,i_02105,i_21094,i_08895,i_00075
u_05577,i_31921,i_02786,i_01523,i_01764,i_14604,i_00755,i_02079,i_02136,i_05267,i_09052
u_05578,i_10316,i_17626,i_11355,i_06479,i_06473,i_24302,i_24049,i_04603,i_24126,i_28547
u_05579,i_14604,i_01111,i_01485,i_01523,i_10316,i_27051,i_08052,i_00122,i_04181,i_03678
u_05580,i_17626,i_11910,i_01937,i_01480,i_03773,i_11055,i_01523,i_11365,i_10316,i_04580
u_05581,i_01523,i_10316,i_04191,i_01468,i_01111,i_31952,i_21094,i_02297,i_11373,i_14604
u_05582,i_00011,i_02334,i_13651,i_32129,i_01798,i_09345,i_02399,i_17924,i_07567,i_00027
u_05583,i_08881,i_01468,i_26940,i_00091,i_32048,i_06241,i_03616,i_04254,i_05786,i_01097
u_05584,i_01468,i_24980,i_02786,i_00377,i_04580,i_31741,i_21094,i_00365,i_08132,i_11373
u_05585,i_00506,i_10316,i_17626,i_24980,i_01468,i_02786,i_00155,i_21033,i_00153,i_05187
u_05586,i_09592,i_01075,i_16766,i_02136,i_15902,i_02954,i_10120,i_10781,i_01808,i_11047
u_05587,i_00793,i_24980,i_07263,i_00122,i_05664,i_03319,i_14604,i_10316,i_10120,i_17626
u_05588,i_00122,i_12901,i_01135,i_00057,i_05800,i_01111,i_08895,i_01485,i_21094,i_00389
u_05589,i_01480,i_01486,i_14604,i_24980,i_11373,i_00122,i_31921,i_07263,i_01468,i_11910
u_05590,i_10518,i_14604,i_11909,i_11373,i_04033,i_21094,i_03678,i_06228,i_11910,i_10316
u_05591,i_02786,i_14604,i_01111,i_01807,i_00062,i_01937,i_13690,i_05439,i_14115,i_08132
u_05592,i_10316,i_15630,i_16633,i_01111,i_17626,i_11047,i_09052,i_18217,i_10120,i_00122
u_05593,i_05267,i_14808,i_01937,i_01480,i_01523,i_11910,i_02786,i_01111,i_10316,i_11373
u_05594,i_24980,i_01480,i_12430,i_08895,i_09009,i_17626,i_01827,i_32129,i_21094,i_11373
u_05595,i_10316,i_16920,i_14604,i_00226,i_21094,i_02393,i_02213,i_05103,i_14984,i_01486
u_05596,i_03806,i_17626,i_09072,i_01486,i_24980,i_00122,i_00395,i_14604,i_01523,i_32048
u_05597,i_10316,i_01486,i_09345,i_02100,i_11373,i_02105,i_00433,i_00506,i_02228,i_00122
u_05598,i_24980,i_02786,i_03262,i_05272,i_00554,i_14604,i_10316,i_21094,i_32040,i_17626
u_05599,i_01468,i_01937,i_05267,i_24980,i_14604,i_02786,i_05394,i_11910,i_04578,i_21094
u_05600,i_01480,i_28982,i_01158,i_29639,i_17626,i_24980,i_10518,i_01129,i_04102,i_00204
u_05601,i_01480,i_28982,i_04102,i_10518,i_32048,i_14604,i_00365,i_02334,i_10316,i_09345
u_05602,i_02541,i_09345,i_10930,i_03829,i_03866,i_03773,i_07171,i_08801,i_00037,i_07370
u_05603,i_24980,i_01764,i_02786,i_01480,i_10316,i_14604,i_24302,i_01468,i_01746,i_02334
u_05604,i_05267,i_14604,i_24980,i_17626,i_05394,i_01480,i_01111,i_11373,i_00122,i_09345
u_05605,i_14604,i_17626,i_10316,i_24980,i_01937,i_00377,i_06071,i_02786,i_11373,i_04578
u_05606,i_01480,i_00795,i_01054,i_05272,i_24302,i_02282,i_31983,i_03829,i_02827,i_31741
u_05607,i_01523,i_10316,i_14115,i_02786,i_13124,i_14604,i_08132,i_05267,i_11047,i_01937
u_05608,i_11373,i_01998,i_24980,i_00062,i_13084,i_10316,i_01111,i_14808,i_02786,i_17626
u_05609,i_24980,i_04102,i_17924,i_31903,i_10518,i_09275,i_00204,i_14604,i_04549,i_00011
u_05610,i_00470,i_14604,i_31946,i_01468,i_00122,i_01486,i_00311,i_00922,i_31921,i_31741
u_05611,i_00506,i_08881,i_21094,i_01827,i_01486,i_18031,i_16877,i_08518,i_00091,i_17108
u_05612,i_11373,i_01523,i_03773,i_10316,i_11910,i_03151,i_02786,i_01937,i_01468,i_00155
u_05613,i_02786,i_14604,i_00062,i_13031,i_02317,i_17626,i_10316,i_01111,i_02596,i_00122
u_05614,i_01937,i_02786,i_05394,i_14808,i_01430,i_32129,i_01523,i_14604,i_00126,i_24980
u_05615,i_01523,i_17626,i_10120,i_01468,i_14115,i_06241,i_06882,i_23257,i_05472,i_08132
u_05616,i_09052,i_01937,i_02415,i_04504,i_00226,i_03302,i_06228,i_00852,i_03678,i_02136
u_05617,i_01937,i_05267,i_08801,i_05976,i_01111,i_14604,i_02786,i_08052,i_05394,i_17626
u_05618,i_24980,i_01937,i_01480,i_00037,i_24302,i_04346,i_01485,i_02954,i_01998,i_28982
u_05619,i_07520,i_01523,i_02415,i_04578,i_11483,i_02786,i_18681,i_14604,i_03151,i_05267
u_05620,i_02786,i_01937,i_01523,i_00928,i_04578,i_13651,i_14115,i_00037,i_00468,i_05267
u_05621,i_01937,i_05267,i_01111,i_08801,i_03829,i_04578,i_01810,i_01998,i_04527,i_32112
u_05622,i_05267,i_02786,i_00037,i_01523,i_14808,i_05394,i_05786,i_10978,i_11153,i_03397
u_05623,i_01468,i_00122,i_24980,i_14604,i_10316,i_05493,i_02786,i_17626,i_00776,i_06228
u_05624,i_09436,i_24980,i_09345,i_08132,i_05267,i_00395,i_10120,i_12567,i_02276,i_06534
u_05625,i_09345,i_08881,i_02786,i_00023,i_00057,i_31952,i_31921,i_02334,i_00428,i_12430
u_05626,i_15005,i_09345,i_21849,i_07567,i_00724,i_03866,i_10316,i_04221,i_04186,i_02634
u_05627,i_01937,i_10316,i_14604,i_01523,i_02407,i_01468,i_00755,i_00377,i_11373,i_05786
u_05628,i_01741,i_10316,i_01764,i_17108,i_01480,i_02031,i_01224,i_07596,i_31950,i_07520
u_05629,i_31993,i_17626,i_03829,i_24980,i_14604,i_01523,i_02786,i_10316,i_01937,i_00122
u_05630,i_22342,i_06228,i_15902,i_05354,i_10409,i_15005,i_24980,i_00145,i_05837,i_13253
u_05631,i_31921,i_14604,i_02786,i_03773,i_17626,i_01480,i_11373,i_11910,i_24302,i_00163
u_05632,i_06071,i_21094,i_02228,i_05778,i_02276,i_06228,i_01111,i_04191,i_32048,i_07666
u_05633,i_14604,i_24980,i_11373,i_01480,i_03865,i_10316,i_18333,i_01111,i_01937,i_05296
u_05634,i_01451,i_03866,i_05394,i_02786,i_17626,i_11373,i_09345,i_14604,i_01111,i_05439
u_05635,i_14604,i_21094,i_02786,i_01111,i_01468,i_00062,i_01480,i_27051,i_07520,i_00395
u_05636,i_10316,i_11910,i_14115,i_01523,i_04578,i_14808,i_04580,i_08132,i_01998,i_01480
u_05637,i_10316,i_14604,i_17924,i_02786,i_31952,i_22342,i_00062,i_01044,i_00930,i_00011
u_05638,i_10316,i_22342,i_14604,i_00122,i_02786,i_01480,i_04191,i_01523,i_02319,i_00077
u_05639,i_00226,i_01480,i_17626,i_24980,i_21094,i_01468,i_02105,i_00122,i_12430,i_01486
u_05640,i_05267,i_18681,i_14808,i_17626,i_04578,i_01430,i_05394,i_24980,i_04580,i_11365
u_05641,i_24980,i_02299,i_11373,i_17626,i_01545,i_05394,i_06071,i_10316,i_10781,i_11047
u_05642,i_01480,i_10316,i_21094,i_05267,i_14604,i_10518,i_16837,i_06228,i_02786,i_00155
u_05643,i_05267,i_05394,i_04580,i_14808,i_01937,i_11373,i_03829,i_09345,i_02229,i_01468
u_05644,i_09635,i_00776,i_03262,i_00725,i_01827,i_01545,i_06951,i_11386,i_24980,i_02954
u_05645,i_08091,i_10353,i_02316,i_04603,i_07587,i_08560,i_05775,i_11369,i_10698,i_02098
u_05646,i_14604,i_10316,i_01937,i_14115,i_03773,i_10120,i_05439,i_01111,i_24980,i_05267
u_05647,i_00506,i_00163,i_00155,i_14796,i_24980,i_18031,i_03773,i_01849,i_00470,i_10316
u_05648,i_11373,i_01480,i_05267,i_04580,i_10316,i_00377,i_01111,i_11909,i_28982,i_00122
u_05649,i_01111,i_01523,i_01937,i_02786,i_00062,i_14115,i_08132,i_05416,i_14651,i_03773
u_05650,i_01480,i_11373,i_10316,i_01451,i_12430,i_00716,i_02631,i_14604,i_17626,i_01111
u_05651,i_05267,i_11047,i_13290,i_01111,i_03678,i_20808,i_10316,i_24980,i_10972,i_02136
u_05652,i_05764,i_09591,i_08091,i_19432,i_14633,i_11154,i_09976,i_08831,i_01479,i_23176
u_05653,i_13998,i_02882,i_10120,i_18217,i_01523,i_17626,i_03773,i_11910,i_08132,i_14221
u_05654,i_16667,i_11384,i_13728,i_11373,i_14114,i_16317,i_10316,i_08232,i_06678,i_00145
u_05655,i_00122,i_10316,i_01111,i_05267,i_01827,i_01486,i_24980,i_04221,i_00523,i_02407
u_05656,i_01111,i_01486,i_00433,i_02136,i_02786,i_02393,i_01937,i_01523,i_02317,i_17626
u_05657,i_17626,i_24980,i_14604,i_02786,i_09345,i_01523,i_03304,i_00724,i_10316,i_17108
u_05658,i_02786,i_05267,i_01937,i_08132,i_01523,i_10316,i_03773,i_09052,i_05439,i_01486
u_05659,i_14604,i_10316,i_11055,i_00122,i_11373,i_09182,i_13423,i_04254,i_06397,i_02882
u_05660,i_10316,i_00155,i_01486,i_14604,i_03773,i_00440,i_24980,i_00470,i_17626,i_00091
u_05661,i_01111,i_00122,i_08132,i_24980,i_02786,i_04580,i_05394,i_05786,i_00755,i_14808
u_05662,i_01468,i_00122,i_02786,i_05267,i_28238,i_11342,i_01937,i_28984,i_01810,i_00027
u_05663,i_01480,i_24980,i_01202,i_10316,i_06228,i_14604,i_01054,i_01468,i_02786,i_16877
u_05664,i_01480,i_10316,i_02683,i_28982,i_10518,i_14604,i_21094,i_02786,i_31741,i_31952
u_05665,i_14604,i_11365,i_05267,i_13705,i_18681,i_09345,i_02334,i_01523,i_03819,i_02827
u_05666,i_10316,i_11373,i_06228,i_15818,i_08544,i_05901,i_17626,i_19432,i_07370,i_13291
u_05667,i_23033,i_26996,i_22134,i_26786,i_31813,i_28376,i_25601,i_28152,i_26771,i_24511
u_05668,i_01480,i_04102,i_28982,i_24980,i_05187,i_31903,i_02334,i_07576,i_14604,i_09077
u_05669,i_14604,i_07089,i_24980,i_09345,i_11373,i_06951,i_18333,i_17660,i_13084,i_06223
u_05670,i_01937,i_01430,i_02786,i_14808,i_04578,i_05394,i_08801,i_00468,i_08754,i_05349
u_05671,i_14604,i_01523,i_05267,i_00062,i_31902,i_02786,i_21094,i_00154,i_11910,i_01468
u_05672,i_24980,i_05267,i_04580,i_03773,i_01937,i_01111,i_14808,i_04340,i_00540,i_08132
u_05673,i_01468,i_02786,i_17626,i_24980,i_01937,i_24302,i_02031,i_10316,i_13843,i_01746
u_05674,i_14604,i_05267,i_01430,i_01937,i_11910,i_01480,i_04580,i_05394,i_02827,i_01523
u_05675,i_14604,i_05267,i_14115,i_10316,i_03773,i_05439,i_01468,i_11910,i_01480,i_14808
u_05676,i_04468,i_02720,i_09124,i_12282,i_11107,i_12035,i_09103,i_11386,i_08651,i_11846
u_05677,i_01111,i_08544,i_14604,i_24980,i_11373,i_08638,i_08258,i_10316,i_17626,i_07567
u_05678,i_08132,i_05267,i_04580,i_14115,i_31921,i_05439,i_09345,i_03590,i_04692,i_10930
u_05679,i_14604,i_24980,i_02786,i_05267,i_10316,i_01480,i_01523,i_01135,i_11373,i_04580
u_05680,i_24980,i_31952,i_02786,i_14604,i_01480,i_00122,i_00011,i_00023,i_00724,i_21094
u_05681,i_01764,i_10316,i_01741,i_14604,i_10120,i_01523,i_24980,i_02111,i_11373,i_01468
u_05682,i_02786,i_01468,i_14604,i_08713,i_07263,i_03773,i_00062,i_02079,i_17108,i_04504
u_05683,i_14604,i_02786,i_05267,i_05272,i_01937,i_02282,i_24980,i_07260,i_04580,i_06068
u_05684,i_08091,i_07587,i_24980,i_09070,i_10316,i_11355,i_14604,i_23026,i_13850,i_01998
u_05685,i_11401,i_24980,i_12430,i_00057,i_00122,i_17626,i_09345,i_00395,i_08881,i_00725
u_05686,i_10316,i_02154,i_07370,i_01479,i_10057,i_02105,i_14221,i_03213,i_01468,i_00389
u_05687,i_09124,i_14604,i_31921,i_01545,i_01480,i_01523,i_24980,i_01468,i_22342,i_00126
u_05688,i_01480,i_14604,i_17924,i_10316,i_21094,i_00122,i_00468,i_01523,i_10518,i_05267
u_05689,i_10316,i_14604,i_17626,i_05267,i_01480,i_24980,i_01937,i_01485,i_11373,i_02786
u_05690,i_14604,i_01480,i_05267,i_01468,i_02235,i_31903,i_01998,i_01808,i_08132,i_02334
u_05691,i_21094,i_10316,i_01490,i_00922,i_05103,i_24980,i_08518,i_02213,i_00852,i_01486
u_05692,i_04191,i_06228,i_06884,i_12282,i_01135,i_12320,i_05034,i_09141,i_01523,i_09052
u_05693,i_01535,i_00782,i_24980,i_02334,i_21094,i_03567,i_10975,i_02136,i_09345,i_11910
u_05694,i_24980,i_05296,i_17626,i_14604,i_11373,i_10316,i_02786,i_32129,i_02300,i_00122
u_05695,i_00057,i_17108,i_02954,i_01849,i_10120,i_15005,i_04033,i_10133,i_00724,i_00540
u_05696,i_17626,i_00209,i_24980,i_00122,i_21094,i_22738,i_00211,i_09009,i_31741,i_01480
u_05697,i_11373,i_10316,i_17626,i_24980,i_01523,i_06228,i_14074,i_14604,i_01937,i_02882
u_05698,i_27051,i_17626,i_31903,i_02380,i_01468,i_02334,i_01044,i_01224,i_24980,i_31921
u_05699,i_02231,i_12101,i_04692,i_04181,i_02786,i_23257,i_27051,i_02417,i_13181,i_01937
u_05700,i_02246,i_11373,i_02725,i_10316,i_02382,i_01135,i_02313,i_03302,i_01496,i_07323
u_05701,i_14604,i_11373,i_28982,i_00365,i_24302,i_10316,i_25535,i_24980,i_31903,i_02786
u_05702,i_21094,i_14604,i_10316,i_04191,i_24980,i_04413,i_01827,i_02136,i_08862,i_17626
u_05703,i_13023,i_01827,i_00725,i_02228,i_05418,i_01535,i_05852,i_01988,i_08191,i_01539
u_05704,i_24980,i_02276,i_00122,i_02228,i_06228,i_00395,i_01496,i_10316,i_21094,i_16877
u_05705,i_05212,i_02382,i_00122,i_08193,i_02631,i_02725,i_02279,i_01135,i_00389,i_32108
u_05706,i_10316,i_14604,i_00122,i_01937,i_02786,i_08052,i_07524,i_02209,i_01523,i_03829
u_05707,i_14604,i_17626,i_24980,i_01468,i_11910,i_03773,i_00044,i_31921,i_10316,i_04419
u_05708,i_00724,i_24980,i_00428,i_32040,i_14604,i_31921,i_31952,i_11373,i_01998,i_00122
u_05709,i_01523,i_10316,i_00011,i_09052,i_14808,i_02786,i_14115,i_17626,i_11373,i_05416
u_05710,i_05267,i_14604,i_05394,i_14808,i_04580,i_08191,i_01998,i_10316,i_00377,i_05786
u_05711,i_01937,i_02786,i_01468,i_05267,i_01523,i_14808,i_14604,i_01798,i_03773,i_21094
u_05712,i_01111,i_11373,i_14604,i_13690,i_24980,i_11107,i_11910,i_02786,i_00122,i_17626
u_05713,i_17626,i_02246,i_00075,i_07323,i_00554,i_08895,i_16877,i_02106,i_01827,i_00433
u_05714,i_09052,i_10316,i_01485,i_02882,i_14115,i_03773,i_10120,i_01923,i_08713,i_14844
u_05715,i_05394,i_09591,i_05393,i_01479,i_32048,i_02317,i_03397,i_14120,i_01485,i_09182
u_05716,i_01937,i_07520,i_10316,i_01523,i_14604,i_04578,i_01486,i_02786,i_02415,i_05267
u_05717,i_01937,i_01523,i_03773,i_07520,i_10316,i_05267,i_02786,i_08713,i_01849,i_01480
u_05718,i_31903,i_14604,i_28982,i_00365,i_11373,i_07576,i_02334,i_01937,i_00122,i_10518
u_05719,i_05267,i_03829,i_08132,i_14115,i_01998,i_11373,i_06228,i_02317,i_01523,i_08713
u_05720,i_01480,i_28880,i_14604,i_08881,i_11909,i_02786,i_17626,i_11373,i_02683,i_17108
u_05721,i_01111,i_06383,i_24980,i_02786,i_17626,i_02631,i_03404,i_00122,i_10316,i_04679
u_05722,i_05267,i_17626,i_05394,i_10316,i_14808,i_01808,i_01998,i_00122,i_04580,i_01937
u_05723,i_01523,i_02786,i_05267,i_14604,i_01937,i_11365,i_01430,i_17626,i_14115,i_08052
u_05724,i_04254,i_14120,i_13489,i_13423,i_05573,i_02209,i_03773,i_01111,i_10133,i_05879
u_05725,i_14604,i_01937,i_06450,i_10316,i_10930,i_03397,i_05394,i_01523,i_03829,i_05267
u_05726,i_05267,i_01111,i_02786,i_01523,i_12061,i_04580,i_01937,i_00377,i_04692,i_10100
u_05727,i_01937,i_14604,i_05267,i_02786,i_08132,i_27051,i_01111,i_05394,i_04692,i_03829
u_05728,i_10995,i_09591,i_02786,i_10316,i_07370,i_02136,i_02244,i_00948,i_01523,i_04637
u_05729,i_14115,i_07520,i_02111,i_13998,i_01111,i_09345,i_09052,i_00433,i_02317,i_00506
u_05730,i_04418,i_07370,i_02280,i_04377,i_02282,i_28278,i_02244,i_03773,i_00554,i_05700
u_05731,i_18333,i_01523,i_01937,i_17626,i_02786,i_01111,i_14604,i_02317,i_02111,i_24980
u_05732,i_01111,i_00122,i_03865,i_10316,i_24980,i_14604,i_05786,i_02631,i_17626,i_01135
u_05733,i_03773,i_01468,i_00470,i_31952,i_31741,i_01480,i_00011,i_10316,i_00791,i_00724
u_05734,i_14604,i_01523,i_01468,i_01937,i_17626,i_10316,i_01739,i_06228,i_03773,i_21094
u_05735,i_10316,i_04191,i_03262,i_00506,i_03773,i_06228,i_00062,i_01468,i_12141,i_14984
u_05736,i_00122,i_11373,i_06228,i_13841,i_06951,i_01480,i_06952,i_12430,i_10316,i_02276
u_05737,i_06863,i_09591,i_14173,i_06228,i_04254,i_09659,i_13850,i_11373,i_13122,i_03319
u_05738,i_10316,i_01135,i_00865,i_08518,i_02136,i_14604,i_02213,i_01485,i_02380,i_27051
u_05739,i_32040,i_02786,i_01480,i_14604,i_31921,i_31952,i_00054,i_00922,i_10316,i_00122
u_05740,i_10316,i_18333,i_02631,i_01523,i_06228,i_13998,i_01480,i_03773,i_00377,i_24755
u_05741,i_24980,i_10518,i_02786,i_28982,i_10316,i_12430,i_11373,i_17626,i_01468,i_00122
u_05742,i_11107,i_06228,i_11386,i_04033,i_11373,i_09635,i_07983,i_04171,i_01496,i_19432
u_05743,i_02031,i_01937,i_22605,i_01468,i_02415,i_07520,i_00062,i_11483,i_02786,i_08052
u_05744,i_07904,i_01135,i_02382,i_01519,i_03404,i_09345,i_17119,i_32108,i_02407,i_02541
u_05745,i_10316,i_00122,i_07139,i_17626,i_04181,i_03319,i_15630,i_09442,i_10120,i_11373
u_05746,i_00928,i_00037,i_00011,i_04181,i_02136,i_09124,i_00468,i_00724,i_00389,i_06534
u_05747,i_05267,i_05394,i_14604,i_01798,i_01937,i_00122,i_04580,i_17626,i_01523,i_08862
u_05748,i_02593,i_01827,i_28238,i_11373,i_00470,i_28547,i_17108,i_17626,i_21094,i_01486
u_05749,i_09052,i_24980,i_10316,i_11373,i_10120,i_21094,i_09182,i_01111,i_02786,i_04580
u_05750,i_02720,i_09345,i_05472,i_02229,i_03319,i_02541,i_14844,i_10100,i_04254,i_32129
u_05751,i_05267,i_18217,i_14808,i_10316,i_14221,i_04580,i_09052,i_08132,i_14115,i_13690
u_05752,i_04602,i_02276,i_08091,i_05493,i_00122,i_02228,i_32129,i_00023,i_17108,i_12901
u_05753,i_11373,i_24980,i_01111,i_00122,i_17626,i_01545,i_14604,i_01135,i_13084,i_02407
u_05754,i_13084,i_01937,i_01523,i_11786,i_02764,i_10941,i_01468,i_02541,i_16276,i_04181
u_05755,i_01480,i_09504,i_21094,i_00122,i_01403,i_00075,i_01129,i_08518,i_00023,i_02136
u_05756,i_17626,i_02786,i_24980,i_31952,i_00540,i_10316,i_21094,i_00395,i_09052,i_14115
u_05757,i_01495,i_00500,i_05899,i_06754,i_04221,i_00725,i_06228,i_04646,i_02228,i_13084
u_05758,i_01111,i_02786,i_01468,i_05267,i_21094,i_10316,i_11373,i_14604,i_01523,i_01937
u_05759,i_08895,i_24980,i_16191,i_08596,i_21094,i_03567,i_01827,i_16877,i_09345,i_00395
u_05760,i_14604,i_04578,i_11373,i_11365,i_01937,i_00122,i_00011,i_17626,i_24980,i_02079
u_05761,i_18658,i_08629,i_11802,i_12493,i_00094,i_04644,i_05152,i_06678,i_07090,i_05154
u_05762,i_10316,i_02136,i_09591,i_03773,i_24980,i_14604,i_01523,i_13651,i_17626,i_02282
u_05763,i_09182,i_05416,i_04580,i_02882,i_01485,i_09052,i_00062,i_05439,i_09948,i_11569
u_05764,i_05267,i_05394,i_14808,i_08132,i_24980,i_04580,i_01998,i_10316,i_05439,i_01523
u_05765,i_21094,i_00155,i_11373,i_00091,i_00506,i_17626,i_02786,i_12430,i_02334,i_14604
u_05766,i_00782,i_01135,i_01476,i_16877,i_17626,i_01539,i_01535,i_10316,i_02382,i_00057
u_05767,i_02786,i_02282,i_13547,i_01523,i_17626,i_02136,i_01937,i_06228,i_11047,i_00433
u_05768,i_11373,i_14604,i_24980,i_10316,i_01539,i_02631,i_17626,i_02407,i_02313,i_29117
u_05769,i_06228,i_10316,i_06017,i_02273,i_10781,i_09103,i_00776,i_04191,i_02520,i_11373
u_05770,i_01937,i_05267,i_14604,i_01523,i_05416,i_01998,i_01430,i_01810,i_00037,i_18681
u_05771,i_02954,i_06228,i_13761,i_02720,i_03302,i_11373,i_02276,i_11959,i_01075,i_10972
u_05772,i_24980,i_03866,i_10316,i_11543,i_05267,i_00122,i_11919,i_02786,i_14604,i_11373
u_05773,i_01523,i_01937,i_14604,i_02415,i_00062,i_02031,i_07520,i_01468,i_02079,i_12566
u_05774,i_10316,i_06228,i_14604,i_07370,i_03262,i_01741,i_04191,i_01764,i_02136,i_00310
u_05775,i_01111,i_17626,i_01468,i_02786,i_07263,i_21094,i_14604,i_01135,i_11373,i_08895
u_05776,i_01111,i_14604,i_00377,i_10316,i_04580,i_11373,i_00122,i_02786,i_02407,i_00523
u_05777,i_15630,i_12101,i_09345,i_02111,i_13690,i_01111,i_10316,i_11373,i_12072,i_17108
u_05778,i_01111,i_05267,i_14604,i_08132,i_02786,i_01523,i_12061,i_10316,i_17108,i_11373
u_05779,i_00724,i_14604,i_03151,i_17626,i_02786,i_00122,i_05267,i_10316,i_06228,i_01485
u_05780,i_01937,i_08132,i_08052,i_01523,i_14115,i_04578,i_14808,i_01430,i_05394,i_03829
u_05781,i_24980,i_01998,i_05394,i_01480,i_05267,i_01808,i_01468,i_10316,i_01937,i_05167
u_05782,i_01097,i_00506,i_03773,i_21094,i_24980,i_00075,i_00922,i_00440,i_16877,i_00554
u_05783,i_22515,i_23033,i_24481,i_23464,i_21950,i_26996,i_26255,i_11800,i_05354,i_11386
u_05784,i_00122,i_14604,i_29117,i_02631,i_16877,i_10316,i_11373,i_02786,i_01439,i_01496
u_05785,i_10316,i_11373,i_31921,i_09345,i_04413,i_00057,i_01827,i_18139,i_00395,i_01923
u_05786,i_00724,i_00769,i_00122,i_01827,i_17626,i_12430,i_00057,i_29639,i_24980,i_03773
u_05787,i_10316,i_01480,i_17626,i_14604,i_08895,i_01764,i_02228,i_11909,i_08881,i_01741
u_05788,i_10316,i_06228,i_00878,i_01480,i_14604,i_00122,i_11373,i_02136,i_04480,i_04191
u_05789,i_11373,i_09052,i_10316,i_14115,i_14984,i_11537,i_14074,i_00725,i_21249,i_17660
u_05790,i_09136,i_09137,i_14808,i_24980,i_14604,i_10930,i_02786,i_13084,i_01937,i_10316
u_05791,i_21691,i_24481,i_22515,i_12786,i_23464,i_26255,i_09932,i_14601,i_15802,i_15005
u_05792,i_01111,i_10316,i_02786,i_08355,i_02209,i_09070,i_14604,i_14808,i_01523,i_01468
u_05793,i_05394,i_17108,i_01523,i_14604,i_28507,i_14115,i_00395,i_28705,i_29460,i_28823
u_05794,i_01111,i_24980,i_05267,i_01468,i_21094,i_02631,i_00122,i_14604,i_11373,i_11561
u_05795,i_14604,i_05267,i_21094,i_17626,i_32129,i_03773,i_11373,i_01468,i_00122,i_16877
u_05796,i_24980,i_02786,i_00395,i_09009,i_00122,i_31921,i_26940,i_12901,i_05778,i_01523
u_05797,i_14983,i_10316,i_11373,i_14604,i_03773,i_10120,i_00062,i_14115,i_11910,i_01937
u_05798,i_02235,i_14604,i_05267,i_02136,i_00440,i_21033,i_01937,i_21094,i_06441,i_01523
u_05799,i_01135,i_01111,i_11373,i_14604,i_09345,i_24980,i_17626,i_13084,i_04181,i_10316
u_05800,i_24980,i_14604,i_31741,i_10316,i_16920,i_01468,i_00122,i_00226,i_06228,i_18031
u_05801,i_01480,i_14604,i_03819,i_01430,i_00298,i_00011,i_11910,i_21094,i_11373,i_00365
u_05802,i_31921,i_21094,i_24980,i_13670,i_07524,i_01403,i_05569,i_06228,i_08091,i_09591
u_05803,i_11769,i_10316,i_01937,i_11373,i_09461,i_05416,i_01523,i_03866,i_24980,i_02786
u_05804,i_11368,i_08355,i_10761,i_02487,i_20565,i_04580,i_11154,i_06783,i_14808,i_01479
u_05805,i_24980,i_17904,i_13547,i_03302,i_04191,i_01496,i_01827,i_05354,i_31741,i_11386
u_05806,i_01468,i_00122,i_02634,i_10316,i_04480,i_01135,i_01485,i_27051,i_24980,i_00724
u_05807,i_00075,i_08518,i_22342,i_08895,i_24980,i_31741,i_01485,i_01480,i_08881,i_01490
u_05808,i_14604,i_24980,i_00724,i_10316,i_17626,i_01523,i_05296,i_01486,i_00037,i_08895
u_05809,i_09345,i_14120,i_04679,i_02136,i_13290,i_14920,i_11493,i_05203,i_16000,i_25425
u_05810,i_10316,i_06228,i_11373,i_03678,i_02882,i_10120,i_03773,i_04478,i_01485,i_01849
u_05811,i_05267,i_18681,i_14604,i_01937,i_14115,i_11365,i_02786,i_00791,i_05976,i_03773
u_05812,i_01468,i_24980,i_01937,i_17626,i_21094,i_01111,i_02786,i_01523,i_01480,i_14604
u_05813,i_00506,i_10894,i_21094,i_03773,i_14604,i_10316,i_11373,i_02683,i_01468,i_01486
u_05814,i_00122,i_03404,i_01827,i_01111,i_00716,i_07567,i_02111,i_01485,i_31921,i_10316
u_05815,i_01480,i_10518,i_17923,i_00204,i_04102,i_24980,i_04549,i_31903,i_14604,i_17924
u_05816,i_24980,i_01480,i_02313,i_02541,i_32048,i_28982,i_04692,i_01135,i_06228,i_06071
u_05817,i_02786,i_01523,i_03262,i_13841,i_17626,i_24980,i_03829,i_14604,i_01468,i_06228
u_05818,i_02786,i_01111,i_24980,i_10316,i_14604,i_06951,i_21094,i_01523,i_01468,i_11373
u_05819,i_11373,i_01111,i_10316,i_07089,i_13423,i_13841,i_00377,i_17626,i_01523,i_14604
u_05820,i_19194,i_14115,i_02786,i_02209,i_10509,i_00145,i_00062,i_01111,i_04377,i_11569
u_05821,i_01937,i_10316,i_06228,i_17626,i_02111,i_24980,i_01523,i_14604,i_11373,i_14074
u_05822,i_03302,i_10316,i_11537,i_17108,i_02317,i_07370,i_01468,i_12567,i_02235,i_02209
u_05823,i_31903,i_01480,i_17923,i_05188,i_05267,i_28982,i_08754,i_11910,i_03819,i_01937
u_05824,i_24980,i_01476,i_02313,i_01135,i_02228,i_01545,i_02111,i_11373,i_10133,i_02954
u_05825,i_14604,i_01937,i_24980,i_14808,i_11365,i_11145,i_01101,i_05394,i_14115,i_11373
u_05826,i_11347,i_11669,i_07676,i_07666,i_02317,i_05927,i_01849,i_00122,i_09070,i_11771
u_05827,i_27051,i_03590,i_02631,i_02634,i_04692,i_02786,i_00389,i_11409,i_03319,i_10316
u_05828,i_06228,i_24980,i_14604,i_05354,i_04191,i_02731,i_02954,i_01827,i_18139,i_01937
u_05829,i_24980,i_03397,i_01135,i_01539,i_17626,i_31952,i_29117,i_00122,i_00057,i_11373
u_05830,i_05394,i_10316,i_00377,i_01523,i_02786,i_00770,i_01135,i_09345,i_32129,i_09182
u_05831,i_04679,i_02631,i_13290,i_03319,i_16086,i_10972,i_09442,i_00540,i_04480,i_10808
u_05832,i_24302,i_02786,i_21094,i_17626,i_14604,i_06466,i_06228,i_06499,i_10316,i_31921
u_05833,i_10518,i_17923,i_04102,i_17924,i_00506,i_17626,i_02786,i_14604,i_28278,i_21094
u_05834,i_00155,i_03262,i_31921,i_02136,i_00776,i_02090,i_10316,i_03773,i_21012,i_01833
u_05835,i_10316,i_21094,i_03829,i_03773,i_14604,i_01523,i_01827,i_14808,i_02596,i_01486
u_05836,i_14604,i_11373,i_10316,i_05267,i_11047,i_08862,i_01937,i_00433,i_02297,i_22342
u_05837,i_14604,i_05267,i_01430,i_17626,i_10316,i_01998,i_17108,i_02415,i_05394,i_07171
u_05838,i_01798,i_01937,i_14604,i_11373,i_01923,i_04578,i_00011,i_17626,i_31903,i_03151
u_05839,i_25690,i_17924,i_25535,i_01912,i_31903,i_02786,i_28982,i_00037,i_00433,i_01522
u_05840,i_14604,i_06228,i_17626,i_14808,i_00122,i_09345,i_03773,i_04580,i_11910,i_08132
u_05841,i_01111,i_02786,i_02720,i_02380,i_01523,i_02954,i_01479,i_00395,i_05797,i_09591
u_05842,i_00776,i_02276,i_13841,i_02228,i_16877,i_01827,i_13084,i_06228,i_11373,i_00122
u_05843,i_06228,i_21691,i_22515,i_00776,i_09052,i_01486,i_17626,i_01111,i_00122,i_03773
u_05844,i_00155,i_00154,i_21094,i_14604,i_08895,i_03773,i_00162,i_31921,i_00126,i_00377
u_05845,i_10226,i_32129,i_08895,i_08314,i_09345,i_01111,i_04580,i_14604,i_04221,i_05394
u_05846,i_21094,i_14604,i_24980,i_31952,i_01480,i_02105,i_02100,i_31741,i_01486,i_27675
u_05847,i_01129,i_29600,i_29639,i_02725,i_07050,i_04732,i_00485,i_11373,i_13761,i_00457
u_05848,i_10761,i_08895,i_09345,i_04254,i_15537,i_06474,i_03397,i_03866,i_01111,i_02631
u_05849,i_00776,i_06228,i_11373,i_01480,i_10316,i_13841,i_06951,i_21094,i_17626,i_11107
u_05850,i_00922,i_06228,i_24980,i_10316,i_17626,i_00057,i_02228,i_04191,i_12263,i_11154
u_05851,i_10316,i_07263,i_10120,i_05493,i_02786,i_14604,i_03773,i_09591,i_24302,i_14115
u_05852,i_10316,i_01523,i_01468,i_01480,i_01486,i_21094,i_02297,i_10518,i_00062,i_00011
u_05853,i_16920,i_00852,i_31921,i_10316,i_00724,i_18031,i_14604,i_02105,i_00226,i_01480
u_05854,i_03865,i_10316,i_11373,i_01523,i_21094,i_14604,i_03319,i_02136,i_00122,i_06228
u_05855,i_00122,i_24980,i_02786,i_00057,i_01480,i_11373,i_21094,i_31952,i_14604,i_00395
u_05856,i_16026,i_11569,i_05762,i_03304,i_14173,i_10781,i_15077,i_14248,i_02725,i_16025
u_05857,i_11373,i_02120,i_14604,i_24980,i_09345,i_02786,i_03389,i_02541,i_11910,i_01545
u_05858,i_13295,i_17923,i_04102,i_31983,i_28982,i_08881,i_00204,i_16877,i_08895,i_17670
u_05859,i_17626,i_01111,i_05267,i_24980,i_01468,i_21094,i_14604,i_00428,i_26940,i_02786
u_05860,i_01937,i_01468,i_02786,i_14604,i_05188,i_21094,i_17626,i_07520,i_11483,i_01480
u_05861,i_10316,i_09711,i_02317,i_01486,i_02209,i_00586,i_09934,i_02080,i_17626,i_02720
u_05862,i_11543,i_11047,i_04340,i_10972,i_00540,i_00428,i_08895,i_20808,i_02228,i_06474
u_05863,i_00311,i_00077,i_07061,i_02683,i_17924,i_00470,i_31952,i_00922,i_31741,i_00506
u_05864,i_01523,i_02786,i_14651,i_14115,i_03773,i_08132,i_07520,i_05493,i_09052,i_22939
u_05865,i_02382,i_24980,i_00395,i_02276,i_18209,i_17626,i_06228,i_13084,i_02786,i_10316
u_05866,i_14604,i_01468,i_03829,i_00062,i_11373,i_21094,i_05394,i_10316,i_17626,i_00122
u_05867,i_14604,i_01523,i_01937,i_07520,i_02786,i_05267,i_10316,i_14808,i_04580,i_02317
u_05868,i_00122,i_21094,i_24980,i_00395,i_09009,i_31921,i_10316,i_02276,i_31741,i_01135
u_05869,i_10316,i_14604,i_01111,i_02111,i_09052,i_13690,i_24980,i_04692,i_01937,i_11548
u_05870,i_10316,i_24019,i_11373,i_08193,i_21033,i_14604,i_02334,i_00122,i_22342,i_06228
u_05871,i_14604,i_08754,i_04197,i_00027,i_11910,i_05786,i_09436,i_09345,i_04580,i_08862
u_05872,i_31903,i_01480,i_07089,i_01468,i_05439,i_07171,i_02399,i_03819,i_05394,i_11373
u_05873,i_14604,i_01937,i_10316,i_24980,i_08132,i_05439,i_14115,i_02079,i_01486,i_17626
u_05874,i_14604,i_02213,i_00440,i_02786,i_11373,i_01746,i_00930,i_21094,i_00506,i_02683
u_05875,i_02228,i_16154,i_06228,i_02831,i_11373,i_00122,i_03302,i_04984,i_02276,i_06017
u_05876,i_07263,i_02229,i_17626,i_01468,i_14604,i_01111,i_10316,i_02317,i_00122,i_02209
u_05877,i_01480,i_00468,i_00011,i_01937,i_02786,i_14604,i_21094,i_01468,i_17924,i_17626
u_05878,i_03773,i_01111,i_05267,i_08132,i_02786,i_10316,i_24980,i_06412,i_10120,i_13084
u_05879,i_14604,i_24980,i_10316,i_14651,i_01998,i_06228,i_11373,i_10120,i_01480,i_14808
u_05880,i_14604,i_02786,i_05439,i_11342,i_08801,i_00473,i_18681,i_05267,i_11365,i_04578
u_05881,i_02786,i_01523,i_01937,i_08052,i_00062,i_01430,i_07520,i_17626,i_04578,i_10316
u_05882,i_01468,i_00776,i_13841,i_10316,i_01937,i_00122,i_06228,i_14604,i_24980,i_02136
u_05883,i_14604,i_07089,i_06223,i_11055,i_30751,i_02786,i_01485,i_13705,i_11800,i_03389
u_05884,i_02786,i_02827,i_04578,i_00062,i_05797,i_01430,i_02415,i_17389,i_02079,i_18681
u_05885,i_28982,i_17924,i_00468,i_21094,i_10316,i_00306,i_24980,i_10518,i_17626,i_12430
u_05886,i_10316,i_01937,i_07728,i_05439,i_04191,i_05267,i_11047,i_08862,i_01523,i_02136
u_05887,i_10316,i_01111,i_05431,i_11373,i_05472,i_03865,i_02563,i_10120,i_00062,i_02786
u_05888,i_21094,i_00122,i_00724,i_02228,i_00057,i_01522,i_00428,i_25690,i_02380,i_02111
u_05889,i_11145,i_26649,i_11055,i_02720,i_05786,i_11386,i_14173,i_08754,i_24980,i_04580
u_05890,i_10316,i_07370,i_24604,i_10120,i_03262,i_08091,i_10353,i_17626,i_10100,i_00776
u_05891,i_10761,i_14808,i_05394,i_10930,i_02954,i_07370,i_00306,i_02228,i_21094,i_22342
u_05892,i_14604,i_00011,i_13651,i_24980,i_00928,i_01523,i_00948,i_21094,i_10316,i_11373
u_05893,i_14604,i_24980,i_29600,i_06883,i_01158,i_01129,i_10316,i_17626,i_05354,i_01111
u_05894,i_17626,i_01923,i_02079,i_01111,i_03866,i_02136,i_09345,i_05267,i_01937,i_03829
u_05895,i_10316,i_03773,i_00154,i_00163,i_01468,i_01523,i_13031,i_14115,i_21094,i_17626
u_05896,i_03480,i_05418,i_03302,i_09345,i_01496,i_16877,i_10202,i_01545,i_09595,i_02954
u_05897,i_02786,i_01937,i_01523,i_05267,i_01111,i_04578,i_08052,i_03773,i_07520,i_14604
u_05898,i_05267,i_01111,i_10316,i_02786,i_24980,i_14604,i_00122,i_01523,i_01937,i_14115
u_05899,i_14604,i_10316,i_08132,i_01937,i_21094,i_13670,i_08355,i_01523,i_01111,i_09124
u_05900,i_10316,i_03865,i_24980,i_01937,i_14604,i_03773,i_02786,i_00155,i_21094,i_11373
u_05901,i_10316,i_14604,i_27051,i_00428,i_02382,i_02786,i_00122,i_00865,i_08895,i_00395
u_05902,i_01468,i_01849,i_00716,i_02136,i_01937,i_01545,i_02415,i_00027,i_02596,i_01810
u_05903,i_14604,i_01523,i_01111,i_17626,i_03678,i_05267,i_14115,i_11373,i_01937,i_24980
u_05904,i_01468,i_21094,i_10316,i_06228,i_01827,i_02393,i_00122,i_17626,i_02786,i_00922
u_05905,i_00928,i_14604,i_02136,i_09275,i_13651,i_00468,i_01827,i_03829,i_05786,i_24980
u_05906,i_01523,i_01468,i_08052,i_05267,i_01937,i_00062,i_01923,i_05797,i_14604,i_02111
u_05907,i_10316,i_02786,i_01937,i_00062,i_09052,i_01468,i_05439,i_08052,i_14115,i_03829
u_05908,i_14604,i_21094,i_02631,i_02954,i_11910,i_11373,i_01485,i_00724,i_11909,i_00523
u_05909,i_07520,i_21094,i_03151,i_11373,i_01523,i_24302,i_10316,i_14604,i_01937,i_01480
u_05910,i_21094,i_03151,i_01849,i_24980,i_01480,i_18031,i_00011,i_13651,i_17626,i_25690
u_05911,i_09052,i_03773,i_18217,i_24980,i_10120,i_13998,i_05416,i_17626,i_02317,i_00062
u_05912,i_11373,i_17626,i_14604,i_02786,i_11548,i_01764,i_01480,i_01523,i_31952,i_19432
u_05913,i_05354,i_01545,i_17660,i_12282,i_15902,i_10781,i_06228,i_13084,i_11373,i_14604
u_05914,i_00755,i_03866,i_12430,i_03268,i_17626,i_04679,i_24980,i_05786,i_04580,i_06474
u_05915,i_17626,i_01451,i_01480,i_06068,i_01468,i_05267,i_05394,i_18681,i_00468,i_04580
u_05916,i_14604,i_00062,i_02786,i_01135,i_10316,i_21094,i_01468,i_02382,i_02297,i_17626
u_05917,i_07089,i_13651,i_02786,i_11055,i_00928,i_14604,i_11373,i_01937,i_00011,i_14173
u_05918,i_27051,i_02634,i_01135,i_02317,i_01111,i_04254,i_02380,i_05394,i_00389,i_02790
u_05919,i_08173,i_05394,i_14115,i_11373,i_03773,i_09934,i_02080,i_07171,i_09052,i_23257
u_05920,i_02786,i_01937,i_14604,i_01808,i_05394,i_05267,i_00037,i_25535,i_31921,i_00126
u_05921,i_09383,i_11910,i_24980,i_02786,i_17626,i_05394,i_14808,i_10316,i_01111,i_08132
u_05922,i_14604,i_01111,i_01523,i_11373,i_02786,i_05267,i_06228,i_24980,i_10316,i_01468
u_05923,i_01523,i_07520,i_01480,i_01468,i_10316,i_14604,i_01937,i_24302,i_21094,i_02786
u_05924,i_05677,i_01522,i_11910,i_17626,i_02209,i_04413,i_08132,i_01998,i_00062,i_24980
u_05925,i_01480,i_24980,i_00027,i_00791,i_05786,i_00037,i_01111,i_03773,i_17626,i_14604
u_05926,i_10120,i_09052,i_14115,i_08132,i_14221,i_04191,i_03773,i_06533,i_03678,i_02334
u_05927,i_14604,i_11910,i_08132,i_06951,i_05267,i_01111,i_14808,i_13841,i_01827,i_03773
u_05928,i_00468,i_00948,i_14604,i_17626,i_24980,i_02786,i_02079,i_01998,i_03829,i_10316
u_05929,i_00310,i_01480,i_17626,i_07370,i_10316,i_21094,i_02318,i_28547,i_24302,i_31950
u_05930,i_10316,i_01486,i_01468,i_01523,i_02786,i_02136,i_14604,i_01937,i_07520,i_02317
u_05931,i_10316,i_09052,i_18333,i_18217,i_01523,i_19405,i_09182,i_00377,i_00062,i_05439
u_05932,i_01468,i_17626,i_01111,i_01523,i_03829,i_24980,i_14604,i_06228,i_00122,i_07520
u_05933,i_08355,i_07524,i_14604,i_06241,i_02720,i_08518,i_10781,i_19194,i_10995,i_02228
u_05934,i_14604,i_15902,i_04692,i_11047,i_13761,i_09124,i_06534,i_12785,i_09182,i_22939
u_05935,i_21094,i_02334,i_00724,i_01937,i_10316,i_11910,i_01480,i_09345,i_02317,i_07567
u_05936,i_05786,i_24980,i_21094,i_10316,i_14604,i_31952,i_05267,i_00037,i_00122,i_01810
u_05937,i_00395,i_21094,i_32108,i_17626,i_00023,i_00062,i_00389,i_01111,i_31952,i_02317
u_05938,i_02786,i_10316,i_24980,i_00062,i_01480,i_01468,i_01523,i_14604,i_32040,i_03678
u_05939,i_09592,i_05034,i_13779,i_01929,i_04623,i_09141,i_01545,i_11543,i_00057,i_02720
u_05940,i_14604,i_01523,i_09052,i_17626,i_03773,i_14115,i_01111,i_05472,i_14808,i_08132
u_05941,i_02786,i_02282,i_01430,i_00062,i_14115,i_05349,i_14604,i_01486,i_02596,i_05167
u_05942,i_24980,i_10316,i_02786,i_01486,i_14604,i_01523,i_00011,i_01111,i_28982,i_00155
u_05943,i_05267,i_00523,i_14808,i_17389,i_00377,i_14115,i_02631,i_01135,i_04578,i_02399
u_05944,i_00928,i_13651,i_00011,i_02136,i_02786,i_00037,i_17626,i_21094,i_02334,i_01486
u_05945,i_01468,i_13031,i_10316,i_00554,i_02079,i_02105,i_21094,i_24980,i_00122,i_01111
u_05946,i_10316,i_01480,i_00122,i_00506,i_14604,i_01523,i_02786,i_21094,i_08132,i_07370
u_05947,i_00060,i_01523,i_02228,i_17108,i_01827,i_03773,i_08713,i_24980,i_06459,i_00126
u_05948,i_17626,i_31921,i_21094,i_03829,i_00395,i_32112,i_05267,i_17108,i_00724,i_00057
u_05949,i_10316,i_01111,i_14808,i_01468,i_09052,i_01937,i_03773,i_14074,i_02786,i_05394
u_05950,i_02786,i_01480,i_01468,i_10316,i_14604,i_01741,i_21094,i_27051,i_00038,i_17119
u_05951,i_04027,i_03302,i_04504,i_21033,i_05786,i_06346,i_02228,i_08309,i_08881,i_29639
u_05952,i_01111,i_10316,i_09383,i_00122,i_05267,i_11543,i_01523,i_02136,i_11047,i_00145
u_05953,i_02786,i_01523,i_06228,i_01202,i_04191,i_01937,i_11483,i_14115,i_00062,i_00948
u_05954,i_13084,i_17108,i_13883,i_08132,i_07567,i_04221,i_13823,i_03302,i_06228,i_05354
u_05955,i_09052,i_00506,i_11910,i_14604,i_00062,i_13998,i_00948,i_21094,i_01111,i_00433
u_05956,i_01203,i_01480,i_04315,i_14604,i_00922,i_05835,i_01152,i_00965,i_08592,i_00507
u_05957,i_00023,i_02235,i_00930,i_24980,i_04254,i_00395,i_00037,i_00057,i_26940,i_09591
u_05958,i_01480,i_05354,i_11373,i_14604,i_03397,i_03302,i_14173,i_32048,i_02228,i_13084
u_05959,i_01111,i_14604,i_14808,i_13950,i_24980,i_03773,i_08132,i_10316,i_09052,i_04580
u_05960,i_09383,i_10316,i_02631,i_14604,i_24980,i_00122,i_05267,i_11373,i_26779,i_02786
u_05961,i_05267,i_01111,i_01937,i_08132,i_03773,i_02786,i_05416,i_14808,i_09052,i_05439
u_05962,i_00057,i_08518,i_31741,i_24980,i_29639,i_01129,i_21094,i_01480,i_16877,i_02228
u_05963,i_03302,i_14115,i_11373,i_17626,i_14604,i_05493,i_04580,i_02786,i_02228,i_01111
u_05964,i_10316,i_21094,i_01523,i_02786,i_06533,i_11373,i_06228,i_10781,i_01998,i_03926
u_05965,i_05439,i_05267,i_01937,i_11910,i_18217,i_09052,i_10930,i_08132,i_01998,i_02786
u_05966,i_01937,i_07520,i_01523,i_00037,i_17119,i_08713,i_00428,i_02299,i_31921,i_02334
u_05967,i_02786,i_11373,i_13084,i_08754,i_17626,i_01798,i_24980,i_21094,i_01480,i_14604
u_05968,i_28982,i_09275,i_04102,i_31903,i_11909,i_18333,i_11910,i_10518,i_13651,i_10316
u_05969,i_14604,i_05267,i_00126,i_01111,i_21094,i_02786,i_01937,i_05394,i_00027,i_06068
u_05970,i_07676,i_07666,i_11891,i_06241,i_21094,i_22738,i_00122,i_05416,i_11562,i_05778
u_05971,i_01937,i_11910,i_02786,i_00433,i_14115,i_01468,i_21094,i_10316,i_03773,i_00062
u_05972,i_01468,i_00062,i_02786,i_01937,i_03151,i_14604,i_31921,i_00011,i_24980,i_08713
u_05973,i_00724,i_00852,i_00226,i_00162,i_08518,i_32040,i_00506,i_07061,i_00091,i_00440
u_05974,i_14604,i_17924,i_24980,i_17626,i_21094,i_11910,i_10316,i_28982,i_08193,i_00389
u_05975,i_21306,i_14120,i_10972,i_13489,i_10761,i_04344,i_22973,i_02831,i_17660,i_03397
u_05976,i_01468,i_14604,i_00575,i_11373,i_02282,i_01912,i_10964,i_00122,i_05653,i_02079
u_05977,i_02786,i_10316,i_01937,i_14604,i_14115,i_01480,i_02079,i_10120,i_08132,i_00586
u_05978,i_04377,i_13841,i_02297,i_24980,i_00922,i_10316,i_17626,i_00870,i_00379,i_00506
u_05979,i_14604,i_02786,i_04504,i_01937,i_10316,i_24980,i_17626,i_01430,i_01998,i_00791
u_05980,i_08193,i_02154,i_00389,i_01479,i_03319,i_09591,i_17108,i_14221,i_04585,i_02276
u_05981,i_24980,i_00724,i_14604,i_09275,i_00037,i_01486,i_17626,i_31921,i_02786,i_03773
u_05982,i_14604,i_12969,i_11373,i_01480,i_10316,i_09345,i_12282,i_01451,i_09436,i_09275
u_05983,i_01480,i_17924,i_28982,i_01798,i_01468,i_01937,i_02334,i_02786,i_24980,i_00468
u_05984,i_17923,i_13084,i_08754,i_01868,i_03678,i_24980,i_00365,i_01937,i_32048,i_31903
u_05985,i_02279,i_02755,i_00122,i_01827,i_17108,i_12901,i_10316,i_00716,i_14604,i_00389
u_05986,i_01480,i_14604,i_11909,i_00540,i_12430,i_00122,i_01496,i_01827,i_00395,i_01439
u_05987,i_00122,i_01111,i_14604,i_02786,i_26940,i_21094,i_00428,i_00540,i_02382,i_17626
u_05988,i_22313,i_02460,i_11548,i_15669,i_00492,i_02487,i_01937,i_11483,i_02415,i_04181
u_05989,i_06466,i_10316,i_27051,i_14604,i_02359,i_03590,i_11373,i_00433,i_00062,i_02683
u_05990,i_00462,i_04413,i_01645,i_02600,i_05272,i_25690,i_21094,i_01403,i_00122,i_00506
u_05991,i_01480,i_10316,i_01741,i_14604,i_01746,i_11373,i_01468,i_00153,i_17626,i_10518
u_05992,i_02136,i_00037,i_01937,i_17660,i_02415,i_24980,i_08592,i_04527,i_11910,i_03590
u_05993,i_01111,i_14604,i_01937,i_04692,i_03678,i_25690,i_11373,i_10316,i_05797,i_24980
u_05994,i_09345,i_24980,i_01480,i_04580,i_17108,i_06228,i_21094,i_14808,i_00126,i_00791
u_05995,i_00468,i_00948,i_14604,i_13651,i_05267,i_04637,i_10316,i_32129,i_02317,i_11373
u_05996,i_05267,i_02786,i_01937,i_14604,i_10316,i_04578,i_01468,i_14808,i_17626,i_05439
u_05997,i_01937,i_24980,i_01111,i_02334,i_02786,i_01480,i_01523,i_05394,i_11910,i_14808
u_05998,i_00122,i_01523,i_02786,i_21094,i_01480,i_04191,i_02319,i_00311,i_24980,i_31741
u_05999,i_01480,i_05267,i_02786,i_01111,i_14604,i_10316,i_11373,i_01468,i_21094,i_01937
u_06000,i_06223,i_11055,i_18333,i_14604,i_00122,i_11910,i_02297,i_08862,i_10316,i_02317
u_06001,i_10120,i_09948,i_04692,i_00470,i_08801,i_07520,i_06533,i_07171,i_10781,i_03579
u_06002,i_08355,i_03869,i_03865,i_24980,i_21094,i_00389,i_10057,i_12430,i_01827,i_01468
u_06003,i_01937,i_01523,i_00011,i_26936,i_14604,i_00062,i_02786,i_14808,i_00037,i_00468
u_06004,i_05418,i_00782,i_06017,i_06766,i_03954,i_04442,i_01545,i_13952,i_04451,i_00135
u_06005,i_08881,i_10518,i_00075,i_21094,i_17924,i_00428,i_02786,i_31952,i_00506,i_18031
u_06006,i_01480,i_21094,i_11373,i_13084,i_25690,i_01523,i_06228,i_05272,i_10316,i_01111
u_06007,i_06907,i_02720,i_05652,i_05109,i_19751,i_11032,i_11386,i_21783,i_13423,i_12707
u_06008,i_03468,i_05493,i_02317,i_14604,i_13670,i_01741,i_02786,i_24980,i_11373,i_01764
u_06009,i_01111,i_10316,i_01523,i_10930,i_01451,i_10120,i_01468,i_02631,i_18217,i_01998
u_06010,i_17626,i_02786,i_21094,i_01111,i_31921,i_01523,i_02299,i_03151,i_02317,i_06882
u_06011,i_00724,i_32040,i_31921,i_02786,i_14604,i_17626,i_01937,i_01468,i_01111,i_03773
u_06012,i_06228,i_10316,i_14604,i_00724,i_24980,i_02317,i_01523,i_00122,i_07370,i_03773
u_06013,i_17626,i_05267,i_11373,i_01468,i_11910,i_10316,i_24980,i_00377,i_01998,i_01111
u_06014,i_01937,i_01468,i_17924,i_06412,i_14604,i_03829,i_01480,i_10316,i_17626,i_08713
u_06015,i_04480,i_00793,i_00062,i_04478,i_02507,i_02297,i_01485,i_17108,i_02111,i_02079
u_06016,i_21349,i_02079,i_09345,i_08952,i_19759,i_09436,i_32048,i_10316,i_03397,i_02136
u_06017,i_08355,i_02155,i_04679,i_06450,i_02786,i_06228,i_17660,i_09948,i_01165,i_17108
u_06018,i_01111,i_09383,i_17626,i_14604,i_02786,i_00122,i_14221,i_24980,i_05493,i_11373
u_06019,i_02228,i_00122,i_02380,i_01496,i_03302,i_00540,i_00716,i_02313,i_03397,i_01476
u_06020,i_01937,i_02415,i_01480,i_14604,i_03829,i_01798,i_09275,i_01468,i_03819,i_07520
u_06021,i_10316,i_00153,i_27675,i_14604,i_02786,i_01480,i_00506,i_00162,i_31741,i_00462
u_06022,i_01523,i_01937,i_10316,i_25690,i_05272,i_14604,i_00062,i_21094,i_05267,i_01468
u_06023,i_00506,i_02495,i_24019,i_00075,i_18031,i_01827,i_00226,i_00057,i_00311,i_00795
u_06024,i_01523,i_24302,i_14604,i_01937,i_02136,i_03946,i_00062,i_02786,i_01468,i_17626
u_06025,i_17626,i_05786,i_03869,i_10972,i_11800,i_03865,i_05762,i_09659,i_06474,i_00122
u_06026,i_00122,i_14604,i_26940,i_02229,i_17626,i_32129,i_02786,i_05267,i_00389,i_02631
u_06027,i_01480,i_10316,i_28278,i_21094,i_00062,i_01523,i_13670,i_01129,i_01645,i_00155
u_06028,i_14604,i_10316,i_24980,i_02786,i_05267,i_01523,i_05439,i_17626,i_01111,i_14808
u_06029,i_01111,i_10316,i_05267,i_06228,i_01468,i_14604,i_10930,i_04580,i_08132,i_02786
u_06030,i_01937,i_05267,i_14604,i_03829,i_01810,i_04578,i_02827,i_03678,i_09345,i_14844
u_06031,i_04523,i_01523,i_14604,i_01937,i_10316,i_02031,i_05472,i_11487,i_02415,i_00062
u_06032,i_05267,i_24980,i_01111,i_12061,i_01480,i_04580,i_14808,i_17626,i_13084,i_11373
u_06033,i_02317,i_00468,i_03773,i_24980,i_10316,i_10714,i_14115,i_10120,i_01739,i_03829
u_06034,i_01111,i_02786,i_01937,i_02317,i_00062,i_14604,i_14115,i_05797,i_07520,i_10316
u_06035,i_10316,i_02240,i_09442,i_02209,i_05431,i_14115,i_08193,i_19634,i_14711,i_00389
u_06036,i_17626,i_01937,i_05267,i_01468,i_10316,i_01523,i_11910,i_14115,i_11373,i_24980
u_06037,i_14604,i_07089,i_01480,i_11910,i_17626,i_11055,i_18333,i_09345,i_06228,i_13705
u_06038,i_02317,i_05472,i_08052,i_00062,i_05267,i_05797,i_01937,i_08132,i_03829,i_02596
u_06039,i_11569,i_13291,i_02541,i_00540,i_14808,i_02786,i_05267,i_10120,i_05416,i_05472
u_06040,i_05561,i_11373,i_13084,i_02080,i_02720,i_07567,i_02954,i_13471,i_01827,i_12974
u_06041,i_08258,i_13850,i_10120,i_08544,i_14984,i_04221,i_14526,i_01739,i_06228,i_06533
u_06042,i_17626,i_07752,i_02317,i_06228,i_11373,i_08132,i_03319,i_14115,i_14808,i_10100
u_06043,i_11373,i_09182,i_17626,i_01468,i_10316,i_21094,i_18333,i_09345,i_00122,i_01523
u_06044,i_00122,i_01111,i_21094,i_01468,i_24980,i_02631,i_31952,i_02382,i_32129,i_00037
u_06045,i_01111,i_10316,i_00122,i_02786,i_24980,i_17626,i_14604,i_02111,i_03590,i_21094
u_06046,i_09442,i_09327,i_17108,i_02440,i_03590,i_01135,i_14604,i_08193,i_04585,i_03319
u_06047,i_01111,i_21094,i_14604,i_00122,i_17626,i_10316,i_03866,i_06228,i_10120,i_02407
u_06048,i_03773,i_24980,i_09934,i_00922,i_11373,i_21094,i_07370,i_12562,i_08518,i_01545
u_06049,i_06228,i_21094,i_10316,i_24980,i_14604,i_00930,i_07263,i_17626,i_14808,i_00122
u_06050,i_10316,i_01746,i_04093,i_00091,i_02235,i_00870,i_02954,i_02297,i_02106,i_02136
u_06051,i_09345,i_01135,i_24980,i_02313,i_02111,i_17108,i_16026,i_08191,i_11373,i_12966
u_06052,i_10316,i_06228,i_01937,i_01523,i_04191,i_11373,i_14604,i_24980,i_02786,i_14115
u_06053,i_10316,i_01764,i_01937,i_05267,i_01523,i_17626,i_24980,i_02786,i_11373,i_01480
u_06054,i_07524,i_05407,i_10995,i_02228,i_04191,i_11386,i_13124,i_17626,i_11107,i_02720
u_06055,i_24980,i_01496,i_06228,i_01135,i_02954,i_11373,i_05354,i_02276,i_13084,i_04191
u_06056,i_24980,i_17924,i_10910,i_10518,i_08881,i_09009,i_17626,i_00210,i_06534,i_00395
u_06057,i_03151,i_00011,i_00468,i_01480,i_28278,i_24980,i_00062,i_00554,i_01923,i_00470
u_06058,i_10316,i_24980,i_14604,i_17626,i_11373,i_05103,i_07567,i_03866,i_00724,i_02786
u_06059,i_08638,i_10996,i_21094,i_10081,i_13084,i_11373,i_11910,i_17660,i_12479,i_15818
u_06060,i_00506,i_27675,i_31741,i_21094,i_18031,i_31952,i_08518,i_24980,i_00075,i_00029
u_06061,i_00122,i_10518,i_17626,i_21094,i_17670,i_31952,i_14604,i_00523,i_09009,i_02786
u_06062,i_10781,i_11373,i_06228,i_01486,i_04340,i_05563,i_00122,i_10316,i_03085,i_10972
u_06063,i_03601,i_15005,i_11373,i_06491,i_13253,i_13290,i_10120,i_00145,i_01937,i_00122
u_06064,i_10316,i_01111,i_01937,i_14604,i_21094,i_08132,i_03773,i_24980,i_01468,i_09591
u_06065,i_02786,i_02317,i_01937,i_11537,i_14115,i_08132,i_05976,i_10316,i_08052,i_03773
u_06066,i_03438,i_10316,i_13761,i_03397,i_05669,i_09141,i_04623,i_08815,i_04022,i_02791
u_06067,i_06388,i_00769,i_01208,i_29164,i_29117,i_05347,i_00768,i_02382,i_00770,i_04177
u_06068,i_14604,i_08355,i_21094,i_11373,i_08638,i_09976,i_07524,i_00122,i_29600,i_04221
u_06069,i_14604,i_17626,i_01937,i_03773,i_10316,i_01523,i_14808,i_05267,i_05694,i_24980
u_06070,i_08638,i_24481,i_19978,i_22515,i_23464,i_11055,i_08539,i_08544,i_26255,i_08862
u_06071,i_09932,i_08476,i_16000,i_20808,i_09345,i_05439,i_03819,i_02079,i_05167,i_31054
u_06072,i_17660,i_03397,i_00377,i_24980,i_32129,i_03866,i_12594,i_00724,i_01111,i_00523
u_06073,i_32048,i_04480,i_10995,i_02382,i_04527,i_08091,i_00122,i_01539,i_07587,i_00725
u_06074,i_05267,i_04692,i_03773,i_08132,i_09182,i_03829,i_10316,i_13690,i_03926,i_01485
u_06075,i_05267,i_09052,i_04692,i_14115,i_14248,i_14651,i_03606,i_09182,i_01523,i_11373
u_06076,i_01904,i_00793,i_10316,i_04181,i_03590,i_10057,i_04478,i_17626,i_01937,i_02317
u_06077,i_05976,i_00126,i_14115,i_11047,i_02136,i_10316,i_08132,i_01937,i_02334,i_06228
u_06078,i_05267,i_01523,i_10316,i_02827,i_21094,i_01111,i_08132,i_00122,i_02282,i_24980
u_06079,i_21094,i_01645,i_14604,i_24980,i_01522,i_00122,i_01129,i_00489,i_15669,i_17626
u_06080,i_02228,i_02382,i_09345,i_01545,i_02725,i_01135,i_08895,i_00725,i_32048,i_00395
u_06081,i_10316,i_01480,i_02786,i_14604,i_21094,i_06390,i_24980,i_05272,i_11386,i_11373
u_06082,i_00122,i_01111,i_07263,i_21094,i_04221,i_24980,i_17626,i_14604,i_02563,i_02228
u_06083,i_01468,i_31952,i_10316,i_03773,i_01998,i_25535,i_02786,i_01480,i_00062,i_31921
u_06084,i_15730,i_17622,i_04363,i_01546,i_05833,i_05710,i_04294,i_04089,i_13845,i_25053
u_06085,i_14604,i_05267,i_14808,i_01430,i_00468,i_08132,i_01523,i_03773,i_05394,i_11910
u_06086,i_01480,i_02786,i_25535,i_31903,i_17923,i_17626,i_00365,i_09009,i_01468,i_02120
u_06087,i_14604,i_01523,i_10316,i_01937,i_24980,i_08052,i_08862,i_01486,i_05976,i_17626
u_06088,i_07752,i_11373,i_02229,i_21849,i_06228,i_00122,i_13705,i_03302,i_05394,i_15902
u_06089,i_01111,i_01468,i_06228,i_10316,i_24980,i_11373,i_03773,i_21094,i_02786,i_01998
u_06090,i_10316,i_01468,i_14604,i_03829,i_02209,i_06228,i_06450,i_24980,i_11408,i_08132
u_06091,i_02786,i_12562,i_24980,i_10316,i_00122,i_14604,i_17626,i_05267,i_01485,i_11373
u_06092,i_24980,i_10316,i_09345,i_11373,i_04413,i_21094,i_00122,i_01998,i_08132,i_05267
u_06093,i_14604,i_05267,i_04580,i_01798,i_02786,i_05394,i_00377,i_00724,i_02399,i_00791
u_06094,i_01468,i_02786,i_01523,i_01937,i_08713,i_05472,i_14604,i_02317,i_10316,i_08132
u_06095,i_01111,i_11373,i_14604,i_10316,i_24980,i_18217,i_09052,i_02786,i_05354,i_05267
u_06096,i_10316,i_01937,i_24980,i_04580,i_13705,i_06228,i_10120,i_00122,i_00062,i_01998
u_06097,i_01468,i_02786,i_01937,i_10133,i_31921,i_08713,i_02317,i_02209,i_08862,i_02334
u_06098,i_04578,i_11365,i_01523,i_07171,i_01937,i_01430,i_01111,i_03819,i_05167,i_05976
u_06099,i_25828,i_17626,i_00122,i_00023,i_16877,i_21094,i_12430,i_31990,i_08881,i_00057
u_06100,i_02297,i_21033,i_01480,i_21094,i_08518,i_01645,i_11910,i_28982,i_17626,i_00311
u_06101,i_02741,i_08638,i_00500,i_10353,i_31741,i_15843,i_02154,i_02228,i_24980,i_03319
u_06102,i_00395,i_02786,i_01111,i_01807,i_01479,i_01097,i_00023,i_02154,i_02136,i_02755
u_06103,i_14808,i_14115,i_14604,i_10316,i_01468,i_04580,i_05267,i_03773,i_01937,i_22939
u_06104,i_01111,i_04692,i_01135,i_03397,i_08815,i_02541,i_04181,i_03404,i_11047,i_02417
u_06105,i_10316,i_14604,i_21094,i_01468,i_00506,i_01523,i_31952,i_01486,i_00470,i_31741
u_06106,i_18333,i_01523,i_07520,i_08132,i_21094,i_05267,i_07255,i_01937,i_01998,i_06534
u_06107,i_10316,i_27051,i_00389,i_14604,i_24980,i_01937,i_01111,i_01523,i_02786,i_10120
u_06108,i_10316,i_01468,i_00586,i_01480,i_24980,i_14604,i_07370,i_17626,i_02786,i_01523
u_06109,i_01645,i_31952,i_17626,i_17924,i_21094,i_24980,i_00011,i_16920,i_02786,i_08518
u_06110,i_31952,i_11373,i_24980,i_01468,i_02382,i_01135,i_01480,i_12430,i_00395,i_02631
u_06111,i_17626,i_01480,i_01111,i_05103,i_31952,i_21094,i_14604,i_01468,i_17924,i_31921
u_06112,i_04585,i_02154,i_02209,i_03319,i_14221,i_01479,i_08518,i_02299,i_27030,i_17108
u_06113,i_10316,i_24980,i_00506,i_14604,i_07370,i_04504,i_06228,i_21094,i_01849,i_00226
u_06114,i_01479,i_02634,i_01485,i_00395,i_02209,i_01135,i_04480,i_01111,i_03404,i_04181
u_06115,i_21094,i_17626,i_31921,i_10316,i_00122,i_01111,i_14604,i_01480,i_02786,i_01108
u_06116,i_02209,i_11386,i_03940,i_04191,i_06533,i_01479,i_03773,i_23257,i_07525,i_03590
u_06117,i_26255,i_21950,i_14175,i_26996,i_00370,i_05531,i_19252,i_13132,i_17687,i_08491
u_06118,i_24980,i_00122,i_10316,i_14604,i_17626,i_11373,i_06228,i_01468,i_01496,i_16877
u_06119,i_21480,i_03397,i_16633,i_15906,i_21184,i_18959,i_16216,i_04553,i_06228,i_14604
u_06120,i_13023,i_09592,i_05418,i_10781,i_03781,i_05354,i_10972,i_11107,i_12320,i_24980
u_06121,i_01468,i_11373,i_17626,i_14604,i_01523,i_02382,i_02631,i_10316,i_05767,i_02276
u_06122,i_26081,i_18980,i_23124,i_08885,i_11543,i_10761,i_04580,i_02300,i_00725,i_10972
u_06123,i_10316,i_21349,i_09345,i_09619,i_15802,i_11910,i_11924,i_11923,i_02896,i_06865
u_06124,i_24980,i_14604,i_08193,i_17626,i_05212,i_01199,i_21094,i_02228,i_10316,i_00724
u_06125,i_14604,i_21094,i_01480,i_02592,i_01937,i_00468,i_08592,i_31921,i_05188,i_02417
u_06126,i_01111,i_11373,i_14844,i_02882,i_01523,i_07567,i_07255,i_14221,i_00122,i_04221
u_06127,i_00724,i_05267,i_32040,i_01468,i_01937,i_14115,i_01523,i_02596,i_01810,i_01111
u_06128,i_02786,i_01523,i_07520,i_10316,i_02415,i_26936,i_01937,i_00037,i_02954,i_02827
u_06129,i_01203,i_00507,i_08592,i_24980,i_01495,i_02786,i_00122,i_00922,i_08518,i_03525
u_06130,i_17626,i_11373,i_24980,i_14604,i_06228,i_02786,i_10316,i_02235,i_21094,i_02111
u_06131,i_01741,i_01480,i_11373,i_07370,i_24696,i_02786,i_09052,i_31950,i_01849,i_02235
u_06132,i_24980,i_00304,i_00077,i_31952,i_31921,i_02676,i_01486,i_04130,i_05267,i_11910
u_06133,i_10316,i_01523,i_14604,i_02786,i_03907,i_01135,i_11047,i_01468,i_03773,i_00122
u_06134,i_05272,i_24980,i_00122,i_01480,i_02319,i_04191,i_03829,i_25690,i_01202,i_08713
u_06135,i_01476,i_11047,i_32048,i_03397,i_01496,i_03632,i_20607,i_16877,i_01439,i_01199
u_06136,i_01937,i_00062,i_02380,i_05472,i_02786,i_14651,i_01468,i_11483,i_02415,i_08132
u_06137,i_10316,i_01937,i_01523,i_02786,i_00462,i_14604,i_05493,i_17626,i_24980,i_07263
u_06138,i_05267,i_01111,i_05394,i_09345,i_14808,i_02229,i_00377,i_24980,i_02786,i_13705
u_06139,i_01480,i_17924,i_14604,i_10316,i_02786,i_28982,i_24980,i_21094,i_05267,i_01937
u_06140,i_10316,i_01523,i_25690,i_24980,i_01480,i_31921,i_11047,i_07520,i_01937,i_00126
u_06141,i_14604,i_05786,i_05267,i_01111,i_05349,i_10930,i_11373,i_17626,i_24980,i_02631
u_06142,i_01480,i_00062,i_02111,i_03151,i_21094,i_11910,i_01998,i_03773,i_10518,i_06228
u_06143,i_10518,i_28547,i_06228,i_02334,i_00362,i_01480,i_00365,i_00433,i_24019,i_00155
u_06144,i_01485,i_02786,i_02317,i_02380,i_04527,i_05472,i_04692,i_02231,i_27051,i_02136
u_06145,i_03773,i_05267,i_14115,i_04580,i_07520,i_13998,i_14808,i_18217,i_09182,i_09345
u_06146,i_10316,i_03773,i_11373,i_06228,i_14604,i_11800,i_24980,i_08132,i_12282,i_01937
u_06147,i_10316,i_31952,i_01468,i_06228,i_21094,i_00062,i_01937,i_01998,i_17924,i_04580
u_06148,i_01937,i_05267,i_18681,i_24980,i_01468,i_14604,i_01430,i_02786,i_03773,i_05103
u_06149,i_14604,i_11373,i_17626,i_02683,i_00586,i_21094,i_31952,i_00554,i_00311,i_01480
u_06150,i_14604,i_31952,i_01468,i_02786,i_01480,i_21094,i_00428,i_00724,i_17924,i_02683
u_06151,i_01937,i_21094,i_14808,i_10316,i_06228,i_09345,i_00126,i_11910,i_00377,i_01798
u_06152,i_01480,i_02786,i_00122,i_14604,i_02334,i_00155,i_28278,i_01937,i_01468,i_00506
u_06153,i_17924,i_02786,i_31903,i_02599,i_01480,i_02299,i_14604,i_10316,i_02136,i_00062
u_06154,i_25828,i_02382,i_01476,i_29117,i_02321,i_02725,i_00122,i_01215,i_02228,i_01545
u_06155,i_02786,i_17626,i_10316,i_14604,i_04504,i_01468,i_24980,i_01486,i_07370,i_05296
u_06156,i_00126,i_03773,i_00027,i_00011,i_25690,i_25535,i_03151,i_18681,i_11373,i_03866
u_06157,i_00122,i_21094,i_12430,i_17670,i_08881,i_04504,i_08518,i_00428,i_24980,i_18031
u_06158,i_11909,i_10518,i_17626,i_02786,i_01937,i_10316,i_28982,i_00011,i_05439,i_21094
u_06159,i_02786,i_10316,i_01523,i_02244,i_17626,i_02079,i_08132,i_00062,i_09052,i_01480
u_06160,i_13984,i_16010,i_14163,i_13394,i_21480,i_15906,i_08796,i_11942,i_13089,i_13353
u_06161,i_07524,i_02235,i_22342,i_06228,i_04413,i_11107,i_04254,i_13124,i_12566,i_02136
u_06162,i_04504,i_10316,i_09934,i_02244,i_03773,i_01849,i_01486,i_00586,i_01739,i_09124
u_06163,i_01937,i_05439,i_19128,i_11047,i_14173,i_22342,i_11569,i_14115,i_05472,i_02380
u_06164,i_10316,i_14604,i_11373,i_21094,i_00057,i_08518,i_02786,i_06228,i_00075,i_02382
u_06165,i_04191,i_14604,i_24980,i_31952,i_10316,i_31741,i_21033,i_01534,i_08518,i_00122
u_06166,i_02154,i_08193,i_11373,i_10316,i_04191,i_03397,i_07050,i_06397,i_11386,i_00395
u_06167,i_00122,i_02136,i_02079,i_02382,i_03319,i_04679,i_06383,i_03397,i_11373,i_10316
u_06168,i_00122,i_01135,i_17626,i_02786,i_02313,i_02407,i_00395,i_02321,i_10316,i_14604
u_06169,i_11348,i_01798,i_05786,i_01937,i_08862,i_00037,i_09345,i_02334,i_21094,i_18681
u_06170,i_01111,i_00122,i_05267,i_11373,i_14604,i_24980,i_02786,i_01937,i_01468,i_13084
u_06171,i_02786,i_00389,i_01937,i_01485,i_01486,i_01468,i_24980,i_00037,i_31921,i_03368
u_06172,i_00468,i_04418,i_01937,i_10316,i_01480,i_01523,i_02299,i_31952,i_00011,i_00928
u_06173,i_05267,i_01937,i_05394,i_17626,i_08132,i_24980,i_01810,i_02786,i_01111,i_10316
u_06174,i_00523,i_02487,i_05786,i_04580,i_05677,i_01937,i_15669,i_03268,i_05762,i_08895
u_06175,i_01486,i_00202,i_02786,i_02213,i_02105,i_00575,i_00213,i_08713,i_07520,i_01523
u_06176,i_14604,i_01937,i_05267,i_04578,i_05349,i_05394,i_05439,i_09345,i_01523,i_02786
u_06177,i_13691,i_16279,i_15730,i_11904,i_05493,i_17269,i_14452,i_18333,i_12365,i_06679
u_06178,i_17344,i_02079,i_11716,i_07597,i_22541,i_02317,i_01135,i_05439,i_14796,i_09170
u_06179,i_10316,i_01468,i_04191,i_01937,i_03829,i_14604,i_02380,i_05103,i_11373,i_21094
u_06180,i_01111,i_01480,i_10316,i_11373,i_24980,i_00122,i_06228,i_02313,i_14604,i_01937
u_06181,i_01937,i_02334,i_00468,i_24980,i_13651,i_08713,i_11483,i_02136,i_00011,i_14604
u_06182,i_13845,i_09711,i_14452,i_21475,i_13844,i_13691,i_16228,i_16279,i_11541,i_01833
u_06183,i_14604,i_31921,i_02786,i_10316,i_04504,i_04277,i_24980,i_01129,i_03829,i_05797
u_06184,i_21094,i_14604,i_10316,i_16920,i_02676,i_13670,i_01937,i_03151,i_01480,i_11373
u_06185,i_14604,i_10316,i_01523,i_01468,i_00122,i_04580,i_17626,i_11910,i_14808,i_14115
u_06186,i_10316,i_01480,i_21094,i_11910,i_05267,i_02786,i_00122,i_05296,i_01849,i_01468
u_06187,i_21094,i_24980,i_02786,i_11373,i_05267,i_32040,i_01480,i_01468,i_10316,i_06228
u_06188,i_07524,i_04413,i_01645,i_01522,i_01403,i_02299,i_15655,i_01486,i_03468,i_22342
u_06189,i_07567,i_08191,i_13998,i_04221,i_15802,i_17108,i_13084,i_05267,i_04580,i_06441
u_06190,i_02136,i_14604,i_10509,i_31952,i_24980,i_02105,i_14183,i_10316,i_00776,i_00795
u_06191,i_14604,i_00468,i_01937,i_05267,i_01523,i_00062,i_01468,i_14115,i_01998,i_13651
u_06192,i_05267,i_01111,i_14115,i_14604,i_01480,i_10316,i_24980,i_02415,i_11910,i_08132
u_06193,i_21094,i_01135,i_02786,i_14604,i_12430,i_02631,i_05267,i_01808,i_28984,i_13084
u_06194,i_22738,i_10316,i_02995,i_10518,i_06533,i_10353,i_00389,i_04207,i_23026,i_31950
u_06195,i_01480,i_11910,i_17924,i_10316,i_00155,i_01523,i_31903,i_00365,i_21094,i_05188
u_06196,i_10972,i_15902,i_23026,i_23257,i_13423,i_10781,i_02831,i_10100,i_13761,i_06533
u_06197,i_00122,i_17626,i_01468,i_01523,i_24980,i_11373,i_02111,i_31952,i_03151,i_03773
u_06198,i_14221,i_10316,i_11373,i_23257,i_01111,i_04692,i_02786,i_04585,i_17626,i_24980
u_06199,i_14604,i_24980,i_10316,i_02786,i_00122,i_25690,i_00724,i_01468,i_00470,i_02317
u_06200,i_01937,i_11910,i_02334,i_01111,i_24980,i_02786,i_04578,i_01480,i_01468,i_01998
u_06201,i_01937,i_01810,i_21094,i_01798,i_06412,i_02399,i_05976,i_17626,i_03151,i_14604
u_06202,i_01468,i_14604,i_24980,i_07520,i_17626,i_00062,i_00776,i_00122,i_00470,i_10316
u_06203,i_24980,i_02334,i_10518,i_10316,i_31903,i_28982,i_32048,i_31921,i_04549,i_17108
u_06204,i_04480,i_00062,i_01135,i_02786,i_00793,i_00389,i_03590,i_17626,i_10316,i_00122
u_06205,i_04580,i_12430,i_14604,i_05267,i_02786,i_01111,i_00523,i_09659,i_05167,i_08862
u_06206,i_06071,i_10518,i_11910,i_14120,i_11909,i_09275,i_14604,i_19751,i_09010,i_11373
u_06207,i_06766,i_01827,i_15902,i_08638,i_12320,i_32048,i_10316,i_08544,i_08539,i_17660
u_06208,i_02786,i_01523,i_01937,i_00062,i_03829,i_14115,i_11365,i_02596,i_05267,i_05797
u_06209,i_14604,i_05394,i_01111,i_05267,i_00377,i_17626,i_01998,i_14808,i_02786,i_11373
u_06210,i_02786,i_10316,i_11373,i_05394,i_03404,i_05267,i_02711,i_08132,i_14604,i_00755
u_06211,i_00122,i_31741,i_17626,i_06882,i_02228,i_01827,i_00395,i_01135,i_24980,i_03397
u_06212,i_01904,i_04181,i_04480,i_01135,i_00793,i_01111,i_02541,i_09345,i_02111,i_02725
u_06213,i_14604,i_01937,i_10316,i_14844,i_02786,i_05103,i_01111,i_00122,i_17626,i_01523
u_06214,i_02631,i_32108,i_03397,i_02702,i_12430,i_04580,i_03495,i_04692,i_26940,i_07263
u_06215,i_07263,i_14604,i_02209,i_00930,i_03829,i_09591,i_10120,i_01479,i_04207,i_10316
u_06216,i_21094,i_10316,i_17626,i_24980,i_05296,i_14604,i_11373,i_04418,i_01849,i_06951
u_06217,i_22265,i_12393,i_07255,i_11310,i_20180,i_17734,i_08102,i_15902,i_16960,i_13761
u_06218,i_17924,i_24980,i_31903,i_17923,i_02368,i_01545,i_10518,i_00306,i_02954,i_06244
u_06219,i_00928,i_02136,i_04182,i_03829,i_01937,i_17108,i_24980,i_01485,i_04181,i_00724
u_06220,i_24980,i_01480,i_08132,i_02786,i_01111,i_01468,i_02334,i_14808,i_01523,i_00122
u_06221,i_05416,i_10316,i_15489,i_10353,i_08091,i_12061,i_08355,i_01111,i_01468,i_03829
u_06222,i_14120,i_08862,i_07509,i_19751,i_17660,i_13084,i_13423,i_06397,i_10895,i_11636
u_06223,i_05267,i_01523,i_21094,i_04580,i_11910,i_11373,i_08132,i_03773,i_14808,i_14115
u_06224,i_14604,i_04418,i_10713,i_10714,i_10120,i_02209,i_02079,i_05493,i_14808,i_14115
u_06225,i_14604,i_10316,i_01480,i_18333,i_14984,i_24980,i_02317,i_02393,i_11373,i_05103
u_06226,i_17626,i_00506,i_24980,i_00470,i_01468,i_17924,i_25690,i_31921,i_01523,i_00011
u_06227,i_05267,i_14604,i_05394,i_16487,i_24980,i_10316,i_01937,i_01523,i_00122,i_17626
u_06228,i_01937,i_02155,i_08713,i_24980,i_17108,i_03829,i_02282,i_06450,i_09345,i_00724
u_06229,i_01523,i_10316,i_14604,i_24980,i_31952,i_00062,i_04580,i_00122,i_01430,i_14115
u_06230,i_02380,i_22342,i_02297,i_03302,i_02725,i_00011,i_09009,i_08518,i_06241,i_28982
u_06231,i_17923,i_09275,i_31741,i_05188,i_31903,i_00311,i_31946,i_04102,i_31952,i_00011
u_06232,i_01480,i_14604,i_11910,i_11373,i_00027,i_10930,i_02079,i_01998,i_06068,i_05394
u_06233,i_17626,i_01480,i_14604,i_21094,i_31741,i_00122,i_03304,i_10316,i_01111,i_05267
u_06234,i_02954,i_01827,i_15005,i_01545,i_07370,i_14120,i_09182,i_11569,i_04585,i_02228
u_06235,i_10316,i_00586,i_14604,i_02213,i_02786,i_05103,i_02393,i_02406,i_04377,i_27675
u_06236,i_31921,i_21094,i_08091,i_06228,i_11373,i_02228,i_01158,i_00724,i_00057,i_00395
u_06237,i_14604,i_17626,i_02507,i_01904,i_02786,i_31950,i_01111,i_12101,i_27051,i_10316
u_06238,i_11373,i_11107,i_15005,i_13084,i_10120,i_13290,i_01075,i_15902,i_25964,i_01545
u_06239,i_10316,i_08193,i_02154,i_05573,i_03773,i_17626,i_06228,i_01993,i_11373,i_24980
u_06240,i_14604,i_01480,i_14115,i_05394,i_10316,i_00122,i_11373,i_01468,i_04578,i_01798
u_06241,i_13841,i_06228,i_10316,i_31914,i_02680,i_19432,i_11548,i_08895,i_00922,i_02100
u_06242,i_18217,i_14221,i_10120,i_15802,i_00062,i_10316,i_01111,i_21094,i_01923,i_05416
u_06243,i_17626,i_01111,i_14604,i_21094,i_03616,i_01135,i_10316,i_11373,i_02229,i_05267
u_06244,i_08518,i_21094,i_17626,i_00724,i_08895,i_18031,i_02136,i_01827,i_00870,i_32040
u_06245,i_14604,i_10316,i_04580,i_01111,i_17626,i_14808,i_00540,i_05394,i_10120,i_13084
u_06246,i_10972,i_11373,i_24980,i_08895,i_21094,i_14604,i_17626,i_09345,i_04580,i_06474
u_06247,i_10316,i_14604,i_00155,i_03773,i_02079,i_31921,i_09052,i_04277,i_02786,i_00062
u_06248,i_24980,i_17626,i_02276,i_14604,i_01476,i_02382,i_08895,i_01111,i_11373,i_22342
u_06249,i_03567,i_00122,i_00523,i_17626,i_24980,i_02276,i_01827,i_02228,i_08881,i_01496
u_06250,i_00122,i_24980,i_10316,i_02786,i_11910,i_21094,i_01523,i_01468,i_06228,i_01480
u_06251,i_09345,i_15744,i_00122,i_17626,i_00395,i_00057,i_01294,i_02382,i_03319,i_02111
u_06252,i_04442,i_02080,i_02313,i_06228,i_00725,i_11386,i_02954,i_24980,i_16877,i_03302
u_06253,i_01523,i_10316,i_06228,i_17626,i_09711,i_09070,i_17622,i_04296,i_02136,i_10353
u_06254,i_11373,i_10316,i_11600,i_02806,i_11386,i_02954,i_01827,i_13670,i_02090,i_03870
u_06255,i_07524,i_05407,i_00468,i_00724,i_17626,i_02209,i_02317,i_02136,i_02297,i_06450
u_06256,i_01111,i_05267,i_14604,i_08132,i_17626,i_10316,i_01937,i_11373,i_00377,i_02786
u_06257,i_17626,i_00122,i_14604,i_10316,i_24980,i_01468,i_01937,i_02631,i_11373,i_02111
u_06258,i_02786,i_01111,i_01523,i_09383,i_05267,i_01468,i_10316,i_01937,i_17626,i_14604
u_06259,i_01111,i_11373,i_01468,i_03773,i_00377,i_18217,i_02229,i_10930,i_04580,i_01523
u_06260,i_14221,i_02209,i_08051,i_14604,i_01523,i_08193,i_02235,i_01111,i_07370,i_00930
u_06261,i_14604,i_12430,i_02631,i_02786,i_10316,i_01468,i_03773,i_00716,i_31921,i_21094
u_06262,i_04578,i_02827,i_01937,i_05267,i_05394,i_17108,i_02596,i_08052,i_11365,i_07171
u_06263,i_08895,i_17626,i_24980,i_03567,i_08881,i_01827,i_00122,i_02382,i_26940,i_12901
u_06264,i_14604,i_10995,i_01480,i_05267,i_10120,i_11910,i_11373,i_08132,i_02954,i_14808
u_06265,i_03806,i_02136,i_03302,i_02228,i_00930,i_04418,i_02299,i_18031,i_01827,i_02235
u_06266,i_01937,i_02786,i_05267,i_21094,i_00062,i_00027,i_01523,i_00365,i_02334,i_24980
u_06267,i_14604,i_01808,i_21094,i_02786,i_18681,i_07520,i_01480,i_24980,i_00122,i_01111
u_06268,i_02786,i_14604,i_10316,i_01937,i_21094,i_13705,i_01523,i_03773,i_03151,i_24980
u_06269,i_13841,i_11373,i_01523,i_13084,i_01111,i_01827,i_01545,i_24980,i_21094,i_03829
u_06270,i_17626,i_01468,i_22515,i_21094,i_21691,i_19978,i_11910,i_20808,i_08132,i_11924
u_06271,i_02786,i_01523,i_01468,i_19432,i_17626,i_24019,i_24980,i_14604,i_02079,i_17535
u_06272,i_21094,i_13084,i_10316,i_01111,i_09345,i_01480,i_04478,i_01807,i_04413,i_10100
u_06273,i_08132,i_31741,i_06228,i_00433,i_13084,i_11910,i_00470,i_01998,i_02786,i_00506
u_06274,i_01523,i_05267,i_14604,i_21094,i_00122,i_01111,i_00126,i_05394,i_01937,i_01468
u_06275,i_01480,i_10316,i_07370,i_00433,i_11373,i_17626,i_03865,i_14604,i_05786,i_06228
u_06276,i_03678,i_05439,i_09345,i_10316,i_14808,i_02786,i_11047,i_02136,i_08132,i_14173
u_06277,i_14604,i_00122,i_01111,i_05267,i_02229,i_10316,i_24980,i_02786,i_05394,i_04580
u_06278,i_01111,i_10316,i_14604,i_01937,i_01485,i_21094,i_04181,i_02417,i_01523,i_05267
u_06279,i_00054,i_18031,i_02105,i_02786,i_01486,i_27675,i_05569,i_02435,i_14604,i_07061
u_06280,i_00122,i_01111,i_10316,i_11373,i_14604,i_01468,i_24980,i_02631,i_03866,i_01523
u_06281,i_09504,i_10316,i_10353,i_32108,i_11373,i_02755,i_09591,i_24980,i_10226,i_10258
u_06282,i_00433,i_10316,i_04418,i_11373,i_24980,i_02317,i_06533,i_22342,i_06228,i_21480
u_06283,i_11373,i_14604,i_02786,i_02741,i_10316,i_01523,i_04580,i_15843,i_08560,i_10120
u_06284,i_14604,i_05267,i_04578,i_01937,i_00395,i_17108,i_01468,i_01430,i_00126,i_06068
u_06285,i_14604,i_07089,i_18333,i_24980,i_10120,i_11373,i_14808,i_14526,i_14844,i_13998
u_06286,i_01480,i_01468,i_14604,i_21094,i_05267,i_10316,i_17626,i_02786,i_00791,i_01111
u_06287,i_17626,i_02786,i_10316,i_01479,i_10120,i_07370,i_14115,i_14604,i_11373,i_02209
u_06288,i_24980,i_14604,i_18333,i_01111,i_11055,i_06228,i_17626,i_13571,i_21094,i_04221
u_06289,i_02786,i_10316,i_03829,i_24980,i_14115,i_02317,i_01485,i_01480,i_03678,i_03773
u_06290,i_05267,i_17108,i_10316,i_00724,i_02382,i_24980,i_04181,i_09383,i_31902,i_02631
u_06291,i_11373,i_17626,i_14115,i_03829,i_03678,i_01523,i_02317,i_01937,i_05267,i_13690
u_06292,i_00122,i_17626,i_11373,i_10316,i_01111,i_24980,i_21094,i_01937,i_06228,i_01468
u_06293,i_18393,i_21268,i_14598,i_09345,i_00037,i_13290,i_03866,i_11543,i_00948,i_01111
u_06294,i_14984,i_00145,i_15906,i_04254,i_07174,i_09124,i_15818,i_04114,i_03678,i_12786
u_06295,i_05394,i_17626,i_02786,i_09345,i_21849,i_14604,i_14808,i_05267,i_04580,i_10895
u_06296,i_03866,i_04580,i_05034,i_17108,i_00724,i_03397,i_14604,i_00755,i_02407,i_03865
u_06297,i_10316,i_14604,i_07520,i_11548,i_01937,i_13127,i_02415,i_09124,i_07130,i_07370
u_06298,i_00075,i_21094,i_04413,i_01490,i_01645,i_05407,i_21033,i_00122,i_01403,i_02228
u_06299,i_01523,i_01937,i_10316,i_02786,i_07520,i_14604,i_05267,i_01111,i_03773,i_01480
u_06300,i_11771,i_03397,i_05879,i_12969,i_09345,i_32048,i_00122,i_03302,i_14120,i_29117
u_06301,i_17626,i_13423,i_11800,i_32048,i_01545,i_00791,i_01937,i_06534,i_31921,i_11569
u_06302,i_02786,i_14604,i_01480,i_05188,i_05786,i_01468,i_01808,i_31903,i_28982,i_17924
u_06303,i_01937,i_10316,i_08132,i_01523,i_09052,i_07520,i_05267,i_03773,i_14115,i_24980
u_06304,i_32040,i_01468,i_00153,i_00154,i_03773,i_01480,i_24980,i_02786,i_00162,i_14604
u_06305,i_14604,i_05797,i_04692,i_12072,i_01111,i_07062,i_04340,i_24980,i_14115,i_10120
u_06306,i_00948,i_08713,i_14604,i_05267,i_02228,i_10316,i_11373,i_00468,i_05786,i_00062
u_06307,i_06228,i_13841,i_03085,i_05354,i_02954,i_01827,i_16877,i_00428,i_03781,i_00776
u_06308,i_24980,i_01523,i_02786,i_02317,i_01111,i_14604,i_17626,i_10316,i_02299,i_01937
u_06309,i_05267,i_24980,i_10316,i_03773,i_02334,i_11373,i_18333,i_01523,i_01937,i_21094
u_06310,i_01937,i_10316,i_24302,i_17626,i_14604,i_24980,i_01480,i_04578,i_02786,i_01430
u_06311,i_01937,i_02786,i_05267,i_07520,i_08713,i_14115,i_04578,i_01480,i_14604,i_02334
u_06312,i_01523,i_24980,i_00922,i_10316,i_06228,i_00470,i_00506,i_21094,i_01480,i_07370
u_06313,i_02388,i_01495,i_01477,i_03350,i_01199,i_00725,i_01480,i_00122,i_00500,i_01135
u_06314,i_14604,i_31903,i_02786,i_17626,i_01480,i_06223,i_01523,i_00122,i_28982,i_11055
u_06315,i_01111,i_00122,i_17626,i_01523,i_01468,i_05267,i_10316,i_01480,i_01486,i_01937
u_06316,i_10316,i_31950,i_03773,i_01111,i_01468,i_21094,i_00062,i_03678,i_01480,i_00389
u_06317,i_23913,i_08052,i_10316,i_08831,i_23936,i_27732,i_01523,i_17108,i_01808,i_12772
u_06318,i_05677,i_02155,i_06450,i_10316,i_08355,i_11154,i_13670,i_13122,i_10761,i_08560
u_06319,i_10316,i_00776,i_13841,i_02786,i_01468,i_06228,i_14175,i_17626,i_14604,i_02235
u_06320,i_14604,i_26940,i_01479,i_02136,i_02380,i_00122,i_03829,i_07263,i_00724,i_02235
u_06321,i_14604,i_01480,i_21094,i_03773,i_01764,i_01741,i_11373,i_02786,i_00122,i_03866
u_06322,i_01486,i_01937,i_09461,i_02827,i_02786,i_01523,i_00011,i_04504,i_02317,i_07520
u_06323,i_10316,i_05267,i_02786,i_00377,i_17626,i_14604,i_10930,i_05349,i_02711,i_01430
u_06324,i_01480,i_01476,i_24980,i_09027,i_28547,i_22342,i_17626,i_00122,i_01827,i_00057
u_06325,i_10316,i_07370,i_02136,i_02209,i_24604,i_05103,i_11373,i_07263,i_01739,i_01523
u_06326,i_14604,i_05267,i_01468,i_24980,i_03829,i_21094,i_01523,i_00122,i_01937,i_10316
u_06327,i_01468,i_14604,i_02415,i_03829,i_02317,i_01485,i_01523,i_01111,i_11483,i_01937
u_06328,i_10316,i_04221,i_06228,i_11373,i_14604,i_02228,i_00948,i_29164,i_17626,i_13122
u_06329,i_14604,i_05267,i_04277,i_03678,i_21094,i_01849,i_01810,i_17626,i_09934,i_02136
u_06330,i_10316,i_14115,i_03773,i_01523,i_21094,i_04692,i_02631,i_18217,i_16487,i_01135
u_06331,i_01480,i_06071,i_11910,i_14604,i_04346,i_01485,i_09009,i_11373,i_17626,i_04191
u_06332,i_01523,i_17626,i_01468,i_01480,i_21094,i_10316,i_05267,i_01798,i_01808,i_01937
u_06333,i_01523,i_01937,i_08132,i_02827,i_05267,i_14115,i_01468,i_13084,i_05394,i_01480
u_06334,i_09052,i_01937,i_06228,i_01468,i_11910,i_24980,i_10316,i_02786,i_10120,i_00122
u_06335,i_01937,i_04504,i_01480,i_01468,i_11910,i_21094,i_10316,i_05267,i_24980,i_01486
u_06336,i_11047,i_05394,i_12059,i_27097,i_03678,i_06441,i_00377,i_02244,i_26649,i_05786
u_06337,i_02786,i_14604,i_03590,i_04181,i_14248,i_04692,i_01937,i_11373,i_05431,i_10120
u_06338,i_15730,i_07567,i_06228,i_09345,i_04089,i_00122,i_04298,i_02228,i_04221,i_09303
u_06339,i_31921,i_00870,i_00724,i_01468,i_03773,i_01937,i_10316,i_08518,i_17626,i_14604
u_06340,i_01480,i_10316,i_24980,i_17924,i_06228,i_00011,i_31921,i_07576,i_04102,i_00470
u_06341,i_14221,i_05472,i_04478,i_10316,i_03773,i_03590,i_11373,i_06390,i_02209,i_02786
u_06342,i_01523,i_05267,i_01111,i_14604,i_00122,i_01468,i_01937,i_24980,i_17626,i_10316
u_06343,i_01167,i_02317,i_02235,i_01486,i_14604,i_02136,i_06450,i_05267,i_01479,i_14173
u_06344,i_01468,i_00062,i_14604,i_00122,i_24980,i_01998,i_08052,i_10316,i_09052,i_05394
u_06345,i_24980,i_01468,i_11537,i_13489,i_14808,i_11910,i_10316,i_05394,i_17539,i_03397
u_06346,i_04221,i_19432,i_07587,i_10120,i_08091,i_08560,i_05493,i_02209,i_07567,i_00716
u_06347,i_01937,i_01468,i_14604,i_09345,i_05493,i_08132,i_17119,i_01923,i_02827,i_00122
u_06348,i_00122,i_14604,i_29117,i_17626,i_10316,i_24980,i_09345,i_21094,i_00037,i_14808
u_06349,i_03678,i_14115,i_02827,i_14604,i_05267,i_20988,i_05439,i_08132,i_11910,i_00062
u_06350,i_14175,i_15902,i_08476,i_04115,i_16309,i_21691,i_13085,i_09592,i_02276,i_16660
u_06351,i_14604,i_24980,i_10316,i_00122,i_01523,i_21094,i_01468,i_06228,i_01937,i_11373
u_06352,i_10353,i_04413,i_08091,i_31952,i_21094,i_22738,i_04603,i_10316,i_24302,i_31741
u_06353,i_05664,i_01479,i_09072,i_02634,i_00145,i_00122,i_02631,i_10781,i_09591,i_14120
u_06354,i_09052,i_18217,i_08132,i_04580,i_10509,i_01480,i_14526,i_31950,i_09345,i_09182
u_06355,i_01111,i_10316,i_24980,i_11910,i_17626,i_14074,i_10120,i_23257,i_00122,i_01523
u_06356,i_00122,i_01111,i_14604,i_05267,i_04580,i_17626,i_00037,i_01135,i_01430,i_09345
u_06357,i_14604,i_10316,i_05267,i_01937,i_03773,i_24980,i_08132,i_02786,i_01523,i_05439
u_06358,i_14604,i_11910,i_08132,i_01480,i_03773,i_03829,i_00724,i_11047,i_10972,i_00122
u_06359,i_01480,i_24980,i_10316,i_01937,i_01468,i_05267,i_10518,i_17924,i_22342,i_02786
u_06360,i_00948,i_21094,i_08895,i_00922,i_02631,i_01523,i_28278,i_14604,i_03829,i_26940
u_06361,i_14604,i_01523,i_24980,i_03773,i_14115,i_01468,i_02786,i_08132,i_01111,i_17626
u_06362,i_21094,i_32040,i_14604,i_01827,i_05296,i_01849,i_24980,i_06228,i_00755,i_03829
u_06363,i_25690,i_01480,i_02282,i_00122,i_02600,i_24980,i_05272,i_17924,i_21094,i_02334
u_06364,i_24980,i_10316,i_17660,i_00724,i_01480,i_17108,i_04580,i_01468,i_17626,i_11373
u_06365,i_12157,i_08193,i_05212,i_17108,i_02786,i_00724,i_00019,i_00395,i_01479,i_01993
u_06366,i_05267,i_14604,i_01937,i_11910,i_01523,i_05439,i_08132,i_10316,i_05394,i_24980
u_06367,i_01523,i_02786,i_02317,i_01808,i_14604,i_00724,i_24980,i_32040,i_00126,i_10316
u_06368,i_00506,i_00075,i_02297,i_03085,i_02786,i_14604,i_24980,i_01202,i_22342,i_00433
u_06369,i_10316,i_01111,i_04181,i_10120,i_00793,i_04585,i_02111,i_24980,i_02154,i_14604
u_06370,i_10316,i_05267,i_01523,i_00122,i_14808,i_01468,i_10930,i_01937,i_11373,i_17626
u_06371,i_00492,i_16000,i_02111,i_04181,i_31950,i_02541,i_17626,i_13843,i_15537,i_02415
u_06372,i_04181,i_27051,i_01111,i_10316,i_03590,i_00793,i_01523,i_01468,i_01135,i_05653
u_06373,i_10518,i_02786,i_15181,i_24980,i_22342,i_07576,i_17626,i_01485,i_11910,i_01486
u_06374,i_01480,i_24980,i_10316,i_00362,i_17626,i_02280,i_01746,i_01849,i_03151,i_14604
u_06375,i_02111,i_01485,i_22605,i_31950,i_01923,i_00492,i_01135,i_11910,i_00395,i_05267
u_06376,i_14604,i_11373,i_14808,i_10316,i_21094,i_01523,i_03773,i_03678,i_19405,i_01937
u_06377,i_14604,i_24980,i_01937,i_02786,i_05267,i_03773,i_05439,i_03819,i_14808,i_14115
u_06378,i_01764,i_24980,i_32040,i_00724,i_31921,i_02683,i_01746,i_03773,i_10518,i_01486
u_06379,i_02786,i_02300,i_21094,i_05296,i_17626,i_10316,i_24980,i_14604,i_31952,i_01468
u_06380,i_21094,i_13651,i_32040,i_00470,i_00468,i_00586,i_00852,i_00011,i_02786,i_18031
u_06381,i_00365,i_17924,i_01480,i_07576,i_14604,i_21094,i_10518,i_02786,i_28982,i_00037
u_06382,i_05267,i_02786,i_02399,i_10316,i_14604,i_24980,i_01937,i_31921,i_00948,i_14115
u_06383,i_10316,i_06882,i_24980,i_17626,i_06228,i_09591,i_01468,i_02786,i_21094,i_00922
u_06384,i_11348,i_14604,i_08754,i_01937,i_19817,i_16267,i_06228,i_05439,i_15437,i_15902
u_06385,i_03302,i_00145,i_10995,i_20806,i_11373,i_20084,i_03606,i_17626,i_10781,i_02228
u_06386,i_10316,i_01523,i_07524,i_10120,i_06228,i_00062,i_31950,i_01111,i_01998,i_13124
u_06387,i_09345,i_02786,i_22939,i_02229,i_14728,i_01523,i_02359,i_14651,i_32112,i_10316
u_06388,i_00122,i_02321,i_12430,i_11373,i_02725,i_02111,i_02631,i_09345,i_02407,i_03495
u_06389,i_10316,i_03773,i_01523,i_01937,i_00948,i_08132,i_02786,i_11601,i_14604,i_02136
u_06390,i_06228,i_02228,i_00725,i_10316,i_09345,i_09635,i_05354,i_02136,i_01827,i_03302
u_06391,i_01937,i_14604,i_02786,i_04478,i_01468,i_10316,i_17119,i_05416,i_17626,i_05710
u_06392,i_01111,i_02786,i_01937,i_13547,i_02235,i_01523,i_12072,i_14604,i_08132,i_17108
u_06393,i_14604,i_17626,i_01541,i_01111,i_04191,i_02319,i_01480,i_31741,i_10316,i_02297
u_06394,i_01480,i_05188,i_17924,i_00468,i_01523,i_02786,i_01468,i_02334,i_00011,i_11910
u_06395,i_24980,i_10316,i_07370,i_11373,i_14604,i_13084,i_01523,i_03302,i_06071,i_32048
u_06396,i_14604,i_17626,i_02786,i_00037,i_03865,i_31921,i_01937,i_01923,i_09345,i_11569
u_06397,i_14604,i_05267,i_17626,i_01468,i_02786,i_10316,i_00122,i_01523,i_18681,i_06533
u_06398,i_24980,i_03866,i_21094,i_06228,i_11373,i_01486,i_02321,i_10316,i_00433,i_02382
u_06399,i_01523,i_10120,i_10316,i_18333,i_14221,i_06228,i_24302,i_11055,i_11910,i_01111
u_06400,i_01523,i_01486,i_00037,i_17108,i_02317,i_00362,i_00122,i_10316,i_02596,i_01468
u_06401,i_13499,i_21012,i_31921,i_31946,i_18139,i_01468,i_23054,i_08560,i_06241,i_01135
u_06402,i_07370,i_10316,i_02786,i_01998,i_01486,i_21033,i_00062,i_02283,i_01480,i_01937
u_06403,i_11910,i_00122,i_02786,i_01468,i_01480,i_01523,i_24980,i_00377,i_09052,i_21094
u_06404,i_02631,i_00492,i_03319,i_03262,i_04171,i_27051,i_06228,i_02359,i_04480,i_01468
u_06405,i_10316,i_02382,i_00122,i_14604,i_17626,i_02786,i_00395,i_11373,i_01111,i_00922
u_06406,i_18217,i_03773,i_10316,i_13998,i_04580,i_01485,i_09052,i_14115,i_12407,i_05493
u_06407,i_13841,i_05651,i_03262,i_18032,i_14984,i_05710,i_17831,i_00776,i_15802,i_05354
u_06408,i_03781,i_11059,i_05852,i_05034,i_03480,i_15802,i_08815,i_01833,i_17687,i_17660
u_06409,i_14604,i_11910,i_01868,i_01480,i_28982,i_01808,i_31903,i_17626,i_08754,i_17924
u_06410,i_03302,i_10316,i_01827,i_24980,i_16877,i_00395,i_01545,i_01496,i_08193,i_11373
u_06411,i_10316,i_00011,i_01480,i_17626,i_00226,i_13651,i_17924,i_02786,i_00362,i_14604
u_06412,i_09842,i_17901,i_32018,i_01111,i_11047,i_21691,i_10316,i_09589,i_12320,i_19978
u_06413,i_14604,i_24980,i_04580,i_00122,i_08132,i_01468,i_01523,i_10316,i_17626,i_31921
u_06414,i_14604,i_24980,i_10316,i_28982,i_11373,i_01129,i_02786,i_08355,i_21094,i_11910
u_06415,i_14604,i_01937,i_01523,i_01486,i_14115,i_01468,i_05267,i_01111,i_17626,i_00062
u_06416,i_02786,i_00062,i_05267,i_14115,i_02317,i_02136,i_07520,i_05493,i_11483,i_01430
u_06417,i_00470,i_21094,i_02213,i_01486,i_03773,i_02435,i_18031,i_00440,i_18139,i_01468
u_06418,i_01810,i_11569,i_05439,i_01523,i_10120,i_01111,i_14604,i_05394,i_06228,i_00062
u_06419,i_03678,i_11373,i_24980,i_03781,i_17626,i_00776,i_10316,i_01111,i_19405,i_05267
u_06420,i_08881,i_00075,i_17626,i_01480,i_21094,i_02786,i_14604,i_16877,i_31952,i_03567
u_06421,i_05267,i_18681,i_01937,i_05439,i_00027,i_01523,i_01798,i_01111,i_04578,i_11373
u_06422,i_08346,i_08102,i_07567,i_09345,i_06363,i_05651,i_32129,i_13883,i_16600,i_04221
u_06423,i_01937,i_02786,i_10316,i_17626,i_14115,i_08132,i_05394,i_07263,i_05267,i_09948
u_06424,i_04603,i_01111,i_01523,i_10120,i_00122,i_07263,i_07587,i_08132,i_01468,i_09070
u_06425,i_11373,i_04578,i_00755,i_04580,i_24980,i_17626,i_00298,i_01523,i_05394,i_00122
u_06426,i_10316,i_02786,i_01111,i_01937,i_00586,i_17626,i_01523,i_00122,i_05394,i_14604
u_06427,i_31921,i_00440,i_02786,i_24980,i_01111,i_00506,i_28278,i_00163,i_07520,i_00468
u_06428,i_06228,i_10316,i_03773,i_18217,i_13998,i_14115,i_12407,i_10120,i_11910,i_01998
u_06429,i_13547,i_02954,i_03085,i_01545,i_14604,i_02080,i_02317,i_00433,i_02280,i_05354
u_06430,i_14604,i_10316,i_05267,i_21094,i_01937,i_01523,i_00037,i_01111,i_01810,i_05394
u_06431,i_17626,i_24980,i_21094,i_01480,i_02334,i_01111,i_14221,i_11910,i_10316,i_03773
u_06432,i_02786,i_21094,i_05267,i_02827,i_14604,i_00440,i_05103,i_24980,i_00126,i_03151
u_06433,i_01480,i_01111,i_24980,i_12430,i_29117,i_16877,i_17626,i_00440,i_00057,i_31952
u_06434,i_11373,i_02228,i_02382,i_29117,i_10995,i_03567,i_24980,i_00122,i_02563,i_16877
u_06435,i_01111,i_14604,i_02786,i_08132,i_03773,i_11910,i_13998,i_01937,i_21094,i_10316
u_06436,i_02282,i_14604,i_00037,i_10316,i_00062,i_03829,i_01111,i_02827,i_05272,i_24980
u_06437,i_10316,i_13084,i_11373,i_02313,i_24980,i_06228,i_02111,i_00122,i_01545,i_04221
u_06438,i_07263,i_01490,i_26779,i_00122,i_02725,i_02382,i_00395,i_09591,i_02228,i_09345
u_06439,i_01523,i_02235,i_01111,i_02317,i_10316,i_01937,i_01468,i_14604,i_02786,i_07520
u_06440,i_16877,i_02725,i_24980,i_01476,i_02413,i_01545,i_06228,i_12320,i_02276,i_00725
u_06441,i_14604,i_24980,i_03678,i_01523,i_09052,i_10509,i_17269,i_09934,i_14984,i_14526
u_06442,i_13670,i_04730,i_15005,i_12282,i_02563,i_10316,i_15669,i_24980,i_06228,i_01827
u_06443,i_00122,i_12430,i_11373,i_01988,i_02725,i_01135,i_22342,i_01496,i_16877,i_08881
u_06444,i_01480,i_14604,i_09591,i_01129,i_10316,i_13670,i_11373,i_31741,i_02786,i_28547
u_06445,i_24980,i_00122,i_14604,i_08638,i_17626,i_08544,i_11373,i_10316,i_21094,i_31952
u_06446,i_01111,i_14604,i_02786,i_24980,i_01468,i_01480,i_01937,i_01523,i_17626,i_21094
u_06447,i_01468,i_10316,i_02136,i_03829,i_02244,i_11047,i_01523,i_00870,i_00037,i_09124
u_06448,i_08193,i_09948,i_14221,i_15902,i_02228,i_15802,i_03183,i_13761,i_02154,i_08754
u_06449,i_00523,i_31952,i_00372,i_17670,i_12430,i_02334,i_05778,i_09009,i_31993,i_00023
u_06450,i_01468,i_10316,i_00506,i_00470,i_01486,i_01523,i_21094,i_00075,i_00922,i_24980
u_06451,i_14604,i_06228,i_00395,i_11373,i_17626,i_24980,i_04191,i_01736,i_01480,i_00057
u_06452,i_10120,i_10316,i_13998,i_01523,i_11910,i_21094,i_00062,i_02334,i_01937,i_01486
u_06453,i_06228,i_03678,i_00776,i_10316,i_11386,i_04191,i_11373,i_04377,i_13841,i_10995
u_06454,i_21094,i_10316,i_31952,i_05267,i_24980,i_02786,i_14604,i_00468,i_01523,i_01480
u_06455,i_28982,i_10518,i_24980,i_10316,i_17923,i_00306,i_24302,i_00154,i_31903,i_07576
u_06456,i_14604,i_01937,i_01810,i_24980,i_09345,i_06228,i_01523,i_10316,i_11373,i_05394
u_06457,i_01523,i_02786,i_02079,i_03773,i_24980,i_01746,i_05267,i_01480,i_21094,i_09052
u_06458,i_01044,i_17626,i_00122,i_01111,i_12901,i_24980,i_02321,i_32108,i_26940,i_05493
u_06459,i_01523,i_01480,i_17626,i_17924,i_05267,i_24980,i_01468,i_14604,i_02786,i_31903
u_06460,i_13499,i_01739,i_09635,i_06533,i_01827,i_19432,i_14248,i_09934,i_12282,i_11107
u_06461,i_17626,i_00122,i_07263,i_24980,i_14604,i_10316,i_11373,i_10120,i_01111,i_01468
u_06462,i_00122,i_14604,i_11055,i_11373,i_05652,i_10316,i_04580,i_01523,i_00062,i_06390
u_06463,i_01523,i_02786,i_10316,i_01111,i_14604,i_17626,i_02274,i_01937,i_00311,i_00306
u_06464,i_03773,i_03829,i_00062,i_10120,i_01998,i_04191,i_08132,i_01468,i_05272,i_10781
u_06465,i_24980,i_00122,i_14604,i_00922,i_01111,i_17626,i_00470,i_00791,i_08895,i_10316
u_06466,i_10348,i_10349,i_08544,i_01111,i_08638,i_24980,i_01523,i_08355,i_10316,i_08560
u_06467,i_05472,i_10781,i_01827,i_01476,i_06228,i_17108,i_03085,i_04585,i_01485,i_04033
u_06468,i_01937,i_01468,i_02786,i_14808,i_11910,i_01523,i_24980,i_17626,i_03773,i_14115
u_06469,i_24980,i_14604,i_17626,i_00122,i_01468,i_01111,i_03866,i_02631,i_05267,i_01539
u_06470,i_02228,i_21094,i_08881,i_01496,i_06228,i_03302,i_24980,i_04505,i_12430,i_08895
u_06471,i_10316,i_06228,i_01523,i_10120,i_04692,i_14604,i_14115,i_01998,i_02786,i_07370
u_06472,i_32040,i_00724,i_31993,i_17626,i_00428,i_02786,i_05267,i_31921,i_31952,i_14604
u_06473,i_06883,i_29600,i_11373,i_29639,i_01129,i_00402,i_24980,i_09345,i_12430,i_13084
u_06474,i_02380,i_08895,i_00057,i_00428,i_02228,i_00922,i_00506,i_21033,i_27675,i_17108
u_06475,i_14115,i_17626,i_14984,i_11047,i_24980,i_11373,i_01937,i_07370,i_10100,i_08132
u_06476,i_05416,i_01523,i_17831,i_02442,i_14984,i_04191,i_17626,i_03773,i_01486,i_11537
u_06477,i_04679,i_09948,i_04254,i_14728,i_11047,i_05267,i_10995,i_01810,i_14808,i_05786
u_06478,i_01480,i_04102,i_24980,i_00062,i_14604,i_06228,i_10518,i_03773,i_02786,i_14115
u_06479,i_07752,i_09137,i_14601,i_15005,i_17660,i_08539,i_06228,i_12217,i_32048,i_13290
u_06480,i_14604,i_05267,i_02786,i_01937,i_04578,i_00791,i_14808,i_01808,i_05394,i_21094
u_06481,i_11373,i_10316,i_01545,i_12430,i_02631,i_02382,i_24980,i_02276,i_31950,i_01480
u_06482,i_14604,i_01430,i_01468,i_05267,i_01937,i_24980,i_14808,i_04580,i_17626,i_21094
u_06483,i_06228,i_04254,i_04984,i_02228,i_16877,i_02276,i_03397,i_04442,i_04191,i_13761
u_06484,i_10100,i_18801,i_08132,i_03773,i_19751,i_01849,i_09103,i_05472,i_10409,i_13239
u_06485,i_01923,i_03262,i_01523,i_17831,i_02136,i_02786,i_13841,i_24980,i_10316,i_06228
u_06486,i_05034,i_10781,i_14120,i_01827,i_11373,i_00122,i_00145,i_12430,i_11358,i_02382
u_06487,i_01937,i_03773,i_04478,i_02031,i_14604,i_01480,i_02786,i_07520,i_03678,i_31950
u_06488,i_01468,i_07520,i_08713,i_15744,i_02415,i_03650,i_04578,i_11483,i_02136,i_02317
u_06489,i_01937,i_05267,i_05394,i_14604,i_09345,i_02827,i_04578,i_08191,i_02229,i_13705
u_06490,i_05267,i_24980,i_14844,i_14808,i_01480,i_11373,i_11910,i_17626,i_19405,i_01111
u_06491,i_08881,i_00122,i_08895,i_00057,i_03567,i_31952,i_31741,i_17670,i_01545,i_08518
u_06492,i_02136,i_10316,i_02786,i_00075,i_17108,i_01937,i_24302,i_01486,i_00724,i_00440
u_06493,i_10316,i_01111,i_11910,i_02317,i_02136,i_01523,i_03829,i_09345,i_31921,i_05354
u_06494,i_01937,i_01523,i_05267,i_01849,i_14984,i_09934,i_01111,i_02393,i_14115,i_16920
u_06495,i_01468,i_14604,i_01480,i_00122,i_21094,i_01111,i_02079,i_10316,i_01937,i_01486
u_06496,i_10316,i_01480,i_01523,i_00506,i_02786,i_17626,i_02280,i_01111,i_02380,i_28593
u_06497,i_24980,i_09345,i_01937,i_01923,i_14604,i_05267,i_03773,i_02417,i_01485,i_02111
u_06498,i_07524,i_04413,i_15669,i_08881,i_24980,i_06863,i_10316,i_02255,i_10761,i_01522
u_06499,i_01480,i_21094,i_18031,i_32040,i_00011,i_31946,i_17924,i_07576,i_31741,i_00468
u_06500,i_02786,i_02827,i_01523,i_01937,i_05493,i_05267,i_08132,i_00062,i_14115,i_24980
u_06501,i_01937,i_01523,i_01923,i_14604,i_05267,i_17626,i_09182,i_05493,i_02111,i_01849
u_06502,i_24980,i_21094,i_31952,i_14604,i_02786,i_08895,i_09345,i_32048,i_00122,i_02317
u_06503,i_10316,i_10120,i_14604,i_04413,i_07263,i_04504,i_11373,i_03829,i_04221,i_00122
u_06504,i_04298,i_10316,i_04089,i_09591,i_11075,i_04191,i_06228,i_03829,i_05573,i_03085
u_06505,i_02676,i_13843,i_02415,i_24302,i_00011,i_11548,i_31902,i_13651,i_08713,i_05188
u_06506,i_09563,i_02720,i_15902,i_07567,i_02297,i_03085,i_02954,i_12282,i_11373,i_00725
u_06507,i_13547,i_14604,i_13670,i_03668,i_08862,i_01827,i_11386,i_12282,i_05797,i_09635
u_06508,i_24980,i_17626,i_02786,i_03781,i_05418,i_00724,i_06228,i_01480,i_10316,i_00122
u_06509,i_01480,i_01937,i_24980,i_01111,i_01468,i_03773,i_01486,i_02786,i_00122,i_02244
u_06510,i_11373,i_13547,i_05354,i_06228,i_24980,i_00725,i_12282,i_00122,i_05394,i_17108
u_06511,i_04181,i_02359,i_01904,i_00793,i_00062,i_00122,i_00389,i_17108,i_04480,i_00492
u_06512,i_10316,i_09591,i_00389,i_04585,i_03829,i_00930,i_10057,i_00395,i_00037,i_18139
u_06513,i_17985,i_19943,i_18921,i_19916,i_17764,i_20520,i_20519,i_01202,i_20596,i_06228
u_06514,i_10316,i_03773,i_09052,i_08132,i_01998,i_06228,i_00062,i_00791,i_21094,i_04637
u_06515,i_01480,i_31946,i_17626,i_10316,i_24980,i_31952,i_11910,i_17924,i_01468,i_10133
u_06516,i_00311,i_31952,i_17924,i_31741,i_00023,i_24980,i_00077,i_02136,i_00075,i_21094
u_06517,i_14604,i_09052,i_03773,i_00062,i_08132,i_10120,i_21094,i_01468,i_14115,i_05493
u_06518,i_11107,i_00506,i_11373,i_01476,i_00716,i_11386,i_10781,i_16877,i_02136,i_06228
u_06519,i_15181,i_01523,i_01468,i_02415,i_02786,i_02676,i_07520,i_00585,i_17108,i_21094
u_06520,i_02786,i_02596,i_05167,i_05394,i_01486,i_01111,i_14604,i_08052,i_01468,i_08132
u_06521,i_01523,i_17108,i_06228,i_01937,i_02415,i_14604,i_11548,i_05267,i_01111,i_31950
u_06522,i_21094,i_14604,i_04191,i_03468,i_10316,i_31741,i_06228,i_05407,i_13124,i_01468
u_06523,i_01111,i_05267,i_01937,i_02786,i_14604,i_01523,i_17626,i_05394,i_11910,i_00073
u_06524,i_04462,i_05472,i_15730,i_05149,i_13845,i_12860,i_02954,i_10353,i_09009,i_23026
u_06525,i_14984,i_15802,i_00395,i_09934,i_00122,i_15005,i_21094,i_16487,i_01807,i_01827
u_06526,i_05354,i_24047,i_14074,i_14604,i_13950,i_16660,i_12320,i_10258,i_05034,i_00755
u_06527,i_14604,i_24980,i_10930,i_17626,i_02786,i_10316,i_01111,i_13705,i_05439,i_01998
u_06528,i_01535,i_01135,i_12282,i_01827,i_06228,i_10316,i_01485,i_17108,i_01849,i_11910
u_06529,i_01539,i_02382,i_31946,i_21094,i_00057,i_28547,i_00362,i_29117,i_10316,i_00075
u_06530,i_11373,i_24980,i_05490,i_01111,i_14604,i_01496,i_09345,i_02382,i_00122,i_05786
u_06531,i_13023,i_05418,i_05213,i_02228,i_02413,i_00145,i_09592,i_21691,i_16877,i_03678
u_06532,i_10316,i_02596,i_01523,i_01937,i_14604,i_14115,i_17626,i_02209,i_01468,i_24980
u_06533,i_05103,i_02786,i_00468,i_02105,i_01827,i_00554,i_02213,i_10316,i_21094,i_00433
u_06534,i_08132,i_01523,i_03773,i_06228,i_11373,i_17626,i_01468,i_21094,i_24980,i_10120
u_06535,i_00724,i_08518,i_00470,i_31952,i_00057,i_01937,i_00791,i_00922,i_14604,i_31921
u_06536,i_24980,i_03829,i_00468,i_00428,i_00037,i_01937,i_17389,i_00023,i_00724,i_04221
u_06537,i_14604,i_17626,i_00122,i_03773,i_02786,i_21094,i_02079,i_09052,i_03829,i_10316
u_06538,i_10316,i_24980,i_10518,i_00011,i_02786,i_14604,i_21094,i_28982,i_02334,i_01523
u_06539,i_04171,i_01479,i_06228,i_02235,i_03319,i_10316,i_08831,i_00433,i_04191,i_03457
u_06540,i_00782,i_01827,i_00716,i_02154,i_00122,i_02228,i_01206,i_18139,i_00389,i_02279
u_06541,i_10316,i_01468,i_07370,i_01480,i_01523,i_01998,i_01937,i_02209,i_14115,i_11386
u_06542,i_01523,i_01937,i_04377,i_01468,i_14604,i_01486,i_00062,i_00575,i_02136,i_01746
u_06543,i_01923,i_09345,i_01485,i_02676,i_14604,i_02111,i_21094,i_01480,i_00724,i_28982
u_06544,i_24980,i_01480,i_00122,i_06951,i_02786,i_04580,i_13084,i_06228,i_11910,i_05267
u_06545,i_01937,i_05267,i_02786,i_02415,i_14604,i_07520,i_01523,i_28984,i_17108,i_01111
u_06546,i_01523,i_08052,i_11483,i_00062,i_14604,i_14115,i_01937,i_08132,i_02317,i_03773
u_06547,i_01111,i_17626,i_01523,i_24980,i_02786,i_06228,i_14604,i_06951,i_13690,i_10316
u_06548,i_18031,i_02417,i_02282,i_05342,i_05267,i_03678,i_01923,i_14983,i_02415,i_11548
u_06549,i_14604,i_24980,i_11373,i_10316,i_01485,i_27051,i_04191,i_10120,i_01480,i_06228
u_06550,i_11373,i_01111,i_21094,i_08132,i_10120,i_13998,i_10316,i_14604,i_06228,i_05267
u_06551,i_10316,i_18217,i_03773,i_11373,i_10120,i_01111,i_00724,i_13998,i_17831,i_21094
u_06552,i_01523,i_03678,i_11373,i_14604,i_14115,i_11910,i_01468,i_01111,i_06228,i_21094
u_06553,i_05024,i_08831,i_02274,i_05879,i_16137,i_17687,i_06188,i_11543,i_05034,i_12542
u_06554,i_21094,i_24980,i_00075,i_10518,i_08518,i_00122,i_31921,i_12562,i_12430,i_05668
u_06555,i_01523,i_02596,i_17626,i_00122,i_14115,i_01468,i_10316,i_01486,i_01937,i_08052
u_06556,i_00163,i_00470,i_24980,i_03151,i_31921,i_00011,i_14604,i_00091,i_01468,i_02786
u_06557,i_14604,i_01523,i_10316,i_04580,i_14115,i_16633,i_08132,i_17626,i_13998,i_09182
u_06558,i_14604,i_01480,i_24980,i_03865,i_02786,i_00433,i_01937,i_01468,i_05267,i_01523
u_06559,i_10316,i_11369,i_01480,i_00011,i_31903,i_14604,i_24980,i_01468,i_02786,i_01523
u_06560,i_11543,i_03397,i_02634,i_01111,i_02609,i_19009,i_02862,i_05573,i_21094,i_02790
u_06561,i_00122,i_09842,i_05213,i_01135,i_01476,i_09009,i_03397,i_32048,i_02297,i_16877
u_06562,i_17626,i_14604,i_00122,i_21094,i_31741,i_31946,i_01480,i_12430,i_10518,i_00023
u_06563,i_03829,i_08713,i_01430,i_01937,i_17626,i_02415,i_07171,i_14604,i_01808,i_14115
u_06564,i_02827,i_05267,i_04578,i_01480,i_01430,i_11910,i_11373,i_01523,i_01798,i_14808
u_06565,i_07567,i_15802,i_05439,i_13084,i_04692,i_09345,i_01937,i_04221,i_27097,i_15902
u_06566,i_11373,i_00122,i_02313,i_09345,i_08191,i_04221,i_01545,i_01135,i_02764,i_14604
u_06567,i_04692,i_01496,i_16487,i_05213,i_32048,i_06533,i_00057,i_02415,i_17119,i_11800
u_06568,i_01480,i_17626,i_24980,i_04102,i_09275,i_04549,i_01135,i_06071,i_00365,i_10518
u_06569,i_10316,i_01937,i_14115,i_17626,i_00062,i_05416,i_03773,i_18217,i_09052,i_10120
u_06570,i_00304,i_00057,i_02954,i_18031,i_22738,i_01202,i_22342,i_00077,i_02676,i_00489
u_06571,i_10316,i_23257,i_01937,i_11373,i_17626,i_24980,i_14604,i_14120,i_13489,i_00428
u_06572,i_02080,i_01480,i_02631,i_05354,i_24980,i_06228,i_00440,i_02276,i_04548,i_01545
u_06573,i_00585,i_01523,i_01937,i_05439,i_13031,i_08132,i_17626,i_02415,i_01485,i_05797
u_06574,i_14604,i_01480,i_11910,i_10316,i_11373,i_01937,i_17626,i_02786,i_21094,i_10518
u_06575,i_02228,i_06228,i_05354,i_02080,i_02704,i_10316,i_01827,i_24980,i_10781,i_11373
u_06576,i_01480,i_05103,i_04504,i_24980,i_10316,i_11910,i_14604,i_00852,i_14984,i_31921
u_06577,i_01468,i_01111,i_01480,i_01486,i_02786,i_01485,i_00122,i_10316,i_12430,i_17924
u_06578,i_01468,i_02786,i_14604,i_01937,i_10316,i_02317,i_01523,i_17626,i_03829,i_08713
u_06579,i_10120,i_10316,i_11373,i_07370,i_06228,i_02136,i_01523,i_16736,i_05416,i_14115
u_06580,i_02786,i_01111,i_01523,i_24980,i_05472,i_02317,i_31952,i_10316,i_01937,i_01486
u_06581,i_05267,i_11910,i_20685,i_05167,i_18981,i_01430,i_18884,i_00377,i_14115,i_19099
u_06582,i_10316,i_01480,i_17626,i_01741,i_00865,i_24302,i_21094,i_01764,i_11909,i_17108
u_06583,i_14604,i_17626,i_21094,i_02786,i_10316,i_05267,i_06450,i_01523,i_11373,i_03678
u_06584,i_01468,i_02786,i_10316,i_14604,i_21094,i_01523,i_01937,i_01485,i_01923,i_17626
u_06585,i_04480,i_10209,i_04585,i_11409,i_01937,i_05267,i_01485,i_13690,i_04181,i_09345
u_06586,i_03773,i_14221,i_01111,i_13690,i_04478,i_02111,i_17626,i_27051,i_01468,i_00433
u_06587,i_08091,i_07587,i_04603,i_08560,i_04602,i_10353,i_10316,i_19432,i_11369,i_02098
u_06588,i_00122,i_02136,i_02382,i_01111,i_05267,i_11047,i_01523,i_10316,i_03404,i_11569
u_06589,i_00011,i_31902,i_17924,i_24980,i_05188,i_31903,i_00468,i_00506,i_00037,i_02676
u_06590,i_14115,i_24980,i_02786,i_01937,i_14604,i_10316,i_01111,i_01480,i_05267,i_05394
u_06591,i_21094,i_00724,i_02282,i_01523,i_02786,i_14604,i_05272,i_24980,i_08713,i_31921
u_06592,i_18121,i_05149,i_04299,i_09932,i_06319,i_04408,i_05439,i_08491,i_05677,i_03397
u_06593,i_14604,i_12567,i_01523,i_02317,i_01937,i_21094,i_10120,i_01764,i_11373,i_11483
u_06594,i_09052,i_21094,i_10120,i_08132,i_10316,i_05267,i_17626,i_05439,i_01111,i_09182
u_06595,i_01937,i_03869,i_20190,i_10081,i_03866,i_08953,i_01535,i_15235,i_10316,i_15399
u_06596,i_19839,i_30751,i_11055,i_11569,i_00062,i_02136,i_10120,i_14221,i_05786,i_14604
u_06597,i_03833,i_12430,i_02111,i_03606,i_03397,i_08470,i_10861,i_02535,i_09829,i_08526
u_06598,i_10316,i_00793,i_04585,i_01993,i_04480,i_04181,i_00389,i_03590,i_02415,i_05472
u_06599,i_01480,i_00011,i_00211,i_31741,i_31902,i_28593,i_17924,i_31903,i_31983,i_24126
u_06600,i_01480,i_02786,i_17626,i_28982,i_02334,i_24980,i_01937,i_21094,i_01523,i_01468
u_06601,i_06766,i_06228,i_02080,i_11373,i_01545,i_04191,i_11107,i_03262,i_01827,i_05354
u_06602,i_14604,i_01937,i_05439,i_11373,i_01523,i_11047,i_14115,i_13998,i_00062,i_01111
u_06603,i_01523,i_02786,i_01937,i_00163,i_00154,i_01480,i_14604,i_03773,i_32040,i_00037
u_06604,i_31921,i_10316,i_05694,i_04504,i_14604,i_02213,i_02079,i_03773,i_05416,i_14984
u_06605,i_02786,i_01937,i_01523,i_05267,i_00037,i_21094,i_07520,i_14604,i_17626,i_08713
u_06606,i_07520,i_00724,i_14604,i_02676,i_26935,i_08713,i_17626,i_00470,i_00155,i_01480
u_06607,i_14604,i_04580,i_02786,i_24980,i_11373,i_13705,i_00540,i_21849,i_14074,i_08132
u_06608,i_00724,i_01480,i_24980,i_05296,i_00155,i_17626,i_32040,i_00468,i_17924,i_14604
u_06609,i_10316,i_14604,i_02786,i_17626,i_05394,i_05267,i_24980,i_04123,i_04692,i_11373
u_06610,i_05267,i_00062,i_14604,i_02415,i_01468,i_01523,i_08713,i_13547,i_31921,i_18681
u_06611,i_01468,i_01937,i_01480,i_14604,i_02786,i_02415,i_00044,i_10316,i_01519,i_01523
u_06612,i_01111,i_10057,i_02154,i_17626,i_08193,i_03319,i_02634,i_00724,i_00037,i_00389
u_06613,i_10120,i_14221,i_18217,i_09182,i_03678,i_09948,i_11487,i_09052,i_08801,i_13239
u_06614,i_24980,i_00122,i_14604,i_17626,i_11373,i_03302,i_07567,i_02725,i_00057,i_06228
u_06615,i_05439,i_27097,i_14173,i_02079,i_07171,i_08754,i_00145,i_14074,i_05786,i_03819
u_06616,i_14120,i_01539,i_28982,i_11910,i_31903,i_05267,i_14173,i_09345,i_03829,i_15902
u_06617,i_00922,i_24980,i_21094,i_05835,i_07061,i_01480,i_00226,i_00870,i_02105,i_16920
u_06618,i_07524,i_10316,i_17626,i_05677,i_21094,i_10353,i_14604,i_04413,i_02213,i_01486
u_06619,i_01111,i_05431,i_04692,i_01479,i_05472,i_12072,i_14604,i_02235,i_02274,i_03590
u_06620,i_02786,i_07520,i_31902,i_02676,i_02334,i_00468,i_17924,i_03357,i_13651,i_24302
u_06621,i_10316,i_06228,i_01480,i_13547,i_01523,i_21094,i_07370,i_14604,i_03773,i_11386
u_06622,i_02786,i_01111,i_01486,i_01523,i_01468,i_05103,i_10316,i_05472,i_01937,i_02317
u_06623,i_07520,i_00062,i_01937,i_01523,i_17108,i_08713,i_16499,i_01798,i_07596,i_16700
u_06624,i_14604,i_01111,i_11537,i_24980,i_00122,i_10120,i_01937,i_10316,i_02786,i_01523
u_06625,i_08895,i_24980,i_31952,i_17626,i_17924,i_21094,i_08518,i_01741,i_17108,i_12430
u_06626,i_21094,i_17626,i_24980,i_00310,i_01486,i_14604,i_02786,i_31741,i_10316,i_00724
u_06627,i_02786,i_05267,i_09345,i_01523,i_14604,i_01937,i_17626,i_10316,i_01111,i_24980
u_06628,i_14604,i_10316,i_08560,i_10120,i_03829,i_01111,i_12927,i_00506,i_09345,i_02827
u_06629,i_00122,i_02563,i_14604,i_02382,i_26013,i_00057,i_00765,i_02313,i_12294,i_03470
u_06630,i_14604,i_24980,i_17626,i_05267,i_02786,i_11373,i_14808,i_01810,i_01480,i_06397
u_06631,i_10316,i_10120,i_14221,i_01523,i_24980,i_13998,i_14115,i_03773,i_08132,i_01111
u_06632,i_00361,i_01480,i_00362,i_31903,i_03151,i_05188,i_02213,i_02786,i_24302,i_01523
u_06633,i_10316,i_14604,i_09345,i_14115,i_14808,i_09052,i_01998,i_17626,i_08132,i_15902
u_06634,i_00122,i_01111,i_14604,i_24980,i_10316,i_31952,i_11373,i_01135,i_21094,i_02321
u_06635,i_10316,i_04181,i_14604,i_11548,i_06228,i_17626,i_01480,i_02786,i_04478,i_01468
u_06636,i_24980,i_16877,i_00122,i_00716,i_00306,i_01476,i_01539,i_29117,i_09345,i_01535
u_06637,i_10316,i_02317,i_02393,i_14984,i_04504,i_02297,i_05103,i_12141,i_01486,i_01849
u_06638,i_02209,i_02380,i_02228,i_06533,i_02297,i_21033,i_22738,i_01111,i_00057,i_02596
u_06639,i_10120,i_10316,i_03773,i_11910,i_24980,i_14221,i_09052,i_18217,i_13998,i_14115
u_06640,i_02786,i_10316,i_17626,i_08132,i_10120,i_13998,i_11047,i_02882,i_14604,i_09591
u_06641,i_03773,i_02786,i_14115,i_08132,i_17626,i_10930,i_01111,i_04578,i_02827,i_07171
u_06642,i_14604,i_08132,i_18333,i_09103,i_13084,i_05394,i_09182,i_06533,i_10120,i_11910
u_06643,i_01480,i_24980,i_17924,i_17626,i_31952,i_21094,i_10518,i_14604,i_08895,i_01044
u_06644,i_10316,i_14604,i_01111,i_17626,i_14115,i_02882,i_11569,i_05439,i_21094,i_02229
u_06645,i_24980,i_01468,i_10316,i_00122,i_06228,i_11373,i_00091,i_03773,i_00440,i_14115
u_06646,i_09182,i_14221,i_09948,i_07260,i_09592,i_11966,i_00062,i_07171,i_23257,i_11145
u_06647,i_21094,i_00155,i_00162,i_16920,i_14604,i_11373,i_10316,i_02393,i_01486,i_24980
u_06648,i_11373,i_01111,i_12430,i_07089,i_05394,i_00377,i_05267,i_00540,i_18333,i_04580
u_06649,i_02366,i_01774,i_02736,i_24980,i_00765,i_00724,i_10316,i_00389,i_04221,i_05777
u_06650,i_01480,i_10316,i_21094,i_14604,i_24980,i_00213,i_00010,i_07263,i_17626,i_02786
u_06651,i_12562,i_11373,i_24980,i_00725,i_10316,i_10181,i_02382,i_03397,i_01476,i_17626
u_06652,i_21094,i_03568,i_13124,i_00506,i_05407,i_14604,i_00470,i_00054,i_03468,i_01202
u_06653,i_01480,i_00122,i_14604,i_31952,i_10316,i_29639,i_01129,i_02786,i_11373,i_12430
u_06654,i_05439,i_27097,i_02317,i_13423,i_08754,i_01937,i_14844,i_02827,i_15802,i_06534
u_06655,i_01523,i_03773,i_02136,i_13998,i_05493,i_11373,i_09052,i_03829,i_05416,i_24980
u_06656,i_02228,i_10995,i_23026,i_29639,i_09345,i_04585,i_06450,i_01827,i_17626,i_02382
u_06657,i_02786,i_14604,i_01937,i_01480,i_00313,i_24980,i_08713,i_00027,i_02827,i_02299
u_06658,i_10316,i_00311,i_02105,i_29117,i_00306,i_28547,i_14604,i_08518,i_03151,i_00440
u_06659,i_02786,i_00122,i_14604,i_10316,i_01523,i_07520,i_01937,i_17626,i_01468,i_21094
u_06660,i_01468,i_00492,i_01741,i_16499,i_02978,i_01519,i_02786,i_03136,i_01937,i_06466
u_06661,i_06228,i_11373,i_13571,i_24980,i_05573,i_19405,i_14115,i_10316,i_10509,i_02786
u_06662,i_17626,i_14604,i_01111,i_05267,i_14808,i_02786,i_09345,i_14651,i_10316,i_08132
u_06663,i_02786,i_01523,i_14604,i_07263,i_00122,i_02380,i_17108,i_01468,i_02596,i_02209
u_06664,i_01217,i_00523,i_31993,i_00428,i_04679,i_02631,i_10316,i_05894,i_02229,i_02079
u_06665,i_10316,i_05267,i_01523,i_08091,i_14221,i_04602,i_10057,i_11408,i_01111,i_14604
u_06666,i_24980,i_01937,i_21094,i_02786,i_17626,i_28982,i_11373,i_10316,i_01111,i_05267
u_06667,i_24980,i_14604,i_21094,i_01808,i_01523,i_01937,i_01798,i_02380,i_10316,i_02786
u_06668,i_00389,i_14604,i_01485,i_17626,i_00395,i_00724,i_00057,i_27051,i_03829,i_03866
u_06669,i_11373,i_01099,i_10120,i_01480,i_10316,i_17626,i_01523,i_01937,i_24980,i_00122
u_06670,i_21094,i_00310,i_17626,i_24980,i_05296,i_14604,i_11373,i_06228,i_28547,i_10316
u_06671,i_05786,i_03829,i_01827,i_00755,i_05267,i_00724,i_03865,i_01129,i_10930,i_02563
u_06672,i_10316,i_13998,i_05439,i_14115,i_09182,i_09345,i_08132,i_03773,i_04580,i_09052
u_06673,i_14604,i_01937,i_05267,i_02786,i_05439,i_00062,i_14115,i_10316,i_08132,i_13651
u_06674,i_10316,i_00122,i_06228,i_14604,i_10120,i_01485,i_01468,i_02209,i_01849,i_00062
u_06675,i_28982,i_05187,i_00122,i_12320,i_09009,i_10316,i_29117,i_03829,i_02786,i_32048
u_06676,i_00155,i_14604,i_24049,i_02786,i_24980,i_10316,i_17626,i_06466,i_11373,i_24302
u_06677,i_05267,i_18681,i_02786,i_17626,i_00122,i_05167,i_01937,i_01523,i_05349,i_01798
u_06678,i_10316,i_14604,i_28982,i_21094,i_24980,i_01468,i_11373,i_01937,i_00155,i_18333
u_06679,i_01111,i_11910,i_14604,i_05267,i_25535,i_04692,i_03866,i_21094,i_13690,i_00023
u_06680,i_13295,i_02359,i_01199,i_01097,i_12373,i_01993,i_01545,i_02276,i_00428,i_02228
u_06681,i_10316,i_14604,i_09052,i_03773,i_07520,i_01468,i_24980,i_00922,i_01111,i_06228
u_06682,i_14808,i_01937,i_16134,i_03397,i_13761,i_11373,i_06450,i_08132,i_09292,i_10081
u_06683,i_21094,i_02100,i_14604,i_00122,i_10316,i_08895,i_00395,i_01097,i_24980,i_02786
u_06684,i_10316,i_02317,i_05103,i_05267,i_02720,i_02596,i_01523,i_11386,i_06974,i_02297
u_06685,i_14604,i_05267,i_04578,i_18681,i_01937,i_32040,i_24980,i_00724,i_00377,i_02786
u_06686,i_02786,i_01937,i_01523,i_05797,i_08132,i_05267,i_02827,i_02229,i_06412,i_11047
u_06687,i_03773,i_21094,i_10316,i_17108,i_31921,i_00163,i_00162,i_09345,i_01849,i_00724
u_06688,i_00122,i_24980,i_14604,i_10316,i_31952,i_11373,i_02276,i_01468,i_02786,i_02228
u_06689,i_00057,i_08518,i_14604,i_00075,i_00440,i_02786,i_21094,i_00091,i_00462,i_02319
u_06690,i_01937,i_10316,i_14604,i_02786,i_14115,i_00062,i_05267,i_08052,i_02079,i_03773
u_06691,i_11373,i_05416,i_10100,i_13499,i_01111,i_14074,i_09948,i_15851,i_22939,i_12981
u_06692,i_11055,i_07089,i_00122,i_11373,i_18333,i_07567,i_08862,i_02228,i_06228,i_10120
u_06693,i_02786,i_05267,i_01937,i_01480,i_11365,i_24980,i_14808,i_11910,i_01111,i_10316
u_06694,i_10316,i_06228,i_05267,i_17626,i_03397,i_14120,i_01111,i_14115,i_01523,i_08132
u_06695,i_14604,i_08754,i_03819,i_24980,i_10518,i_14115,i_01937,i_11365,i_05439,i_00027
u_06696,i_01111,i_05267,i_03866,i_02786,i_14604,i_00377,i_01523,i_01998,i_11373,i_05786
u_06697,i_12407,i_02786,i_06534,i_11537,i_14651,i_01111,i_01937,i_14115,i_05267,i_11047
u_06698,i_11055,i_18333,i_11373,i_01158,i_08862,i_00122,i_00402,i_00755,i_10316,i_24980
u_06699,i_10226,i_01774,i_11959,i_05763,i_13850,i_17660,i_13761,i_05677,i_09592,i_09948
u_06700,i_10316,i_02786,i_03773,i_14604,i_24980,i_01111,i_01468,i_11047,i_01523,i_17108
u_06701,i_00765,i_02736,i_01774,i_29164,i_08881,i_02741,i_12901,i_00372,i_32129,i_00395
u_06702,i_00122,i_01111,i_11373,i_02786,i_10316,i_17626,i_01523,i_24980,i_14604,i_02317
u_06703,i_00724,i_14604,i_05267,i_32040,i_01111,i_00122,i_24980,i_10316,i_17626,i_00126
u_06704,i_08881,i_00395,i_00428,i_01468,i_02276,i_24980,i_00122,i_01827,i_17626,i_16877
u_06705,i_02786,i_31903,i_14604,i_01523,i_01937,i_01798,i_03819,i_00365,i_08754,i_28982
u_06706,i_01129,i_29639,i_11373,i_13084,i_32048,i_05652,i_01158,i_14604,i_00402,i_01515
u_06707,i_06017,i_23026,i_01807,i_11047,i_14248,i_03940,i_12785,i_05213,i_04221,i_08193
u_06708,i_31952,i_00057,i_31921,i_08518,i_07520,i_00724,i_08895,i_00922,i_00306,i_18312
u_06709,i_04480,i_06466,i_27051,i_00492,i_04585,i_04181,i_01993,i_10316,i_01904,i_31950
u_06710,i_17626,i_10353,i_02563,i_03397,i_11537,i_09275,i_09345,i_14984,i_02228,i_32048
u_06711,i_01480,i_17923,i_10518,i_02786,i_12430,i_31952,i_02334,i_17924,i_31741,i_00306
u_06712,i_00395,i_24980,i_17626,i_08895,i_08881,i_00122,i_00716,i_00057,i_00930,i_31952
u_06713,i_12785,i_09345,i_11373,i_00492,i_15005,i_27302,i_17108,i_11543,i_01545,i_11910
u_06714,i_01480,i_24980,i_01808,i_02676,i_28982,i_14604,i_02334,i_31903,i_10518,i_05439
u_06715,i_00928,i_13651,i_05103,i_02786,i_01523,i_14604,i_01480,i_01798,i_01111,i_00011
u_06716,i_11373,i_10316,i_14604,i_00122,i_02786,i_00389,i_29117,i_17626,i_01485,i_09345
u_06717,i_10316,i_21094,i_00075,i_00062,i_02235,i_19839,i_01900,i_15677,i_00554,i_15181
u_06718,i_31903,i_09275,i_00365,i_04102,i_24980,i_21094,i_05188,i_01523,i_00062,i_13651
u_06719,i_24980,i_05394,i_00377,i_01135,i_02786,i_05267,i_17626,i_11373,i_10316,i_09345
u_06720,i_01937,i_01111,i_05786,i_01486,i_03829,i_00362,i_02136,i_01485,i_02827,i_00062
u_06721,i_03678,i_00062,i_14604,i_01523,i_07520,i_01937,i_02380,i_03368,i_02827,i_03773
u_06722,i_11373,i_09173,i_11386,i_08660,i_02228,i_17660,i_00145,i_15235,i_02382,i_01451
u_06723,i_05267,i_11365,i_18681,i_01937,i_02827,i_01808,i_09345,i_00027,i_05394,i_00126
u_06724,i_15730,i_04298,i_21094,i_00506,i_03568,i_04191,i_01827,i_27675,i_00930,i_27030
u_06725,i_27051,i_01135,i_10316,i_03397,i_00389,i_00122,i_02563,i_01111,i_01523,i_03404
u_06726,i_01480,i_10518,i_28982,i_04102,i_24980,i_02022,i_31903,i_09077,i_09275,i_01938
u_06727,i_10316,i_14604,i_14221,i_02136,i_03319,i_04692,i_24980,i_03590,i_01479,i_00062
u_06728,i_01808,i_03829,i_02334,i_14604,i_01468,i_14808,i_05267,i_05653,i_01937,i_02317
u_06729,i_00204,i_04102,i_10518,i_01480,i_24980,i_28982,i_02076,i_31903,i_02022,i_07576
u_06730,i_10316,i_14604,i_31741,i_31952,i_11373,i_03151,i_01486,i_02334,i_25690,i_03773
u_06731,i_08193,i_03773,i_21094,i_05212,i_11543,i_01523,i_00062,i_08895,i_06228,i_00506
u_06732,i_10316,i_01998,i_31921,i_01111,i_07576,i_17924,i_03773,i_02334,i_01468,i_24302
u_06733,i_14604,i_05267,i_01937,i_01808,i_24980,i_00037,i_01468,i_02786,i_02827,i_01810
u_06734,i_10316,i_03829,i_02786,i_05103,i_00037,i_05439,i_00062,i_01523,i_01468,i_02235
u_06735,i_31946,i_05394,i_02235,i_17924,i_00062,i_01998,i_01937,i_00791,i_13674,i_01486
u_06736,i_11373,i_05472,i_01523,i_02786,i_06228,i_17626,i_24980,i_00122,i_14604,i_06017
u_06737,i_11618,i_06228,i_11055,i_01545,i_04191,i_05354,i_02954,i_18032,i_12282,i_09010
u_06738,i_10316,i_11373,i_24980,i_01937,i_03773,i_14115,i_17626,i_06228,i_01468,i_11910
u_06739,i_14604,i_24980,i_17626,i_02786,i_00122,i_10316,i_28984,i_01523,i_11373,i_02334
u_06740,i_17626,i_07263,i_09027,i_00395,i_10316,i_21094,i_02297,i_01468,i_02317,i_11373
u_06741,i_17626,i_02786,i_01468,i_31921,i_03773,i_00011,i_08518,i_01523,i_00122,i_11373
u_06742,i_02022,i_02076,i_31959,i_06533,i_01518,i_01938,i_00795,i_01952,i_31992,i_14604
u_06743,i_24980,i_17626,i_10316,i_04191,i_00948,i_00506,i_14604,i_11373,i_01523,i_00122
u_06744,i_04578,i_05267,i_18681,i_01430,i_02317,i_11365,i_08713,i_03926,i_07520,i_03151
u_06745,i_32040,i_14604,i_24980,i_17626,i_01480,i_01849,i_02317,i_03773,i_31921,i_10316
u_06746,i_05267,i_14604,i_05394,i_18681,i_01111,i_00126,i_24980,i_14808,i_00717,i_00027
u_06747,i_14604,i_24980,i_01111,i_17626,i_05394,i_01468,i_04580,i_07171,i_01937,i_03866
u_06748,i_10316,i_11373,i_14808,i_24980,i_01480,i_03773,i_08132,i_18217,i_01523,i_01468
u_06749,i_02786,i_05267,i_17626,i_14604,i_10316,i_07255,i_01937,i_24980,i_05394,i_10761
u_06750,i_02786,i_01937,i_00122,i_14604,i_01111,i_05767,i_02228,i_01135,i_10316,i_02954
u_06751,i_27675,i_01408,i_00433,i_21033,i_00489,i_02105,i_12418,i_02954,i_01218,i_06533
u_06752,i_21094,i_00470,i_00155,i_02235,i_02786,i_00122,i_01468,i_17626,i_18031,i_02136
u_06753,i_18215,i_26227,i_00377,i_14120,i_13290,i_16868,i_22463,i_18757,i_24165,i_01479
u_06754,i_14604,i_01937,i_31921,i_00062,i_01808,i_07520,i_01849,i_01468,i_02786,i_05267
u_06755,i_11145,i_14808,i_00540,i_05394,i_20808,i_04580,i_08191,i_17519,i_17662,i_05439
u_06756,i_01810,i_14604,i_01937,i_01468,i_11910,i_24980,i_14808,i_10316,i_32040,i_05439
u_06757,i_05407,i_14173,i_02541,i_03468,i_01403,i_03829,i_09103,i_05573,i_02244,i_12263
u_06758,i_01111,i_01468,i_10316,i_24980,i_14604,i_02786,i_00470,i_01523,i_00122,i_05267
u_06759,i_11355,i_02316,i_01111,i_10316,i_04480,i_10353,i_01904,i_01135,i_00057,i_02334
u_06760,i_10910,i_00761,i_01424,i_01541,i_02228,i_06241,i_09436,i_13998,i_10781,i_03262
u_06761,i_10316,i_02154,i_11548,i_27051,i_17108,i_01993,i_00492,i_02359,i_14221,i_03803
u_06762,i_10316,i_02786,i_02209,i_01523,i_02274,i_04692,i_11537,i_03829,i_14651,i_04580
u_06763,i_10316,i_08193,i_02280,i_08091,i_03806,i_21094,i_01486,i_12901,i_01993,i_06228
u_06764,i_15669,i_05439,i_17626,i_02255,i_04580,i_09124,i_00870,i_18217,i_05573,i_10930
u_06765,i_24980,i_17626,i_01480,i_02786,i_10316,i_03773,i_21094,i_01468,i_01937,i_31921
u_06766,i_10316,i_01111,i_01468,i_11373,i_01523,i_01937,i_03773,i_14604,i_00433,i_01486
u_06767,i_09052,i_08132,i_02882,i_14115,i_18217,i_09182,i_05416,i_10120,i_01111,i_19432
u_06768,i_02786,i_10316,i_01937,i_00126,i_08052,i_01486,i_07520,i_00011,i_14604,i_01523
u_06769,i_10316,i_01111,i_00122,i_01937,i_00062,i_14604,i_01998,i_08132,i_01480,i_03829
u_06770,i_11910,i_10133,i_05267,i_14604,i_09345,i_00126,i_00724,i_02592,i_02136,i_01923
u_06771,i_24980,i_01476,i_01539,i_09345,i_01827,i_02313,i_01535,i_05354,i_06397,i_14604
u_06772,i_05416,i_09052,i_17626,i_01937,i_24980,i_21094,i_03773,i_14115,i_08132,i_18217
u_06773,i_02786,i_01523,i_02282,i_31921,i_02317,i_01937,i_21094,i_02380,i_01486,i_14604
u_06774,i_21849,i_20808,i_10120,i_02244,i_05439,i_21427,i_14120,i_14604,i_17660,i_08862
u_06775,i_24980,i_01480,i_02786,i_10316,i_01468,i_31903,i_01523,i_21094,i_03304,i_14604
u_06776,i_14120,i_09345,i_00540,i_17108,i_02725,i_03866,i_03665,i_18757,i_11373,i_32048
u_06777,i_01522,i_05407,i_01645,i_07524,i_10057,i_03468,i_13670,i_10316,i_04603,i_14221
u_06778,i_28982,i_10518,i_24980,i_01937,i_17924,i_02334,i_25535,i_14604,i_21094,i_04102
u_06779,i_01468,i_14604,i_05267,i_04191,i_01937,i_02786,i_01523,i_01798,i_07520,i_01486
u_06780,i_05103,i_02105,i_17108,i_01468,i_14604,i_09052,i_24980,i_03773,i_00362,i_07520
u_06781,i_10930,i_18217,i_01998,i_09052,i_03829,i_09948,i_12407,i_00126,i_14115,i_23257
u_06782,i_24980,i_31902,i_17924,i_02786,i_00468,i_01480,i_17626,i_21094,i_00922,i_14604
u_06783,i_22854,i_05837,i_13085,i_14651,i_05744,i_10081,i_02596,i_05761,i_09436,i_13295
u_06784,i_01468,i_02786,i_25690,i_14604,i_04504,i_10316,i_03773,i_01523,i_03590,i_02136
u_06785,i_01468,i_02786,i_01998,i_09124,i_00922,i_01486,i_06228,i_08132,i_03773,i_05188
u_06786,i_10316,i_02209,i_02154,i_17269,i_11543,i_06228,i_03319,i_02279,i_14221,i_07370
u_06787,i_14604,i_11373,i_02786,i_00122,i_17108,i_17626,i_00306,i_22342,i_05394,i_31921
u_06788,i_10316,i_02136,i_04504,i_01486,i_05710,i_07370,i_12141,i_01849,i_09934,i_02317
u_06789,i_13998,i_08132,i_01523,i_18217,i_00062,i_01998,i_11373,i_01937,i_09345,i_08754
u_06790,i_05267,i_14808,i_18681,i_10930,i_00126,i_06068,i_02827,i_01430,i_17626,i_01998
u_06791,i_02111,i_05789,i_02507,i_11910,i_05797,i_02415,i_01937,i_03404,i_02596,i_14604
u_06792,i_02382,i_12430,i_02631,i_02321,i_02725,i_32108,i_17626,i_02228,i_16877,i_08895
u_06793,i_02786,i_02317,i_00062,i_10316,i_24980,i_07370,i_02209,i_01937,i_01111,i_06228
u_06794,i_01937,i_06533,i_01480,i_14604,i_01798,i_00062,i_01468,i_00473,i_24980,i_05439
u_06795,i_21094,i_24980,i_00226,i_00462,i_00506,i_17626,i_08518,i_00922,i_00091,i_09591
u_06796,i_24980,i_17626,i_10316,i_31952,i_02280,i_12141,i_01480,i_14604,i_11373,i_00433
u_06797,i_02786,i_01468,i_17626,i_24980,i_14604,i_01111,i_00062,i_25690,i_07520,i_10316
u_06798,i_10316,i_01523,i_10120,i_08132,i_14604,i_01111,i_06228,i_13998,i_03773,i_01937
u_06799,i_01480,i_31903,i_10316,i_21094,i_28982,i_17923,i_01938,i_03773,i_18333,i_00122
u_06800,i_01111,i_14604,i_05267,i_02382,i_02786,i_17626,i_01135,i_00122,i_02321,i_24980
u_06801,i_17626,i_16920,i_01937,i_01486,i_01468,i_01523,i_10316,i_01111,i_02382,i_02755
u_06802,i_01937,i_14604,i_02786,i_01523,i_10316,i_08132,i_08052,i_02079,i_11483,i_05439
u_06803,i_11373,i_02487,i_00540,i_28982,i_08862,i_03268,i_00523,i_21094,i_02703,i_03866
u_06804,i_17626,i_14604,i_24980,i_04580,i_04585,i_07518,i_05267,i_01479,i_11373,i_05394
u_06805,i_01480,i_14604,i_17626,i_10518,i_02786,i_00122,i_28982,i_24980,i_17924,i_21094
u_06806,i_00433,i_17626,i_17108,i_00506,i_27675,i_00091,i_25690,i_02136,i_31921,i_05267
u_06807,i_17626,i_14604,i_00122,i_10316,i_06228,i_11537,i_08881,i_01937,i_01111,i_08895
u_06808,i_24980,i_02136,i_06228,i_03773,i_31921,i_11373,i_00870,i_02786,i_01480,i_00433
u_06809,i_01764,i_01741,i_24980,i_00122,i_01485,i_01111,i_14604,i_17626,i_01480,i_01468
u_06810,i_06399,i_13122,i_04027,i_13850,i_04580,i_00122,i_09592,i_00724,i_15843,i_02609
u_06811,i_03806,i_01111,i_08173,i_00395,i_21094,i_10316,i_17626,i_31952,i_26940,i_00023
u_06812,i_05493,i_01480,i_10316,i_01746,i_02786,i_09383,i_00122,i_01468,i_01764,i_11910
u_06813,i_14863,i_02079,i_18980,i_02720,i_02415,i_11386,i_08754,i_02209,i_17325,i_03397
u_06814,i_06951,i_13841,i_17831,i_03262,i_10316,i_02786,i_06228,i_14984,i_00433,i_03829
u_06815,i_10316,i_21094,i_01937,i_02786,i_31921,i_17626,i_01468,i_14604,i_28278,i_01480
u_06816,i_18681,i_04578,i_14604,i_17626,i_01468,i_02786,i_01430,i_14808,i_05394,i_00126
u_06817,i_03866,i_12430,i_00468,i_01808,i_00928,i_00948,i_29117,i_02136,i_31921,i_00540
u_06818,i_13084,i_08862,i_24980,i_14604,i_03389,i_14808,i_06071,i_14120,i_08191,i_09345
u_06819,i_04692,i_04527,i_02786,i_05472,i_04478,i_23257,i_01764,i_02111,i_05267,i_05493
u_06820,i_10316,i_03485,i_09934,i_11373,i_08491,i_28983,i_09815,i_17831,i_09052,i_04732
u_06821,i_01523,i_03302,i_14604,i_10316,i_01111,i_01937,i_08132,i_14115,i_03773,i_24980
u_06822,i_02683,i_08091,i_06951,i_02316,i_14604,i_17108,i_03590,i_31950,i_09948,i_10316
u_06823,i_02786,i_10316,i_17108,i_02317,i_01468,i_01937,i_05267,i_05797,i_02415,i_04181
u_06824,i_24980,i_11373,i_06228,i_05354,i_17626,i_04191,i_03302,i_01480,i_00922,i_10781
u_06825,i_13690,i_04692,i_02417,i_01111,i_03590,i_04478,i_02111,i_04181,i_00062,i_01135
u_06826,i_15181,i_01523,i_02380,i_02297,i_22342,i_02317,i_17924,i_01937,i_14604,i_02596
u_06827,i_17626,i_27051,i_02786,i_11373,i_04171,i_00122,i_14604,i_00492,i_04480,i_10316
u_06828,i_14875,i_03507,i_10316,i_11409,i_00389,i_12901,i_10910,i_00395,i_14604,i_01111
u_06829,i_01645,i_13670,i_09591,i_07524,i_05407,i_01522,i_07370,i_02079,i_19839,i_14115
u_06830,i_01523,i_01923,i_01111,i_02136,i_02866,i_01937,i_02596,i_04277,i_02317,i_10930
u_06831,i_01199,i_00075,i_02388,i_28278,i_06228,i_02427,i_28238,i_05899,i_01827,i_08862
u_06832,i_10226,i_04730,i_12655,i_25614,i_14425,i_15346,i_19194,i_11373,i_01485,i_04580
u_06833,i_03866,i_03404,i_00145,i_13423,i_03397,i_03869,i_17108,i_05394,i_01937,i_09345
u_06834,i_07089,i_11055,i_18333,i_11373,i_06228,i_12282,i_02080,i_02313,i_02786,i_04191
u_06835,i_01480,i_24980,i_14604,i_31921,i_00389,i_00122,i_17108,i_01468,i_12430,i_01485
u_06836,i_10316,i_07370,i_03773,i_01523,i_02136,i_02244,i_14115,i_24019,i_13124,i_11373
u_06837,i_02786,i_01937,i_00062,i_07520,i_08052,i_01808,i_14604,i_02079,i_00037,i_17108
u_06838,i_08560,i_13122,i_10996,i_01523,i_04027,i_06450,i_13761,i_17108,i_01111,i_02228
u_06839,i_01111,i_00122,i_28278,i_02786,i_02382,i_03616,i_28238,i_26940,i_01468,i_01937
u_06840,i_00395,i_01111,i_09591,i_13690,i_01479,i_09345,i_03507,i_03590,i_03773,i_03404
u_06841,i_00163,i_00155,i_00153,i_17108,i_04104,i_10316,i_03773,i_00440,i_18031,i_01523
u_06842,i_00037,i_10316,i_02902,i_00057,i_03302,i_17660,i_10930,i_03397,i_01135,i_01523
u_06843,i_05267,i_00122,i_03773,i_01111,i_02786,i_10316,i_01523,i_01468,i_14604,i_05416
u_06844,i_11373,i_10316,i_01480,i_17626,i_01523,i_24980,i_00122,i_11055,i_09345,i_01998
u_06845,i_03819,i_05267,i_01480,i_11910,i_24980,i_08754,i_01523,i_01937,i_02334,i_17626
u_06846,i_00122,i_01135,i_14604,i_01206,i_11373,i_02593,i_21094,i_17108,i_02313,i_24980
u_06847,i_02786,i_08052,i_10316,i_01937,i_14115,i_02380,i_00062,i_05797,i_11047,i_02541
u_06848,i_01468,i_14604,i_01937,i_02786,i_17626,i_21094,i_01430,i_01998,i_05267,i_10316
u_06849,i_02235,i_01479,i_02317,i_05103,i_14173,i_14604,i_00037,i_01523,i_05439,i_02276
u_06850,i_14604,i_11910,i_10518,i_01937,i_02786,i_10316,i_02631,i_11373,i_24980,i_01468
u_06851,i_04102,i_17923,i_17924,i_24980,i_00204,i_31903,i_09275,i_11910,i_04549,i_02786
u_06852,i_01111,i_01523,i_10316,i_10057,i_02634,i_14604,i_03319,i_17626,i_24980,i_02317
u_06853,i_01523,i_01937,i_02786,i_01468,i_14115,i_17626,i_08132,i_10316,i_00062,i_01486
u_06854,i_04089,i_15730,i_13845,i_12365,i_00122,i_24980,i_14452,i_09345,i_03397,i_09711
u_06855,i_01480,i_00154,i_14604,i_28593,i_03773,i_18031,i_31921,i_24302,i_00163,i_02280
u_06856,i_14604,i_01937,i_05267,i_14808,i_00377,i_05394,i_03866,i_02786,i_10978,i_04578
u_06857,i_01480,i_00204,i_04102,i_10518,i_24980,i_14604,i_00060,i_07576,i_09275,i_00365
u_06858,i_00776,i_00462,i_06228,i_00852,i_02786,i_14604,i_10316,i_00091,i_21094,i_27675
u_06859,i_10316,i_04181,i_02786,i_14604,i_11409,i_05416,i_00492,i_10353,i_09027,i_10995
u_06860,i_17626,i_24980,i_01468,i_14604,i_14808,i_01937,i_02317,i_02209,i_10316,i_02079
u_06861,i_18333,i_14604,i_09591,i_08355,i_15005,i_11055,i_11386,i_14120,i_02317,i_03773
u_06862,i_01496,i_16877,i_00122,i_29117,i_01476,i_01545,i_13084,i_02954,i_02228,i_00057
u_06863,i_08638,i_21094,i_31741,i_10316,i_04377,i_00506,i_31952,i_04221,i_00922,i_28278
u_06864,i_03302,i_06228,i_14604,i_01486,i_02300,i_10316,i_11373,i_09136,i_02228,i_07061
u_06865,i_14604,i_24980,i_00122,i_02407,i_01468,i_01519,i_01135,i_02786,i_02382,i_02228
u_06866,i_01111,i_02786,i_10316,i_11373,i_02228,i_02209,i_10995,i_03590,i_13690,i_04181
u_06867,i_24980,i_11373,i_21094,i_02786,i_00122,i_01937,i_11910,i_05394,i_01468,i_09345
u_06868,i_05267,i_00037,i_09345,i_08132,i_02233,i_00395,i_02317,i_14173,i_24980,i_06441
u_06869,i_11373,i_14221,i_10316,i_13547,i_17626,i_02786,i_10353,i_01111,i_14604,i_08560
u_06870,i_14604,i_01937,i_00724,i_11910,i_02786,i_08713,i_01468,i_01523,i_04277,i_04578
u_06871,i_01480,i_31952,i_10120,i_14604,i_21094,i_02786,i_10316,i_01523,i_11373,i_00377
u_06872,i_08132,i_11483,i_14115,i_10316,i_05267,i_02136,i_03773,i_09052,i_08052,i_05439
u_06873,i_08713,i_01937,i_02415,i_02031,i_01468,i_16499,i_01523,i_01485,i_04277,i_02827
u_06874,i_10120,i_09052,i_14221,i_11537,i_02334,i_18333,i_23257,i_00062,i_14074,i_12407
u_06875,i_01480,i_04549,i_24980,i_14604,i_00365,i_01868,i_07576,i_05187,i_31903,i_17924
u_06876,i_11373,i_00122,i_18333,i_09124,i_07288,i_01451,i_02790,i_13423,i_03869,i_17660
u_06877,i_14604,i_01519,i_01808,i_17119,i_00540,i_10930,i_26940,i_01468,i_08052,i_02380
u_06878,i_01468,i_10316,i_01523,i_00928,i_02136,i_24980,i_02316,i_01111,i_03829,i_13651
u_06879,i_14604,i_08091,i_17626,i_01937,i_13547,i_01468,i_04221,i_03773,i_00122,i_10353
u_06880,i_05267,i_01111,i_14808,i_05394,i_09345,i_24980,i_17626,i_00122,i_02786,i_01937
u_06881,i_14604,i_10316,i_24980,i_06228,i_00122,i_07370,i_01468,i_01111,i_01937,i_08355
u_06882,i_21094,i_14604,i_02282,i_05272,i_31741,i_12430,i_00122,i_00433,i_03866,i_31921
u_06883,i_02786,i_07520,i_05267,i_14604,i_01485,i_10316,i_00122,i_00126,i_03151,i_01937
u_06884,i_00122,i_01480,i_14604,i_21094,i_24980,i_02382,i_01468,i_12901,i_00506,i_10316
u_06885,i_05212,i_02154,i_03319,i_11891,i_11771,i_01135,i_02382,i_15906,i_17626,i_01993
u_06886,i_31921,i_24980,i_14604,i_17626,i_04104,i_21094,i_01480,i_00122,i_10316,i_01135
u_06887,i_01480,i_00506,i_12430,i_02786,i_00075,i_27675,i_31741,i_04186,i_00470,i_05778
u_06888,i_10316,i_00870,i_11373,i_08518,i_18031,i_03262,i_17626,i_04418,i_01849,i_00930
u_06889,i_14604,i_21094,i_06228,i_24980,i_11373,i_13124,i_01998,i_14115,i_11576,i_09591
u_06890,i_01480,i_04102,i_10518,i_11909,i_17923,i_07576,i_17924,i_09275,i_02334,i_11910
u_06891,i_08638,i_08544,i_20316,i_10316,i_08560,i_09070,i_17626,i_14412,i_05763,i_08091
u_06892,i_04182,i_01111,i_02380,i_27051,i_04480,i_01485,i_04527,i_02274,i_04692,i_04181
u_06893,i_11373,i_14604,i_08518,i_00062,i_21094,i_03773,i_31952,i_02786,i_01523,i_00311
u_06894,i_10518,i_14604,i_24980,i_09275,i_11055,i_04102,i_02786,i_00433,i_17626,i_01111
u_06895,i_00122,i_01480,i_10316,i_01111,i_02827,i_00037,i_03372,i_05394,i_05797,i_05103
u_06896,i_22342,i_00075,i_02228,i_06228,i_08881,i_00057,i_03567,i_02954,i_01545,i_00122
u_06897,i_01523,i_02317,i_01937,i_00062,i_03773,i_17626,i_05416,i_08132,i_01808,i_05439
u_06898,i_10316,i_02786,i_17626,i_21094,i_01523,i_14604,i_01111,i_01480,i_01468,i_11373
u_06899,i_02229,i_00540,i_01468,i_00395,i_00428,i_01135,i_02334,i_13690,i_00057,i_09009
u_06900,i_01468,i_08881,i_24980,i_14604,i_10316,i_21094,i_17626,i_01111,i_00122,i_01523
u_06901,i_00763,i_02786,i_07263,i_14221,i_09948,i_08638,i_02229,i_04254,i_10120,i_02244
u_06902,i_18217,i_10316,i_08132,i_09052,i_00062,i_10930,i_05416,i_09948,i_19432,i_14808
u_06903,i_01523,i_10316,i_01111,i_14604,i_24980,i_05267,i_02596,i_17626,i_01937,i_01486
u_06904,i_10316,i_01111,i_02317,i_11373,i_01937,i_02136,i_12407,i_01523,i_24980,i_00724
u_06905,i_21094,i_14604,i_24980,i_31952,i_00122,i_01486,i_10316,i_00724,i_00440,i_01810
u_06906,i_01746,i_10316,i_24302,i_01111,i_14604,i_17626,i_21094,i_01741,i_01480,i_01937
u_06907,i_21094,i_21012,i_31921,i_01486,i_29117,i_12430,i_17670,i_16877,i_08881,i_10316
u_06908,i_14604,i_17626,i_10316,i_01480,i_03678,i_03773,i_02786,i_11373,i_00062,i_11910
u_06909,i_01430,i_02827,i_07520,i_10316,i_02786,i_18681,i_00037,i_08801,i_05267,i_00126
u_06910,i_14115,i_08193,i_00062,i_14808,i_14604,i_10316,i_05212,i_02229,i_17626,i_08132
u_06911,i_04191,i_31741,i_02319,i_01523,i_02317,i_24980,i_07370,i_02683,i_01054,i_02954
u_06912,i_01111,i_31921,i_00037,i_01937,i_02828,i_00523,i_00724,i_00489,i_05267,i_01485
u_06913,i_05394,i_00395,i_06450,i_03829,i_00057,i_17108,i_02596,i_04191,i_01486,i_10930
u_06914,i_14604,i_25535,i_17626,i_01937,i_22342,i_04191,i_02334,i_02786,i_00122,i_00023
u_06915,i_02563,i_00122,i_02631,i_03654,i_02382,i_02725,i_01111,i_08895,i_09592,i_00755
u_06916,i_01869,i_00372,i_14143,i_11769,i_14727,i_08529,i_00540,i_06736,i_03866,i_01165
u_06917,i_14604,i_01480,i_00724,i_02334,i_03151,i_01523,i_01468,i_11373,i_03773,i_00122
u_06918,i_01523,i_31921,i_01111,i_24980,i_01937,i_11047,i_10316,i_01468,i_14604,i_11910
u_06919,i_00062,i_02676,i_02786,i_02731,i_14115,i_25690,i_01486,i_03368,i_31921,i_02031
u_06920,i_10316,i_03773,i_01468,i_01998,i_11373,i_01111,i_10120,i_08132,i_01937,i_04478
u_06921,i_01523,i_03678,i_17626,i_15181,i_02380,i_02136,i_14604,i_01486,i_02786,i_01937
u_06922,i_01480,i_00468,i_13651,i_00948,i_17924,i_00724,i_14604,i_02334,i_01523,i_31952
u_06923,i_10518,i_05272,i_11910,i_14115,i_21094,i_03773,i_11373,i_01111,i_11909,i_13998
u_06924,i_02316,i_19432,i_01523,i_09070,i_05267,i_00122,i_31921,i_02541,i_01746,i_02235
u_06925,i_01480,i_14604,i_10316,i_00389,i_21094,i_17626,i_01746,i_00122,i_31950,i_11910
u_06926,i_10316,i_14604,i_00365,i_17924,i_24980,i_28982,i_21094,i_13651,i_02283,i_25690
u_06927,i_02786,i_05416,i_01523,i_01468,i_07171,i_17626,i_02415,i_14604,i_24980,i_09052
u_06928,i_10120,i_07370,i_18217,i_04478,i_06228,i_05956,i_09592,i_09948,i_13998,i_22939
u_06929,i_14604,i_01111,i_21094,i_10316,i_02786,i_24980,i_11373,i_02755,i_02382,i_00389
u_06930,i_00122,i_01111,i_02631,i_01485,i_02313,i_11373,i_01523,i_01468,i_02382,i_00389
u_06931,i_00122,i_24980,i_01111,i_17626,i_11373,i_14604,i_10316,i_02407,i_02882,i_00062
u_06932,i_31921,i_10316,i_24980,i_01523,i_05354,i_11047,i_01468,i_01111,i_03590,i_06017
u_06933,i_24980,i_10316,i_10518,i_17626,i_01468,i_14604,i_01937,i_24302,i_02786,i_01523
u_06934,i_00037,i_01937,i_14604,i_02786,i_01523,i_03678,i_08052,i_02136,i_09345,i_00724
u_06935,i_01937,i_14115,i_03773,i_23257,i_05439,i_14604,i_01849,i_00122,i_02136,i_10120
u_06936,i_01937,i_05267,i_18681,i_00928,i_10316,i_04578,i_11373,i_00468,i_01430,i_01523
u_06937,i_10316,i_02317,i_11386,i_01202,i_09436,i_01523,i_02720,i_08754,i_01849,i_10100
u_06938,i_10316,i_01523,i_01468,i_17626,i_02317,i_07263,i_02136,i_02786,i_02380,i_02596
u_06939,i_10316,i_14604,i_07263,i_03773,i_00470,i_01937,i_02213,i_02136,i_01468,i_02244
u_06940,i_14604,i_02786,i_01937,i_05493,i_02079,i_10120,i_01523,i_03773,i_02136,i_14115
u_06941,i_12430,i_09345,i_01539,i_14120,i_08191,i_07260,i_00755,i_02111,i_13084,i_03397
u_06942,i_01523,i_05394,i_01111,i_02136,i_01810,i_03616,i_00037,i_05797,i_03397,i_08052
u_06943,i_13841,i_06951,i_00506,i_06228,i_01827,i_00776,i_03085,i_24980,i_12059,i_02080
u_06944,i_03869,i_12018,i_02631,i_03866,i_02321,i_01476,i_11373,i_01451,i_02313,i_10972
u_06945,i_24980,i_05573,i_11373,i_14173,i_14604,i_03866,i_01158,i_03389,i_23026,i_02236
u_06946,i_04295,i_07370,i_04480,i_02541,i_11543,i_04692,i_01468,i_10120,i_09327,i_03829
u_06947,i_00122,i_14604,i_01111,i_10316,i_02786,i_02321,i_03866,i_01468,i_05267,i_01937
u_06948,i_02282,i_01937,i_01912,i_05267,i_01998,i_09345,i_00122,i_02827,i_01810,i_01430
u_06949,i_14604,i_05267,i_10316,i_01937,i_02334,i_03773,i_02136,i_08132,i_03678,i_01810
u_06950,i_05267,i_02827,i_01937,i_01523,i_05439,i_08801,i_00037,i_02317,i_09345,i_08396
u_06951,i_00122,i_02786,i_01111,i_14604,i_24980,i_05786,i_12430,i_31921,i_11373,i_01044
u_06952,i_06063,i_09136,i_13841,i_09137,i_00725,i_03262,i_00776,i_14438,i_14796,i_16660
u_06953,i_14604,i_01480,i_10316,i_02786,i_21094,i_00122,i_00062,i_01937,i_11910,i_05267
u_06954,i_02244,i_02136,i_14604,i_01480,i_00930,i_10316,i_02280,i_01523,i_02318,i_00091
u_06955,i_00377,i_09345,i_14604,i_10316,i_00395,i_06702,i_05797,i_17108,i_32129,i_01479
u_06956,i_14604,i_12430,i_10518,i_00122,i_08895,i_25535,i_17626,i_11909,i_17924,i_09009
u_06957,i_08053,i_01111,i_11373,i_01523,i_00122,i_12785,i_02297,i_18980,i_17626,i_02273
u_06958,i_31903,i_21094,i_10316,i_09182,i_00155,i_03773,i_01998,i_11910,i_12430,i_00062
u_06959,i_14604,i_10316,i_00122,i_10120,i_01523,i_01480,i_08132,i_14115,i_11910,i_06228
u_06960,i_10316,i_11373,i_00122,i_14604,i_24980,i_09052,i_15993,i_14808,i_08132,i_10120
u_06961,i_14604,i_08193,i_10316,i_24980,i_01479,i_02209,i_17626,i_10120,i_01111,i_03590
u_06962,i_02786,i_01937,i_01523,i_14604,i_17626,i_02415,i_24980,i_03829,i_08713,i_01111
u_06963,i_10316,i_24302,i_14604,i_17626,i_24980,i_02786,i_03302,i_10518,i_00311,i_02105
u_06964,i_02786,i_01937,i_02317,i_03773,i_10316,i_08713,i_14808,i_05267,i_31921,i_14604
u_06965,i_10316,i_17626,i_11373,i_24980,i_02235,i_03773,i_02786,i_00930,i_00776,i_12141
u_06966,i_05267,i_01937,i_04578,i_01430,i_01798,i_11365,i_11910,i_05108,i_01523,i_14808
u_06967,i_04171,i_13291,i_05899,i_08193,i_13841,i_06228,i_09103,i_05901,i_04254,i_06017
u_06968,i_01111,i_14604,i_00062,i_02786,i_02407,i_01468,i_17626,i_04580,i_01937,i_00724
u_06969,i_01480,i_24980,i_14604,i_22342,i_17626,i_21094,i_17924,i_02334,i_00122,i_00023
u_06970,i_00122,i_12430,i_02382,i_02563,i_29639,i_00725,i_03397,i_01129,i_07050,i_05354
u_06971,i_01741,i_10316,i_05493,i_04221,i_00122,i_01480,i_24980,i_01523,i_09202,i_11373
u_06972,i_11910,i_17626,i_08132,i_05267,i_24980,i_10930,i_03773,i_09052,i_05394,i_01937
u_06973,i_00724,i_32040,i_03773,i_01849,i_31952,i_00162,i_00122,i_31921,i_17108,i_01486
u_06974,i_14604,i_00122,i_10316,i_24980,i_06228,i_17626,i_21094,i_14115,i_10509,i_09052
u_06975,i_01937,i_01523,i_03773,i_14115,i_02786,i_14808,i_10316,i_08713,i_05653,i_02415
u_06976,i_14604,i_18681,i_01480,i_08754,i_01808,i_05694,i_04578,i_02786,i_05267,i_07171
u_06977,i_29600,i_01952,i_29639,i_00402,i_02022,i_01987,i_31992,i_02076,i_01480,i_00724
u_06978,i_01480,i_32040,i_05267,i_01937,i_11373,i_10316,i_06228,i_11910,i_01468,i_02786
u_06979,i_10930,i_07567,i_09345,i_09948,i_06441,i_01810,i_02229,i_05394,i_08191,i_05439
u_06980,i_01480,i_03773,i_01486,i_24980,i_00433,i_01937,i_11910,i_05267,i_00062,i_00011
u_06981,i_01937,i_01468,i_17108,i_02334,i_14604,i_08713,i_17924,i_05267,i_02786,i_01523
u_06982,i_01937,i_05267,i_24980,i_01111,i_17626,i_11910,i_01480,i_14808,i_10316,i_05394
u_06983,i_07255,i_01523,i_26185,i_05472,i_05439,i_02827,i_01111,i_01485,i_11373,i_17660
u_06984,i_01101,i_01923,i_02827,i_01129,i_17626,i_02136,i_02317,i_11329,i_02381,i_14604
u_06985,i_00506,i_01480,i_21094,i_14604,i_03773,i_02786,i_17626,i_00922,i_01468,i_11910
u_06986,i_14604,i_01468,i_02786,i_10316,i_02031,i_02111,i_00468,i_17626,i_00122,i_02415
u_06987,i_00122,i_00145,i_01111,i_13690,i_13290,i_11543,i_09383,i_01485,i_01135,i_11910
u_06988,i_13084,i_11373,i_21094,i_13841,i_06228,i_06951,i_10316,i_00473,i_02136,i_14604
u_06989,i_10316,i_01523,i_01111,i_27051,i_14604,i_11373,i_01937,i_01485,i_10120,i_02786
u_06990,i_03865,i_24980,i_28982,i_09275,i_17923,i_04102,i_04549,i_00204,i_07576,i_31903
u_06991,i_10316,i_14604,i_25690,i_17389,i_03773,i_07370,i_05493,i_01810,i_14221,i_00948
u_06992,i_01937,i_05267,i_00062,i_01480,i_14808,i_04578,i_11910,i_18681,i_01468,i_01523
u_06993,i_00062,i_00468,i_01937,i_24980,i_05797,i_00037,i_03678,i_02786,i_10316,i_14604
u_06994,i_03678,i_10316,i_02136,i_06228,i_01486,i_09345,i_10781,i_14984,i_13998,i_15902
u_06995,i_14604,i_10316,i_24980,i_11771,i_01468,i_17626,i_02786,i_32005,i_11669,i_07520
u_06996,i_05416,i_14221,i_14651,i_02317,i_02209,i_12407,i_09948,i_02274,i_10120,i_02136
u_06997,i_02334,i_14604,i_01480,i_01523,i_02786,i_08713,i_17924,i_01537,i_17389,i_01937
u_06998,i_11966,i_20086,i_10316,i_02136,i_05267,i_15077,i_09124,i_11047,i_07370,i_01849
u_06999,i_01480,i_24980,i_10518,i_04102,i_28982,i_14604,i_31903,i_11910,i_07576,i_17923
u_07000,i_01937,i_14604,i_01732,i_17389,i_07520,i_10316,i_02786,i_02233,i_02415,i_06525
u_07001,i_09442,i_15129,i_01993,i_02634,i_05431,i_03507,i_08815,i_27051,i_01989,i_02235
u_07002,i_02786,i_01111,i_11373,i_05267,i_14604,i_03865,i_02229,i_02827,i_09345,i_05762
u_07003,i_31903,i_01937,i_01480,i_11055,i_17626,i_02786,i_13705,i_01111,i_08754,i_11910
u_07004,i_05103,i_10316,i_14604,i_02213,i_02280,i_04504,i_24980,i_03468,i_21094,i_09934
u_07005,i_00122,i_21094,i_17626,i_02334,i_12901,i_00586,i_02235,i_00428,i_00389,i_01135
u_07006,i_14604,i_01480,i_00122,i_11373,i_01468,i_14808,i_03773,i_21094,i_10120,i_03302
u_07007,i_14604,i_01111,i_05267,i_11373,i_01523,i_00755,i_13084,i_02711,i_00126,i_05394
u_07008,i_01111,i_01523,i_08132,i_01468,i_24980,i_01486,i_10316,i_00433,i_00062,i_14115
u_07009,i_10518,i_17924,i_28982,i_15669,i_11910,i_24980,i_21094,i_25535,i_09009,i_00122
u_07010,i_31952,i_00776,i_06951,i_14604,i_31946,i_03304,i_00122,i_11373,i_08053,i_02786
u_07011,i_10316,i_05267,i_17626,i_01523,i_03829,i_01111,i_01430,i_14604,i_01468,i_00062
u_07012,i_00152,i_01468,i_00200,i_05188,i_02031,i_27051,i_13127,i_01224,i_07520,i_00320
u_07013,i_14604,i_24980,i_31902,i_17626,i_02334,i_05677,i_01480,i_21094,i_01468,i_00122
u_07014,i_10316,i_17626,i_02786,i_06228,i_01468,i_14604,i_08132,i_11373,i_01111,i_10120
u_07015,i_24980,i_01480,i_10316,i_02786,i_29639,i_21094,i_22342,i_01135,i_31952,i_00163
u_07016,i_11373,i_01523,i_10120,i_03773,i_13998,i_08132,i_17626,i_14115,i_01111,i_05439
u_07017,i_00062,i_10316,i_01480,i_24980,i_02317,i_02136,i_05439,i_01468,i_14115,i_08132
u_07018,i_03773,i_14604,i_02435,i_02786,i_00062,i_04504,i_00153,i_02136,i_02317,i_02213
u_07019,i_11373,i_11386,i_00122,i_04191,i_09436,i_03397,i_18209,i_06397,i_01135,i_10316
u_07020,i_23166,i_16433,i_10316,i_10781,i_02079,i_00724,i_15906,i_03304,i_14173,i_05394
u_07021,i_02720,i_10316,i_14604,i_01111,i_11373,i_02136,i_24980,i_01523,i_17660,i_05354
u_07022,i_24980,i_10518,i_28982,i_21094,i_17626,i_00011,i_01937,i_01523,i_10316,i_02334
u_07023,i_17660,i_04221,i_17626,i_00126,i_08638,i_01111,i_08862,i_01523,i_05394,i_02827
u_07024,i_01523,i_02786,i_02209,i_17626,i_00073,i_10316,i_10713,i_01111,i_05103,i_02136
u_07025,i_14604,i_01111,i_03866,i_01849,i_31921,i_06071,i_23257,i_13705,i_09345,i_06228
u_07026,i_10316,i_01111,i_10120,i_03319,i_14604,i_11373,i_14221,i_01523,i_02317,i_08132
u_07027,i_03866,i_10316,i_05416,i_02279,i_17831,i_13354,i_00433,i_14984,i_00389,i_09934
u_07028,i_01937,i_00122,i_00062,i_17660,i_11483,i_01523,i_32048,i_01468,i_14120,i_00523
u_07029,i_21094,i_09591,i_08560,i_17626,i_06228,i_14604,i_10316,i_11373,i_04221,i_17660
u_07030,i_14604,i_08132,i_01523,i_02786,i_05394,i_05267,i_02827,i_11365,i_01430,i_10316
u_07031,i_08544,i_08638,i_00791,i_24980,i_10316,i_02786,i_17626,i_01480,i_00428,i_25535
u_07032,i_01468,i_02786,i_24980,i_14604,i_01523,i_17626,i_00724,i_10316,i_01111,i_00930
u_07033,i_17626,i_07263,i_00122,i_01523,i_10120,i_01111,i_21094,i_11373,i_02786,i_24980
u_07034,i_07370,i_03213,i_10316,i_00075,i_02683,i_22342,i_01746,i_31952,i_31741,i_28278
u_07035,i_10316,i_00852,i_01468,i_01486,i_00122,i_24980,i_06228,i_00922,i_02786,i_01202
u_07036,i_17108,i_00389,i_04033,i_04181,i_02415,i_00506,i_00470,i_08713,i_05797,i_00126
u_07037,i_24980,i_01468,i_14604,i_01480,i_31952,i_02786,i_00075,i_00122,i_12901,i_17924
u_07038,i_00122,i_02382,i_11373,i_01111,i_02313,i_17626,i_10316,i_14604,i_00057,i_12430
u_07039,i_14604,i_01111,i_17626,i_05394,i_02786,i_10316,i_08132,i_14808,i_05349,i_00122
u_07040,i_01468,i_10316,i_02317,i_01937,i_17389,i_02209,i_17626,i_01523,i_02786,i_14604
u_07041,i_01480,i_21094,i_17626,i_14604,i_01952,i_01987,i_31992,i_17924,i_02022,i_11909
u_07042,i_14604,i_01937,i_17626,i_24980,i_18681,i_01480,i_02786,i_01523,i_05267,i_01468
u_07043,i_05103,i_17626,i_02136,i_01849,i_10316,i_24980,i_02393,i_05710,i_05797,i_02317
u_07044,i_14221,i_06450,i_09976,i_08881,i_01480,i_06241,i_01993,i_02155,i_08560,i_11910
u_07045,i_10316,i_02786,i_14115,i_11373,i_05416,i_04478,i_10120,i_12407,i_05472,i_05439
u_07046,i_14604,i_10316,i_05439,i_14808,i_03773,i_09052,i_11483,i_08355,i_08132,i_01468
u_07047,i_02786,i_01937,i_00062,i_08132,i_14115,i_02596,i_03773,i_11047,i_00037,i_02415
u_07048,i_00062,i_01523,i_02031,i_10316,i_01468,i_03590,i_01485,i_03829,i_27051,i_13690
u_07049,i_01468,i_00922,i_10316,i_21033,i_21094,i_00062,i_24980,i_02786,i_08713,i_00428
u_07050,i_02022,i_31983,i_02786,i_15181,i_01480,i_00122,i_31952,i_17626,i_14604,i_24980
u_07051,i_14604,i_02786,i_05267,i_01523,i_05439,i_17626,i_01480,i_01111,i_01937,i_10316
u_07052,i_10316,i_18217,i_01111,i_14808,i_14115,i_11910,i_04580,i_01523,i_24980,i_08132
u_07053,i_05103,i_10316,i_05472,i_02136,i_08132,i_02244,i_02079,i_00062,i_17108,i_05439
u_07054,i_03590,i_17626,i_27051,i_02209,i_14604,i_01111,i_08132,i_07370,i_00062,i_02786
u_07055,i_03773,i_09052,i_02882,i_00062,i_08132,i_00433,i_31741,i_09948,i_07520,i_05416
u_07056,i_01937,i_10316,i_02786,i_17626,i_01480,i_01998,i_08801,i_24980,i_01111,i_00473
u_07057,i_05267,i_14604,i_32040,i_02786,i_01937,i_03151,i_01111,i_10316,i_01523,i_00724
u_07058,i_01523,i_10316,i_01937,i_01111,i_17626,i_00062,i_14604,i_01468,i_21094,i_26936
u_07059,i_01480,i_09136,i_03678,i_02435,i_09137,i_02380,i_14604,i_09934,i_04504,i_02334
u_07060,i_24980,i_11548,i_04418,i_10316,i_10509,i_31741,i_02100,i_01480,i_10120,i_03773
u_07061,i_01111,i_05767,i_14604,i_24980,i_01480,i_00122,i_01468,i_01523,i_10316,i_02786
u_07062,i_01480,i_10316,i_24980,i_17119,i_17108,i_01439,i_01849,i_28547,i_02786,i_08895
u_07063,i_10316,i_02317,i_02100,i_07370,i_02136,i_02209,i_05573,i_01849,i_05103,i_02244
u_07064,i_29639,i_01129,i_21094,i_11373,i_10316,i_00457,i_00724,i_00057,i_00485,i_14604
u_07065,i_06228,i_18217,i_11373,i_24980,i_10120,i_19432,i_07370,i_14115,i_01111,i_01480
u_07066,i_03678,i_07263,i_14604,i_02079,i_08132,i_10120,i_05439,i_14221,i_09345,i_00062
u_07067,i_02786,i_01523,i_14604,i_00122,i_06228,i_11373,i_03262,i_02415,i_01937,i_10120
u_07068,i_01937,i_04578,i_05267,i_02786,i_00062,i_03829,i_14808,i_01523,i_01468,i_11537
u_07069,i_10316,i_14604,i_28982,i_11373,i_17626,i_01937,i_31903,i_21094,i_02786,i_31921
u_07070,i_10316,i_04418,i_02079,i_02786,i_01468,i_22342,i_02209,i_01937,i_02136,i_24980
u_07071,i_00122,i_02313,i_11373,i_01485,i_01111,i_02541,i_00389,i_10316,i_02631,i_04692
u_07072,i_21094,i_17626,i_01849,i_24980,i_10316,i_03151,i_01111,i_11373,i_01523,i_14604
u_07073,i_01468,i_05416,i_01937,i_02415,i_05103,i_03829,i_02317,i_25690,i_01430,i_07520
u_07074,i_06241,i_14604,i_02786,i_01468,i_00062,i_14115,i_11373,i_17108,i_01937,i_00122
u_07075,i_01097,i_21094,i_00724,i_01490,i_17626,i_08518,i_00057,i_01827,i_02382,i_28278
u_07076,i_01480,i_00062,i_17923,i_28982,i_24980,i_05188,i_09275,i_08713,i_00470,i_02334
u_07077,i_02319,i_04191,i_00122,i_03567,i_08895,i_02228,i_16877,i_00075,i_00506,i_21094
u_07078,i_03567,i_08881,i_01545,i_02276,i_01827,i_07676,i_29117,i_00145,i_08895,i_04978
u_07079,i_05267,i_14604,i_02111,i_09842,i_13690,i_10316,i_00122,i_01468,i_01111,i_01523
u_07080,i_10316,i_02786,i_05267,i_02631,i_00122,i_02382,i_03404,i_13150,i_02541,i_01523
u_07081,i_10316,i_01523,i_02393,i_28547,i_01937,i_14604,i_00122,i_02786,i_06228,i_02136
u_07082,i_04480,i_02154,i_04171,i_11373,i_10316,i_17626,i_09345,i_04181,i_17108,i_04478
u_07083,i_01937,i_04191,i_05267,i_05394,i_08191,i_14604,i_18681,i_09345,i_03829,i_02786
u_07084,i_24980,i_10518,i_02334,i_11373,i_01808,i_28982,i_31903,i_17626,i_21094,i_09275
u_07085,i_03926,i_03773,i_11373,i_21094,i_14221,i_14604,i_01849,i_04478,i_09182,i_17831
u_07086,i_17626,i_21094,i_01480,i_31952,i_10316,i_01468,i_02120,i_14604,i_00122,i_00922
u_07087,i_02111,i_02091,i_08091,i_00044,i_12547,i_04603,i_02541,i_04480,i_07255,i_04221
u_07088,i_02725,i_13084,i_01202,i_01988,i_02313,i_03866,i_28547,i_29117,i_09345,i_02609
u_07089,i_02382,i_12786,i_07567,i_02725,i_02228,i_06228,i_02313,i_05034,i_05354,i_01476
u_07090,i_10316,i_05267,i_01480,i_01111,i_24980,i_18333,i_11373,i_11910,i_00062,i_14115
u_07091,i_01468,i_00776,i_01523,i_17626,i_17924,i_14604,i_13841,i_21094,i_02786,i_01798
u_07092,i_01937,i_09052,i_05439,i_24980,i_08132,i_14115,i_14221,i_01468,i_07520,i_13998
u_07093,i_27051,i_00569,i_00793,i_04480,i_04181,i_01940,i_04692,i_01485,i_03689,i_14604
u_07094,i_14604,i_01937,i_21094,i_01480,i_01798,i_00027,i_01111,i_24980,i_00377,i_17626
u_07095,i_10316,i_09052,i_13998,i_01111,i_11910,i_04580,i_03678,i_31950,i_01485,i_06228
u_07096,i_14604,i_00755,i_21094,i_00126,i_05267,i_01998,i_01937,i_01485,i_00298,i_01484
u_07097,i_03151,i_10316,i_14604,i_21094,i_24980,i_01480,i_31952,i_00724,i_01486,i_02786
u_07098,i_07061,i_02393,i_00948,i_00506,i_18031,i_21094,i_00075,i_00922,i_02786,i_00554
u_07099,i_21033,i_14604,i_02786,i_24980,i_02105,i_11373,i_22738,i_02076,i_10518,i_00506
u_07100,i_24980,i_01480,i_02786,i_11910,i_11373,i_05109,i_13084,i_09345,i_02334,i_01523
u_07101,i_01480,i_05212,i_08193,i_24980,i_17923,i_10518,i_04102,i_00122,i_00204,i_00057
u_07102,i_01111,i_00122,i_00377,i_02631,i_02725,i_14604,i_05786,i_02407,i_02321,i_13423
u_07103,i_10316,i_01468,i_01741,i_17626,i_01111,i_14604,i_01519,i_00377,i_10120,i_05267
u_07104,i_05267,i_05394,i_01937,i_02786,i_11910,i_17626,i_01998,i_14808,i_01468,i_24980
u_07105,i_01849,i_17626,i_10316,i_01480,i_01923,i_03151,i_03773,i_21094,i_17108,i_05786
u_07106,i_10316,i_05103,i_01849,i_04504,i_02079,i_00062,i_08132,i_01485,i_01523,i_02244
u_07107,i_14604,i_10316,i_31903,i_01480,i_01798,i_05267,i_01468,i_24980,i_17924,i_02786
u_07108,i_14604,i_00377,i_02786,i_05267,i_11365,i_01111,i_09345,i_08191,i_32129,i_18681
u_07109,i_04637,i_04504,i_02786,i_03829,i_14604,i_10316,i_17108,i_14984,i_08132,i_01523
u_07110,i_31921,i_14604,i_02725,i_00122,i_24980,i_17108,i_11373,i_03302,i_03866,i_09345
u_07111,i_24980,i_10316,i_02786,i_00122,i_01937,i_14604,i_14808,i_11373,i_04580,i_01998
u_07112,i_01746,i_01468,i_10316,i_05493,i_14604,i_02786,i_01937,i_01523,i_24980,i_03773
u_07113,i_01480,i_00155,i_28982,i_10518,i_17626,i_00153,i_05188,i_21094,i_31903,i_11373
u_07114,i_05267,i_17626,i_00126,i_00724,i_11910,i_14115,i_02786,i_01937,i_07263,i_01523
u_07115,i_14604,i_17626,i_01486,i_01480,i_24980,i_17924,i_00724,i_00575,i_16920,i_15181
u_07116,i_01480,i_14604,i_02786,i_31903,i_10518,i_11910,i_03773,i_01523,i_02334,i_00365
u_07117,i_31952,i_01111,i_01937,i_05394,i_09345,i_10895,i_05786,i_01523,i_01454,i_32048
u_07118,i_01111,i_02786,i_12786,i_09052,i_10120,i_17626,i_08132,i_03590,i_24980,i_10316
u_07119,i_04377,i_01810,i_14115,i_10316,i_03773,i_10120,i_00122,i_31950,i_08132,i_06228
u_07120,i_24980,i_11047,i_17626,i_05394,i_05267,i_10995,i_02786,i_02317,i_14808,i_02827
u_07121,i_03262,i_01496,i_03866,i_03397,i_32048,i_16877,i_02541,i_07567,i_01111,i_01523
u_07122,i_01495,i_01199,i_05899,i_27051,i_01477,i_13291,i_10353,i_03592,i_02541,i_06754
u_07123,i_11386,i_11107,i_03678,i_06228,i_05472,i_13775,i_01111,i_02720,i_02080,i_05797
u_07124,i_01111,i_17626,i_11373,i_01468,i_10316,i_10120,i_14604,i_14808,i_14221,i_08132
u_07125,i_17626,i_14808,i_01111,i_01998,i_32129,i_31952,i_03829,i_24980,i_01798,i_25535
u_07126,i_01480,i_01764,i_24980,i_02317,i_11373,i_11910,i_00433,i_00062,i_07520,i_05267
u_07127,i_09009,i_00122,i_32108,i_08881,i_01135,i_00061,i_02334,i_10316,i_01485,i_32018
u_07128,i_01937,i_10120,i_00062,i_10316,i_07520,i_02415,i_01523,i_11483,i_02235,i_14604
u_07129,i_19432,i_10353,i_09070,i_10316,i_17626,i_04603,i_04221,i_04191,i_05493,i_20180
u_07130,i_02317,i_02380,i_02209,i_10316,i_13670,i_04254,i_07370,i_05103,i_06533,i_14183
u_07131,i_09429,i_10941,i_06132,i_11786,i_13084,i_04221,i_17108,i_11373,i_09345,i_11940
u_07132,i_07263,i_08560,i_01523,i_13670,i_02155,i_14604,i_04254,i_15489,i_15669,i_02786
u_07133,i_10316,i_01937,i_01523,i_08132,i_01468,i_17626,i_01111,i_05180,i_24980,i_05416
u_07134,i_11373,i_00395,i_09124,i_09595,i_04478,i_04544,i_01545,i_12785,i_11537,i_02782
u_07135,i_14604,i_10316,i_14844,i_11373,i_16295,i_02786,i_23257,i_09948,i_04181,i_06866
u_07136,i_00470,i_08518,i_27675,i_02683,i_00075,i_00163,i_31741,i_18031,i_00091,i_02105
u_07137,i_14604,i_03866,i_05267,i_14115,i_24980,i_00122,i_01468,i_00062,i_10316,i_11561
u_07138,i_02731,i_00793,i_21094,i_09327,i_01937,i_14604,i_08713,i_17626,i_27051,i_16877
u_07139,i_01486,i_02786,i_01523,i_10316,i_01849,i_02393,i_31921,i_02136,i_01468,i_03773
u_07140,i_00122,i_02382,i_11373,i_01485,i_00716,i_14604,i_12430,i_00305,i_10316,i_10120
u_07141,i_00122,i_17626,i_10316,i_02631,i_01217,i_07050,i_02127,i_24980,i_00395,i_01523
u_07142,i_10316,i_02786,i_01523,i_06228,i_03773,i_21094,i_08132,i_24980,i_02297,i_09052
u_07143,i_01480,i_10316,i_24980,i_01764,i_00586,i_01486,i_17626,i_14604,i_00930,i_01746
u_07144,i_02136,i_02720,i_13670,i_06882,i_02317,i_12785,i_03678,i_13290,i_03773,i_10781
u_07145,i_02155,i_06450,i_02229,i_24980,i_02256,i_08355,i_00791,i_07260,i_07518,i_21094
u_07146,i_01111,i_00377,i_01135,i_17626,i_14604,i_05394,i_05267,i_00395,i_24980,i_32129
u_07147,i_02786,i_05267,i_00724,i_02334,i_11373,i_01523,i_10316,i_01486,i_11910,i_03151
u_07148,i_03665,i_09345,i_13084,i_11923,i_11373,i_02725,i_01827,i_00755,i_04033,i_00724
u_07149,i_04221,i_17108,i_29164,i_06228,i_07174,i_07567,i_08638,i_06441,i_00057,i_00428
u_07150,i_05267,i_01468,i_02334,i_01430,i_04578,i_14604,i_01523,i_10316,i_07171,i_17626
u_07151,i_10316,i_01480,i_08193,i_28982,i_11373,i_02786,i_01937,i_14604,i_01741,i_00433
u_07152,i_09591,i_10353,i_10316,i_01849,i_04603,i_04585,i_01993,i_07263,i_01479,i_02954
u_07153,i_02786,i_01523,i_07263,i_17626,i_05394,i_14604,i_11373,i_01937,i_10316,i_05267
u_07154,i_01111,i_24980,i_17626,i_00122,i_10316,i_11373,i_02631,i_08355,i_14604,i_21094
u_07155,i_01741,i_01111,i_02786,i_24980,i_01849,i_01523,i_14604,i_17626,i_01485,i_17108
u_07156,i_28547,i_01480,i_01545,i_10316,i_01937,i_02090,i_04585,i_00586,i_08193,i_01746
u_07157,i_24980,i_01480,i_01523,i_02786,i_09124,i_01937,i_01998,i_10316,i_11910,i_21094
u_07158,i_31903,i_01923,i_02593,i_21094,i_14173,i_24302,i_01108,i_06475,i_00155,i_01480
u_07159,i_07524,i_04603,i_10353,i_09070,i_01522,i_07587,i_01645,i_03568,i_17626,i_01403
u_07160,i_00155,i_07524,i_00162,i_08518,i_00506,i_18031,i_17626,i_00091,i_00122,i_02593
u_07161,i_21094,i_32040,i_17626,i_24980,i_05267,i_01129,i_00389,i_00126,i_31921,i_10316
u_07162,i_01523,i_05267,i_01111,i_09345,i_00037,i_17108,i_32048,i_00062,i_01479,i_01807
u_07163,i_24980,i_10518,i_17626,i_00122,i_02786,i_01468,i_14604,i_01486,i_00011,i_00791
u_07164,i_10316,i_02786,i_01523,i_14604,i_09052,i_02415,i_14115,i_01937,i_01111,i_03773
u_07165,i_02786,i_01523,i_02827,i_02317,i_05797,i_01111,i_14115,i_01468,i_10316,i_08132
u_07166,i_13841,i_06951,i_06228,i_00776,i_06952,i_11373,i_24980,i_05354,i_00122,i_00554
u_07167,i_24980,i_14604,i_01937,i_08132,i_31921,i_01111,i_10316,i_03773,i_02334,i_00011
u_07168,i_00062,i_10316,i_14115,i_08132,i_06228,i_09052,i_01111,i_05416,i_14604,i_03773
u_07169,i_09345,i_02382,i_10316,i_24980,i_02313,i_02828,i_21094,i_00716,i_29117,i_08560
u_07170,i_00948,i_00468,i_02786,i_13651,i_10316,i_01523,i_02317,i_00037,i_04377,i_00433
u_07171,i_24980,i_17626,i_01480,i_10316,i_21094,i_00540,i_01486,i_24302,i_31921,i_00057
u_07172,i_05103,i_10316,i_31921,i_24980,i_21094,i_02786,i_17626,i_02317,i_05267,i_02380
u_07173,i_14604,i_01523,i_01937,i_14115,i_11569,i_05267,i_01798,i_05394,i_04580,i_05167
u_07174,i_01937,i_14604,i_10316,i_01849,i_01807,i_21094,i_02136,i_11047,i_01523,i_09124
u_07175,i_10316,i_01111,i_06228,i_11373,i_03302,i_02563,i_24980,i_00122,i_02725,i_10781
u_07176,i_08881,i_02282,i_01937,i_01468,i_01519,i_01827,i_25690,i_18139,i_06800,i_06241
u_07177,i_06228,i_09436,i_24980,i_05418,i_05354,i_03781,i_15005,i_12282,i_14115,i_14173
u_07178,i_17626,i_05786,i_02786,i_05267,i_24980,i_10316,i_14604,i_02407,i_11910,i_11373
u_07179,i_07263,i_04254,i_01479,i_26940,i_24980,i_10120,i_03829,i_02382,i_01468,i_06450
u_07180,i_01480,i_11373,i_11910,i_06228,i_10316,i_21094,i_03773,i_06533,i_01451,i_13084
u_07181,i_14604,i_05267,i_00062,i_01937,i_03773,i_01430,i_11047,i_01480,i_08132,i_09052
u_07182,i_17626,i_10316,i_14604,i_21094,i_24980,i_02786,i_17389,i_01523,i_01746,i_01468
u_07183,i_01937,i_09052,i_05439,i_14808,i_08132,i_01523,i_05394,i_02786,i_14115,i_11910
u_07184,i_13353,i_07567,i_08053,i_13084,i_13883,i_14601,i_02764,i_07008,i_04354,i_17721
u_07185,i_14604,i_10316,i_11373,i_21094,i_06228,i_02276,i_03302,i_01827,i_00122,i_31952
u_07186,i_11373,i_11910,i_00540,i_01998,i_04580,i_15802,i_05786,i_13998,i_09345,i_00377
u_07187,i_19405,i_05267,i_11373,i_15005,i_14604,i_00122,i_07008,i_02111,i_08191,i_09345
u_07188,i_11910,i_17626,i_05267,i_10316,i_24980,i_00122,i_02334,i_14604,i_01808,i_01523
u_07189,i_05267,i_31921,i_01937,i_17626,i_02786,i_01523,i_24980,i_01849,i_21094,i_10316
u_07190,i_14604,i_03773,i_11373,i_01523,i_02786,i_01937,i_14115,i_10316,i_05439,i_01468
u_07191,i_05267,i_24980,i_02786,i_17626,i_01480,i_25535,i_01468,i_01937,i_21094,i_10316
u_07192,i_11373,i_06766,i_05296,i_21094,i_14604,i_24980,i_08596,i_10316,i_18139,i_05354
u_07193,i_01468,i_01937,i_17626,i_02786,i_24980,i_01523,i_00122,i_01111,i_01430,i_10316
u_07194,i_14604,i_11373,i_10316,i_01111,i_09591,i_01937,i_11047,i_10930,i_24980,i_11537
u_07195,i_17626,i_21094,i_14604,i_12629,i_01741,i_02786,i_01111,i_31946,i_01468,i_11373
u_07196,i_01937,i_10316,i_24980,i_13998,i_11910,i_14221,i_21094,i_02786,i_09052,i_01998
u_07197,i_02228,i_05668,i_24980,i_08881,i_10781,i_02090,i_12282,i_00716,i_10995,i_04623
u_07198,i_10316,i_14604,i_08132,i_03773,i_05103,i_24980,i_09345,i_23257,i_05394,i_31921
u_07199,i_17626,i_31952,i_01480,i_14604,i_00011,i_01044,i_00468,i_02334,i_01810,i_01468
u_07200,i_14604,i_24980,i_10316,i_32129,i_05267,i_00126,i_11373,i_01111,i_08258,i_01937
u_07201,i_24980,i_17626,i_14604,i_21094,i_01468,i_02786,i_01480,i_11373,i_00122,i_00037
u_07202,i_01111,i_02235,i_06441,i_02256,i_01099,i_32129,i_14604,i_01123,i_05493,i_01746
u_07203,i_10518,i_11373,i_18031,i_00162,i_14115,i_01129,i_28982,i_03773,i_05677,i_01439
u_07204,i_03302,i_11047,i_05786,i_02127,i_02300,i_05797,i_00755,i_32048,i_02541,i_04984
u_07205,i_05267,i_21849,i_08746,i_14115,i_01998,i_14808,i_02229,i_01937,i_10930,i_05976
u_07206,i_05267,i_02786,i_14604,i_10316,i_11487,i_01523,i_01485,i_17108,i_02415,i_11365
u_07207,i_01485,i_01849,i_00724,i_01923,i_03829,i_04221,i_05797,i_00062,i_02415,i_06450
u_07208,i_14604,i_01998,i_08132,i_10316,i_01523,i_07520,i_09383,i_14115,i_24980,i_05976
u_07209,i_06228,i_02786,i_08193,i_11373,i_03085,i_02851,i_05212,i_02954,i_10316,i_04221
u_07210,i_14604,i_01480,i_10316,i_01523,i_11373,i_01468,i_06228,i_24302,i_01111,i_07520
u_07211,i_05188,i_02676,i_01480,i_25535,i_25690,i_28982,i_00011,i_00468,i_14604,i_05187
u_07212,i_11373,i_14115,i_13084,i_09173,i_00724,i_00062,i_02313,i_31741,i_12430,i_13621
u_07213,i_00122,i_01111,i_02786,i_02111,i_01523,i_02634,i_10316,i_02382,i_11373,i_03319
u_07214,i_18333,i_07524,i_01523,i_21094,i_05267,i_11373,i_08754,i_14604,i_01798,i_01645
u_07215,i_00793,i_14221,i_02279,i_13122,i_15993,i_04585,i_03319,i_02359,i_01993,i_03803
u_07216,i_05267,i_01523,i_24980,i_10316,i_11373,i_00122,i_03829,i_02786,i_14604,i_05394
u_07217,i_02736,i_04221,i_23026,i_08560,i_05763,i_07567,i_08132,i_23176,i_08638,i_12785
u_07218,i_14604,i_04191,i_21094,i_22342,i_11373,i_29117,i_01480,i_00142,i_11075,i_02297
u_07219,i_00075,i_01451,i_02786,i_00157,i_31741,i_28278,i_02593,i_18031,i_28547,i_12785
u_07220,i_24980,i_14604,i_29639,i_01496,i_01827,i_21094,i_02120,i_00724,i_06883,i_31952
u_07221,i_03829,i_02209,i_02079,i_01798,i_02596,i_05439,i_02786,i_32129,i_02827,i_02380
u_07222,i_24980,i_07089,i_14604,i_11055,i_11373,i_00922,i_00122,i_01480,i_21094,i_02111
u_07223,i_10518,i_24980,i_17923,i_04102,i_14604,i_00204,i_02334,i_09275,i_00011,i_02786
u_07224,i_01111,i_14604,i_02786,i_10316,i_24980,i_03389,i_03678,i_11373,i_05267,i_02480
u_07225,i_01111,i_01468,i_02079,i_07520,i_01523,i_14604,i_02111,i_32112,i_02380,i_01485
u_07226,i_01111,i_14604,i_05267,i_02786,i_17626,i_09182,i_24980,i_10316,i_12061,i_04580
u_07227,i_14808,i_04580,i_24980,i_02786,i_05439,i_10316,i_07171,i_00062,i_05394,i_11373
u_07228,i_01111,i_14604,i_05394,i_02786,i_04580,i_14808,i_01998,i_01523,i_00122,i_01937
u_07229,i_17622,i_09711,i_15730,i_04300,i_13845,i_11904,i_12365,i_16279,i_13844,i_18200
u_07230,i_03678,i_02786,i_01937,i_11047,i_00062,i_10316,i_01111,i_01486,i_05786,i_08801
u_07231,i_01468,i_21094,i_10316,i_01111,i_05394,i_02334,i_00062,i_08132,i_31950,i_00395
u_07232,i_10316,i_01480,i_14604,i_02786,i_17626,i_02280,i_01523,i_01468,i_24302,i_07520
u_07233,i_05267,i_00377,i_05394,i_04580,i_14604,i_10316,i_00791,i_02786,i_01798,i_01998
u_07234,i_03302,i_10995,i_02228,i_02276,i_02831,i_03397,i_01135,i_07050,i_13761,i_02954
u_07235,i_10316,i_18217,i_08132,i_13998,i_03678,i_03829,i_07370,i_01468,i_09070,i_14115
u_07236,i_31946,i_21094,i_17924,i_14604,i_10518,i_31952,i_28982,i_05188,i_02786,i_13651
u_07237,i_02631,i_03590,i_02634,i_02407,i_01135,i_01451,i_00122,i_00716,i_09141,i_02382
u_07238,i_02334,i_24980,i_13651,i_01937,i_00011,i_05267,i_17626,i_01468,i_02786,i_04578
u_07239,i_02755,i_27051,i_02634,i_00389,i_01135,i_02154,i_04480,i_01993,i_00395,i_00428
u_07240,i_24980,i_09070,i_20180,i_13291,i_03397,i_08895,i_19432,i_09948,i_15902,i_09345
u_07241,i_17626,i_21094,i_24980,i_32040,i_05296,i_04480,i_01904,i_10316,i_11373,i_31921
u_07242,i_01937,i_18681,i_02786,i_14604,i_01808,i_01430,i_10316,i_01111,i_08132,i_01523
u_07243,i_01480,i_00122,i_28982,i_01108,i_28880,i_00716,i_05786,i_31952,i_22342,i_15744
u_07244,i_00724,i_02786,i_02827,i_02317,i_02136,i_02380,i_05797,i_08052,i_01849,i_00062
u_07245,i_10181,i_08862,i_17626,i_10316,i_00037,i_01937,i_02317,i_01523,i_02297,i_00724
u_07246,i_14604,i_01937,i_03616,i_01807,i_02541,i_01468,i_02631,i_03590,i_04692,i_02111
u_07247,i_01523,i_01764,i_02786,i_03773,i_01486,i_12141,i_17626,i_02136,i_02079,i_08132
u_07248,i_01485,i_01746,i_00523,i_12212,i_01135,i_04527,i_06075,i_05493,i_01121,i_01810
u_07249,i_24980,i_10316,i_00122,i_04182,i_17626,i_21094,i_00395,i_08895,i_31921,i_32108
u_07250,i_02380,i_06412,i_02317,i_01523,i_02786,i_14115,i_17108,i_10316,i_02136,i_02079
u_07251,i_01937,i_08713,i_15615,i_05188,i_14604,i_00249,i_31903,i_25535,i_28982,i_02786
u_07252,i_11373,i_01111,i_14604,i_06228,i_01937,i_00122,i_02111,i_10316,i_24980,i_08132
u_07253,i_09327,i_18095,i_02415,i_08754,i_20441,i_09124,i_03650,i_05677,i_01739,i_03590
u_07254,i_14604,i_24980,i_01485,i_01523,i_02786,i_04277,i_21094,i_10316,i_01923,i_09182
u_07255,i_10316,i_02136,i_18031,i_01097,i_02297,i_02954,i_04191,i_01206,i_02228,i_01545
u_07256,i_02786,i_01523,i_13841,i_05393,i_02229,i_24980,i_17626,i_01468,i_02209,i_10930
u_07257,i_01480,i_14604,i_01868,i_04549,i_21094,i_01468,i_11909,i_10518,i_06071,i_04102
u_07258,i_14604,i_01937,i_10316,i_17626,i_01523,i_08132,i_01998,i_11047,i_14808,i_05267
u_07259,i_24980,i_09275,i_00306,i_01496,i_01827,i_01480,i_11386,i_10518,i_04191,i_06228
u_07260,i_08713,i_14604,i_02786,i_10316,i_25690,i_00122,i_17626,i_01798,i_02282,i_03829
u_07261,i_01480,i_11373,i_17626,i_01468,i_10518,i_11910,i_05267,i_06228,i_13084,i_21094
u_07262,i_05267,i_01430,i_01468,i_02415,i_14604,i_08052,i_08713,i_02786,i_17119,i_07520
u_07263,i_02593,i_28508,i_28278,i_31921,i_02136,i_18031,i_17626,i_02317,i_01923,i_02786
u_07264,i_01523,i_14604,i_01937,i_00037,i_31921,i_01468,i_17626,i_06412,i_03829,i_11910
u_07265,i_01476,i_28547,i_02683,i_01496,i_00057,i_29117,i_09009,i_08518,i_04548,i_02313
u_07266,i_21094,i_00776,i_10316,i_31921,i_17626,i_13841,i_06951,i_05296,i_14604,i_02136
u_07267,i_09345,i_14120,i_08191,i_08754,i_15902,i_00037,i_01937,i_08862,i_05652,i_11373
u_07268,i_03819,i_14604,i_01798,i_18681,i_01937,i_05394,i_05349,i_04578,i_11365,i_05797
u_07269,i_13084,i_14604,i_02786,i_08191,i_10895,i_24980,i_05267,i_01523,i_08862,i_02827
u_07270,i_17626,i_11537,i_02317,i_02209,i_12072,i_31952,i_05103,i_03829,i_05797,i_11047
u_07271,i_10518,i_28982,i_04102,i_12430,i_05354,i_17924,i_02313,i_22342,i_01485,i_01827
u_07272,i_12282,i_06228,i_02297,i_12785,i_15005,i_11107,i_01545,i_13084,i_13423,i_02954
u_07273,i_01937,i_01468,i_00062,i_21094,i_09052,i_14808,i_10930,i_03773,i_08132,i_21783
u_07274,i_04504,i_10698,i_09070,i_01165,i_04603,i_04602,i_08091,i_10353,i_04315,i_00852
u_07275,i_01468,i_14604,i_00062,i_23109,i_10316,i_03829,i_01937,i_07520,i_05653,i_02111
u_07276,i_10316,i_04181,i_17108,i_02720,i_02786,i_09591,i_02380,i_09345,i_07370,i_01827
u_07277,i_06951,i_13253,i_06397,i_03866,i_01451,i_10409,i_17737,i_11373,i_14173,i_12785
u_07278,i_02786,i_24980,i_14604,i_03151,i_21094,i_01480,i_10316,i_01523,i_01111,i_01468
u_07279,i_05668,i_02228,i_02725,i_01827,i_13761,i_02671,i_03397,i_01135,i_02382,i_02634
u_07280,i_05899,i_01199,i_13291,i_01477,i_31916,i_06754,i_31914,i_00039,i_31915,i_13835
u_07281,i_01111,i_11373,i_10316,i_21094,i_01480,i_11047,i_01937,i_17626,i_07370,i_00062
u_07282,i_02120,i_24642,i_04221,i_05203,i_11373,i_05573,i_06450,i_11154,i_24980,i_15005
u_07283,i_17626,i_00428,i_26940,i_21094,i_10316,i_14604,i_02634,i_00122,i_05493,i_02313
u_07284,i_01937,i_02786,i_10316,i_09124,i_01523,i_07370,i_07062,i_03678,i_02136,i_04504
u_07285,i_01468,i_02786,i_00122,i_00468,i_01523,i_07263,i_24980,i_02317,i_01937,i_13651
u_07286,i_14808,i_08355,i_00037,i_00468,i_04114,i_00755,i_06474,i_14984,i_10972,i_05653
u_07287,i_00922,i_03151,i_01486,i_14604,i_00724,i_03773,i_29639,i_00157,i_14984,i_00440
u_07288,i_01480,i_24980,i_09275,i_04130,i_01937,i_11373,i_04578,i_31903,i_14604,i_01545
u_07289,i_17626,i_01480,i_02786,i_02276,i_01111,i_11373,i_06228,i_21094,i_01827,i_00523
u_07290,i_06951,i_13841,i_01523,i_21094,i_00470,i_01468,i_24980,i_03151,i_01545,i_02380
u_07291,i_00586,i_04418,i_02228,i_00870,i_01486,i_01468,i_02954,i_00122,i_18139,i_04191
u_07292,i_03870,i_24980,i_05034,i_17108,i_01111,i_03866,i_12430,i_09345,i_04692,i_02111
u_07293,i_01468,i_11483,i_02786,i_02031,i_02676,i_00930,i_00062,i_03262,i_01523,i_10316
u_07294,i_14604,i_01468,i_00122,i_01523,i_11373,i_10120,i_24980,i_01430,i_07370,i_08132
u_07295,i_31915,i_03771,i_02189,i_06228,i_00057,i_31921,i_01044,i_01135,i_01943,i_00122
u_07296,i_24980,i_02827,i_14604,i_10316,i_17626,i_01937,i_09345,i_05267,i_14983,i_12263
u_07297,i_02786,i_01810,i_14604,i_03568,i_00948,i_04413,i_02297,i_02954,i_13084,i_01534
u_07298,i_05439,i_01523,i_01849,i_01480,i_31921,i_10316,i_01923,i_14115,i_09052,i_17626
u_07299,i_10316,i_14604,i_03773,i_05797,i_05267,i_24980,i_01937,i_08801,i_09345,i_13950
u_07300,i_05267,i_14604,i_01430,i_24980,i_11910,i_08132,i_03773,i_11483,i_08801,i_11373
u_07301,i_01937,i_02786,i_03819,i_05267,i_11365,i_18681,i_01468,i_04578,i_05976,i_08713
u_07302,i_08355,i_05677,i_03389,i_10316,i_01129,i_11373,i_10353,i_29639,i_02831,i_21094
u_07303,i_00468,i_17626,i_01480,i_31952,i_21094,i_01523,i_14604,i_02786,i_00011,i_11909
u_07304,i_02786,i_10316,i_01111,i_14604,i_05267,i_08132,i_17626,i_01998,i_09052,i_10120
u_07305,i_14604,i_10316,i_29639,i_12430,i_11373,i_17626,i_01111,i_02786,i_11910,i_13084
u_07306,i_14604,i_02786,i_11373,i_31903,i_01545,i_09345,i_05786,i_03773,i_01480,i_17626
u_07307,i_05267,i_14604,i_17626,i_10316,i_01937,i_08052,i_14115,i_11373,i_09345,i_01468
u_07308,i_01937,i_08713,i_14604,i_02415,i_02786,i_07520,i_01129,i_16700,i_00062,i_31921
u_07309,i_11373,i_31952,i_14604,i_12430,i_00395,i_01476,i_00057,i_00075,i_00716,i_08895
u_07310,i_01468,i_10316,i_14604,i_21094,i_01937,i_28278,i_11373,i_05267,i_07520,i_01523
u_07311,i_14604,i_02786,i_10518,i_10316,i_24980,i_09471,i_11910,i_17626,i_12430,i_00122
u_07312,i_01937,i_01111,i_05394,i_14604,i_06412,i_01810,i_05267,i_00027,i_01523,i_08754
u_07313,i_14604,i_05267,i_08592,i_01430,i_24980,i_02663,i_31952,i_11365,i_10316,i_01523
u_07314,i_14604,i_01479,i_01993,i_01468,i_02209,i_10316,i_02786,i_17108,i_10057,i_02317
u_07315,i_00928,i_00468,i_02786,i_18681,i_14604,i_01937,i_01523,i_01468,i_01111,i_05167
u_07316,i_14604,i_01537,i_02786,i_01937,i_24980,i_03773,i_10316,i_31950,i_14808,i_09052
u_07317,i_10316,i_25690,i_12430,i_00724,i_00062,i_00470,i_06228,i_05267,i_14808,i_11373
u_07318,i_11373,i_00725,i_00122,i_03397,i_12426,i_04580,i_15902,i_03616,i_19751,i_17325
u_07319,i_02321,i_02631,i_12430,i_02786,i_01496,i_17670,i_02725,i_02313,i_16877,i_00716
u_07320,i_02282,i_02786,i_21094,i_24980,i_00433,i_01468,i_00037,i_00468,i_14604,i_01523
u_07321,i_05852,i_15077,i_01739,i_21094,i_00122,i_03397,i_32048,i_24980,i_05677,i_10781
u_07322,i_07370,i_10316,i_12141,i_02318,i_04578,i_17108,i_03773,i_01937,i_09345,i_10120
u_07323,i_12594,i_09345,i_07255,i_15802,i_17626,i_10957,i_07567,i_05762,i_13489,i_02541
u_07324,i_01545,i_02105,i_02297,i_04191,i_01827,i_02136,i_02720,i_24980,i_06228,i_01486
u_07325,i_01111,i_02786,i_17626,i_14604,i_10316,i_09052,i_14115,i_14808,i_11910,i_05267
u_07326,i_14604,i_07089,i_10518,i_11055,i_01468,i_01111,i_11910,i_17626,i_02786,i_10316
u_07327,i_14604,i_11373,i_07089,i_24980,i_01111,i_11055,i_18333,i_00122,i_04580,i_14115
u_07328,i_14604,i_00122,i_11055,i_07255,i_06441,i_11373,i_07089,i_01523,i_05267,i_01123
u_07329,i_10316,i_01480,i_02786,i_00122,i_13084,i_24980,i_11910,i_02334,i_12430,i_00791
u_07330,i_10316,i_02786,i_11373,i_00122,i_01937,i_02407,i_24980,i_05762,i_01111,i_00755
u_07331,i_17626,i_14604,i_06228,i_10316,i_24980,i_01468,i_01485,i_03773,i_02317,i_03678
u_07332,i_01111,i_14604,i_17626,i_00377,i_02786,i_01937,i_10316,i_08132,i_21094,i_02631
u_07333,i_02786,i_13031,i_01523,i_07520,i_00154,i_14604,i_10316,i_00122,i_00163,i_03773
u_07334,i_15708,i_05188,i_21033,i_32021,i_14604,i_02031,i_04578,i_24302,i_08713,i_00062
u_07335,i_00155,i_01108,i_01107,i_21094,i_00865,i_14604,i_01746,i_28547,i_31921,i_02318
u_07336,i_10316,i_17626,i_02786,i_18139,i_06951,i_13841,i_17108,i_24980,i_01480,i_31921
u_07337,i_02786,i_01485,i_14604,i_01430,i_01808,i_17626,i_10316,i_01135,i_02334,i_25535
u_07338,i_01468,i_14604,i_01937,i_17108,i_01523,i_02380,i_02415,i_24980,i_11365,i_02317
u_07339,i_11373,i_10972,i_05901,i_04171,i_03397,i_14120,i_06474,i_04585,i_00395,i_00473
u_07340,i_01480,i_10518,i_00154,i_24980,i_17923,i_31903,i_04102,i_00163,i_00153,i_31921
u_07341,i_14604,i_14808,i_10120,i_05267,i_04580,i_03773,i_05394,i_10316,i_09052,i_24980
u_07342,i_01480,i_28982,i_11909,i_04102,i_00365,i_10518,i_02786,i_08754,i_00204,i_11910
u_07343,i_17626,i_09009,i_22738,i_08881,i_02276,i_22342,i_12901,i_21033,i_00023,i_00586
u_07344,i_00122,i_01111,i_10316,i_14604,i_02786,i_01937,i_05394,i_00395,i_00037,i_32048
u_07345,i_14604,i_07263,i_08560,i_09345,i_02209,i_00075,i_04413,i_03829,i_02334,i_22342
u_07346,i_24980,i_01496,i_01476,i_06228,i_02954,i_04033,i_00725,i_05354,i_02276,i_01206
u_07347,i_31902,i_01937,i_00928,i_01523,i_17924,i_00468,i_01480,i_00433,i_04637,i_08713
u_07348,i_09275,i_02334,i_02380,i_21094,i_01135,i_17626,i_01165,i_01479,i_09436,i_02136
u_07349,i_01111,i_05267,i_02786,i_24980,i_01937,i_06792,i_01468,i_01808,i_14604,i_01523
u_07350,i_04504,i_05103,i_10316,i_01486,i_05710,i_02136,i_00433,i_07370,i_02105,i_02213
u_07351,i_01937,i_14808,i_02317,i_00468,i_01523,i_24980,i_02136,i_06228,i_02334,i_18217
u_07352,i_00037,i_03829,i_02596,i_02317,i_01937,i_17389,i_02079,i_02334,i_00523,i_01468
u_07353,i_10316,i_14115,i_11055,i_01486,i_11910,i_09948,i_18217,i_07520,i_01923,i_08132
u_07354,i_02786,i_17108,i_01923,i_01523,i_11047,i_14604,i_03678,i_01937,i_04523,i_14115
u_07355,i_02100,i_10316,i_02786,i_24980,i_14604,i_03304,i_14808,i_10120,i_11373,i_31952
u_07356,i_01480,i_14604,i_24980,i_29600,i_01736,i_10353,i_21094,i_13084,i_29639,i_00586
u_07357,i_05103,i_04504,i_10316,i_01111,i_02105,i_00852,i_14984,i_04527,i_02136,i_00310
u_07358,i_14604,i_24980,i_02079,i_00122,i_01523,i_01937,i_08052,i_01486,i_21094,i_05573
u_07359,i_06228,i_03865,i_10316,i_24980,i_02105,i_05103,i_21094,i_08091,i_00440,i_28547
u_07360,i_24980,i_01480,i_14604,i_17626,i_11373,i_14808,i_10120,i_01545,i_05394,i_08191
u_07361,i_02209,i_03319,i_02317,i_07263,i_02634,i_01111,i_03866,i_24980,i_10808,i_10120
u_07362,i_00554,i_00433,i_02213,i_02954,i_28547,i_02415,i_02297,i_04186,i_32048,i_10316
u_07363,i_00122,i_11373,i_03866,i_01523,i_02407,i_10316,i_07370,i_01480,i_02631,i_03865
u_07364,i_00062,i_11959,i_14604,i_04692,i_00122,i_10081,i_09592,i_01468,i_10120,i_04123
u_07365,i_14604,i_05267,i_01937,i_04578,i_11365,i_07520,i_24980,i_00062,i_01111,i_10316
u_07366,i_01523,i_01937,i_14115,i_00062,i_10316,i_14604,i_00126,i_03829,i_13690,i_01998
u_07367,i_04413,i_10316,i_00462,i_01645,i_03568,i_00506,i_21094,i_02213,i_01403,i_28880
u_07368,i_05786,i_09345,i_00037,i_01468,i_00725,i_02100,i_10133,i_03302,i_03865,i_02725
u_07369,i_24980,i_11373,i_10316,i_03773,i_21094,i_01111,i_01129,i_01480,i_29639,i_01468
u_07370,i_22342,i_02319,i_04191,i_02100,i_02299,i_00075,i_01486,i_00122,i_13423,i_02334
u_07371,i_09345,i_03866,i_01485,i_14604,i_27051,i_00122,i_01545,i_17108,i_02725,i_00724
u_07372,i_12785,i_14808,i_05267,i_10930,i_02786,i_12061,i_14604,i_01937,i_04580,i_11373
u_07373,i_03678,i_14173,i_11047,i_15902,i_31921,i_09275,i_11910,i_28982,i_14604,i_03397
u_07374,i_02228,i_21094,i_04504,i_29164,i_02393,i_10316,i_01827,i_24980,i_27675,i_00922
u_07375,i_01937,i_05267,i_01523,i_01111,i_02827,i_00126,i_05394,i_17626,i_14604,i_01798
u_07376,i_00755,i_00122,i_09345,i_14604,i_00037,i_03616,i_05267,i_01111,i_08895,i_11373
u_07377,i_14604,i_00062,i_11047,i_02317,i_10316,i_04692,i_24980,i_11373,i_00073,i_03829
u_07378,i_06241,i_11923,i_13499,i_05032,i_08560,i_12061,i_02838,i_00500,i_09595,i_24980
u_07379,i_01486,i_21094,i_00554,i_02228,i_21033,i_02280,i_02276,i_02136,i_01827,i_00122
u_07380,i_01480,i_11373,i_00365,i_10316,i_01468,i_02786,i_01486,i_10518,i_24980,i_14604
u_07381,i_01523,i_02786,i_07263,i_00062,i_10316,i_21094,i_03151,i_07089,i_01486,i_08132
u_07382,i_11373,i_03773,i_02313,i_10120,i_24980,i_08132,i_02786,i_13998,i_01523,i_00122
u_07383,i_01111,i_14604,i_10316,i_10120,i_11373,i_08091,i_02786,i_04692,i_19432,i_06882
u_07384,i_14604,i_28982,i_01523,i_24980,i_10316,i_02334,i_02786,i_09275,i_01937,i_17924
u_07385,i_24980,i_01937,i_01523,i_03829,i_05267,i_13690,i_09182,i_19128,i_02209,i_14604
u_07386,i_19943,i_18921,i_03397,i_17818,i_17984,i_19916,i_17764,i_20520,i_17820,i_20206
u_07387,i_06228,i_10316,i_17626,i_01468,i_14604,i_07520,i_24980,i_03773,i_01937,i_03829
u_07388,i_00062,i_01937,i_00928,i_02136,i_14115,i_17626,i_01111,i_00468,i_21094,i_03678
u_07389,i_10316,i_07520,i_02786,i_01523,i_03773,i_14604,i_08713,i_01111,i_24980,i_16499
u_07390,i_01937,i_01523,i_24980,i_02415,i_02786,i_03773,i_01545,i_09635,i_00062,i_17626
u_07391,i_02786,i_01468,i_01523,i_01111,i_14604,i_21094,i_24980,i_00122,i_11910,i_31952
u_07392,i_05267,i_02786,i_01523,i_14604,i_01937,i_00037,i_10316,i_01468,i_24980,i_17626
u_07393,i_01937,i_01468,i_05267,i_14604,i_01111,i_04578,i_14115,i_01523,i_03829,i_03404
u_07394,i_17626,i_10316,i_05267,i_14604,i_05394,i_14808,i_01810,i_02229,i_10930,i_00126
u_07395,i_10316,i_11373,i_07567,i_05267,i_01523,i_24980,i_01111,i_09345,i_06228,i_03829
u_07396,i_21094,i_14604,i_11373,i_10316,i_09345,i_08132,i_08518,i_00724,i_05267,i_03773
u_07397,i_17924,i_00468,i_00922,i_31903,i_02334,i_00011,i_24980,i_00433,i_17626,i_01937
u_07398,i_14604,i_00122,i_17626,i_24980,i_10316,i_06228,i_21094,i_02786,i_01523,i_14808
u_07399,i_01937,i_02317,i_02079,i_03773,i_02209,i_02136,i_11483,i_05439,i_02299,i_10316
u_07400,i_05212,i_08193,i_02786,i_00793,i_10316,i_00389,i_02359,i_02334,i_01993,i_02279
u_07401,i_03262,i_01523,i_03865,i_21094,i_00155,i_02136,i_03773,i_01480,i_10316,i_01111
u_07402,i_10120,i_11373,i_14221,i_18217,i_13998,i_24980,i_01111,i_08132,i_00062,i_05416
u_07403,i_10761,i_13489,i_15669,i_02487,i_24980,i_10972,i_03268,i_03369,i_03773,i_01111
u_07404,i_01111,i_14604,i_01523,i_01485,i_00062,i_08132,i_06228,i_24980,i_10316,i_01937
u_07405,i_21094,i_14604,i_01480,i_10316,i_00122,i_17626,i_05296,i_11373,i_02786,i_01523
u_07406,i_01111,i_14115,i_14651,i_08132,i_17626,i_01937,i_11047,i_14604,i_09182,i_24980
u_07407,i_00217,i_01486,i_01496,i_00362,i_02213,i_29117,i_01539,i_01827,i_03773,i_02393
u_07408,i_05267,i_03866,i_02229,i_17626,i_04679,i_00523,i_10972,i_05394,i_01111,i_00395
u_07409,i_14604,i_01937,i_05267,i_01111,i_02786,i_01523,i_03829,i_08132,i_01468,i_05394
u_07410,i_09010,i_11386,i_11600,i_11107,i_09436,i_10781,i_01075,i_05652,i_01907,i_02720
u_07411,i_10316,i_01937,i_03773,i_14604,i_04504,i_08132,i_01849,i_09934,i_24980,i_02393
u_07412,i_31921,i_10316,i_00724,i_07370,i_02136,i_05296,i_06533,i_14604,i_02317,i_14984
u_07413,i_00776,i_17626,i_14604,i_32040,i_00122,i_24980,i_00724,i_02786,i_03773,i_11373
u_07414,i_14604,i_00155,i_00724,i_32040,i_10518,i_02334,i_01798,i_03819,i_04102,i_31921
u_07415,i_09383,i_00037,i_05267,i_00377,i_02786,i_00126,i_01111,i_03829,i_03616,i_02229
u_07416,i_10316,i_06228,i_21094,i_07429,i_01937,i_04523,i_17626,i_01523,i_05267,i_02209
u_07417,i_11373,i_11055,i_13547,i_01836,i_07089,i_24980,i_10316,i_18333,i_14604,i_02954
u_07418,i_03319,i_08859,i_01135,i_09592,i_22973,i_12562,i_14248,i_16365,i_00122,i_10316
u_07419,i_10518,i_08895,i_28982,i_24980,i_17924,i_11909,i_14604,i_07576,i_32048,i_32129
u_07420,i_21094,i_10316,i_14604,i_02786,i_01523,i_06228,i_05267,i_00122,i_01111,i_01998
u_07421,i_00122,i_01111,i_24980,i_00716,i_02631,i_11373,i_00057,i_02276,i_03302,i_02313
u_07422,i_00468,i_17626,i_11910,i_01480,i_04504,i_02317,i_05103,i_00948,i_21094,i_10316
u_07423,i_00122,i_08895,i_01135,i_12430,i_02631,i_24980,i_01539,i_21094,i_01485,i_31952
u_07424,i_01468,i_01111,i_14604,i_24980,i_10316,i_00122,i_11373,i_01485,i_00395,i_03829
u_07425,i_12565,i_31921,i_17626,i_21094,i_00122,i_10316,i_17108,i_01111,i_02136,i_02313
u_07426,i_08754,i_13651,i_01937,i_25690,i_07520,i_17626,i_11365,i_02786,i_01480,i_02593
u_07427,i_01480,i_25535,i_01868,i_12430,i_00036,i_02276,i_01439,i_32129,i_31903,i_06068
u_07428,i_17626,i_01468,i_14604,i_10120,i_14115,i_01523,i_11910,i_09052,i_11373,i_10353
u_07429,i_11373,i_12430,i_14604,i_00470,i_21094,i_00122,i_02382,i_05354,i_02280,i_01486
u_07430,i_01468,i_10316,i_01937,i_14604,i_02136,i_01111,i_01808,i_08052,i_02334,i_14115
u_07431,i_04322,i_05859,i_10354,i_06886,i_03397,i_03865,i_05762,i_05677,i_03878,i_10761
u_07432,i_10316,i_18217,i_13998,i_14221,i_09052,i_03773,i_11910,i_01523,i_05416,i_17626
u_07433,i_14604,i_10316,i_05103,i_14984,i_04504,i_03678,i_02136,i_01849,i_24302,i_02274
u_07434,i_14604,i_10316,i_05786,i_01111,i_24980,i_17626,i_05439,i_10761,i_00062,i_01480
u_07435,i_10316,i_02786,i_03262,i_14604,i_21094,i_06228,i_22342,i_04191,i_00433,i_01054
u_07436,i_10698,i_11369,i_07255,i_10353,i_08091,i_08638,i_07587,i_04221,i_12629,i_09070
u_07437,i_11055,i_00311,i_14604,i_17626,i_01480,i_11373,i_13295,i_07089,i_24980,i_03302
u_07438,i_01480,i_17626,i_01496,i_31952,i_16877,i_01476,i_00122,i_08881,i_29639,i_09345
u_07439,i_01480,i_31903,i_02334,i_14604,i_10518,i_15669,i_31983,i_19839,i_00122,i_23026
u_07440,i_05267,i_01523,i_01111,i_01468,i_14604,i_17626,i_24980,i_05394,i_00122,i_10316
u_07441,i_20708,i_23124,i_14604,i_26081,i_10509,i_06534,i_08885,i_02415,i_18980,i_03678
u_07442,i_24980,i_14604,i_17626,i_01468,i_01523,i_05267,i_03678,i_01937,i_01135,i_02786
u_07443,i_01468,i_10316,i_14604,i_01810,i_32112,i_21094,i_24980,i_17626,i_01485,i_05493
u_07444,i_04181,i_10316,i_03590,i_14221,i_01111,i_04585,i_03319,i_14604,i_01468,i_02111
u_07445,i_04578,i_05267,i_01430,i_11910,i_11365,i_31921,i_01998,i_05394,i_00126,i_14115
u_07446,i_02786,i_10316,i_14604,i_31921,i_01480,i_05103,i_01468,i_21094,i_31902,i_17626
u_07447,i_10316,i_11373,i_09182,i_13998,i_04580,i_09052,i_14221,i_14115,i_10120,i_02334
u_07448,i_01937,i_00037,i_11373,i_07089,i_00428,i_04580,i_21094,i_11055,i_08862,i_00470
u_07449,i_00468,i_00948,i_14604,i_31952,i_02786,i_21094,i_24980,i_13651,i_00011,i_02136
u_07450,i_02786,i_03616,i_05786,i_01798,i_00037,i_05267,i_22342,i_00377,i_14604,i_01523
u_07451,i_24980,i_11910,i_07263,i_01937,i_02786,i_10316,i_05267,i_02317,i_08132,i_09345
u_07452,i_28880,i_01108,i_01545,i_16877,i_05267,i_02280,i_00724,i_00554,i_05394,i_02228
u_07453,i_05899,i_03592,i_01097,i_07323,i_06754,i_06951,i_05561,i_01495,i_01199,i_00395
u_07454,i_24980,i_01523,i_01111,i_02786,i_14604,i_01480,i_10120,i_01486,i_12566,i_01764
u_07455,i_21094,i_31921,i_14604,i_01849,i_03151,i_00470,i_00724,i_02786,i_28238,i_00155
u_07456,i_13998,i_10930,i_09182,i_21094,i_01523,i_08132,i_04580,i_14221,i_00062,i_02882
u_07457,i_10316,i_00776,i_03262,i_18031,i_21094,i_02105,i_01486,i_01202,i_03773,i_24980
u_07458,i_02786,i_01468,i_01937,i_24980,i_05267,i_10316,i_02317,i_17626,i_14604,i_01480
u_07459,i_05167,i_02786,i_11569,i_02317,i_02827,i_11047,i_05267,i_02111,i_17108,i_11365
u_07460,i_09052,i_14604,i_08132,i_04692,i_01111,i_02786,i_03773,i_10120,i_14115,i_11373
u_07461,i_01480,i_14604,i_31921,i_31741,i_31952,i_24980,i_25690,i_01486,i_02334,i_11910
u_07462,i_01937,i_14604,i_00428,i_21094,i_00062,i_01810,i_17626,i_01468,i_17108,i_02786
u_07463,i_02320,i_01111,i_01135,i_24980,i_10316,i_11373,i_02786,i_14604,i_01485,i_04207
u_07464,i_12562,i_10316,i_24980,i_07567,i_12786,i_01480,i_11373,i_14604,i_02563,i_06397
u_07465,i_14604,i_31903,i_02786,i_01937,i_00062,i_03151,i_01523,i_10316,i_01849,i_00126
u_07466,i_03829,i_02317,i_01111,i_02209,i_11569,i_00037,i_01739,i_14173,i_00468,i_01523
u_07467,i_05267,i_08132,i_01998,i_24980,i_21094,i_13674,i_12786,i_11910,i_06228,i_03773
u_07468,i_14604,i_10316,i_00468,i_17626,i_01523,i_13651,i_04191,i_21094,i_03773,i_09052
u_07469,i_17626,i_00279,i_21094,i_24980,i_31741,i_00057,i_09009,i_22738,i_18312,i_00249
u_07470,i_10316,i_24980,i_02317,i_01111,i_10120,i_14221,i_11373,i_06228,i_04692,i_02786
u_07471,i_24980,i_03773,i_11910,i_01998,i_14808,i_10353,i_01523,i_01480,i_09070,i_11408
u_07472,i_10316,i_01523,i_31952,i_10120,i_00311,i_21094,i_14604,i_31950,i_06228,i_00433
u_07473,i_14604,i_09052,i_10316,i_24980,i_11910,i_03773,i_10120,i_14221,i_14115,i_05267
u_07474,i_14604,i_02317,i_01468,i_01937,i_03468,i_11373,i_11386,i_05103,i_04692,i_00433
u_07475,i_04191,i_02563,i_11373,i_06228,i_24980,i_06441,i_04221,i_07567,i_00395,i_12282
u_07476,i_00122,i_21094,i_09345,i_11373,i_32048,i_14604,i_03397,i_02136,i_05167,i_02786
u_07477,i_01937,i_02334,i_01480,i_01523,i_08713,i_02786,i_01798,i_00365,i_01808,i_14604
u_07478,i_11373,i_08132,i_09052,i_03773,i_14604,i_10120,i_14115,i_02317,i_01923,i_02786
u_07479,i_01937,i_10316,i_01111,i_05267,i_00062,i_02596,i_24980,i_05797,i_08132,i_02415
u_07480,i_01468,i_14604,i_01937,i_10316,i_02827,i_21094,i_11055,i_02786,i_07520,i_24980
u_07481,i_18681,i_10930,i_05349,i_04580,i_01937,i_10316,i_14808,i_02786,i_00122,i_01998
u_07482,i_14808,i_05267,i_01998,i_01523,i_14115,i_01937,i_02786,i_05394,i_10316,i_04580
u_07483,i_01111,i_01468,i_10316,i_14604,i_00122,i_01430,i_01486,i_03829,i_24980,i_11373
u_07484,i_14604,i_07370,i_02317,i_01468,i_10316,i_04191,i_00037,i_01135,i_02244,i_01937
u_07485,i_03806,i_17626,i_02786,i_11918,i_03773,i_21094,i_00724,i_05320,i_01135,i_05664
u_07486,i_12567,i_09070,i_10316,i_31741,i_19432,i_11355,i_10699,i_02786,i_08091,i_04603
u_07487,i_10316,i_11909,i_00062,i_05267,i_24302,i_01937,i_03773,i_10120,i_14808,i_11373
u_07488,i_14604,i_24980,i_03773,i_14808,i_11910,i_09052,i_01523,i_14115,i_01764,i_01937
u_07489,i_01111,i_11408,i_08091,i_09591,i_07587,i_01807,i_10316,i_22939,i_21094,i_17626
u_07490,i_17108,i_09345,i_17626,i_00037,i_02299,i_02297,i_06228,i_00724,i_01827,i_02596
u_07491,i_03773,i_10930,i_01111,i_24980,i_02111,i_01480,i_04478,i_08132,i_21094,i_02334
u_07492,i_01468,i_01480,i_02786,i_14115,i_11569,i_01937,i_00062,i_10316,i_24980,i_14604
u_07493,i_05267,i_14808,i_14604,i_14115,i_04580,i_05394,i_18217,i_06450,i_07171,i_06441
u_07494,i_00091,i_14604,i_21094,i_01480,i_17626,i_00470,i_01486,i_00122,i_01849,i_01468
u_07495,i_01480,i_31903,i_10518,i_02786,i_17923,i_09275,i_24980,i_07520,i_00062,i_00155
u_07496,i_05394,i_05267,i_02786,i_01111,i_01937,i_08132,i_00126,i_05167,i_00037,i_05439
u_07497,i_01135,i_11373,i_09442,i_02276,i_04221,i_04679,i_11543,i_00716,i_01485,i_03319
u_07498,i_14604,i_02786,i_14115,i_05267,i_01523,i_01937,i_05439,i_14808,i_08132,i_17626
u_07499,i_00226,i_00852,i_07061,i_21094,i_32108,i_04504,i_00060,i_12430,i_02393,i_02382
u_07500,i_14604,i_03773,i_00922,i_01480,i_10316,i_00091,i_21094,i_07370,i_01468,i_00075
u_07501,i_02022,i_02076,i_01938,i_02312,i_01952,i_28982,i_31992,i_01480,i_01987,i_17923
u_07502,i_00154,i_14604,i_24980,i_00122,i_02786,i_01468,i_03773,i_11373,i_21094,i_02631
u_07503,i_01468,i_05267,i_14604,i_10316,i_02786,i_17626,i_01937,i_08132,i_14808,i_09052
u_07504,i_10316,i_14604,i_02209,i_17626,i_01468,i_01479,i_04585,i_04480,i_31903,i_07370
u_07505,i_05267,i_01937,i_03773,i_11910,i_03151,i_02786,i_01468,i_08132,i_17626,i_04578
u_07506,i_14604,i_01937,i_14115,i_01998,i_01111,i_10316,i_14808,i_31921,i_03829,i_02079
u_07507,i_14604,i_01523,i_17626,i_10316,i_01937,i_08132,i_14115,i_01480,i_11373,i_13084
u_07508,i_10316,i_01523,i_02317,i_02786,i_02079,i_24980,i_21094,i_14604,i_09345,i_00122
u_07509,i_01480,i_01111,i_01468,i_10316,i_14604,i_10120,i_11910,i_21094,i_02786,i_01523
u_07510,i_01937,i_01523,i_14115,i_00062,i_10316,i_14604,i_01111,i_17626,i_02596,i_21094
u_07511,i_14604,i_08881,i_08895,i_02276,i_06228,i_16877,i_01468,i_02228,i_00057,i_11909
u_07512,i_01468,i_14221,i_10316,i_02317,i_09948,i_02209,i_01937,i_19432,i_02136,i_08091
u_07513,i_00554,i_00462,i_00091,i_21094,i_00054,i_31946,i_18031,i_18139,i_00158,i_24980
u_07514,i_02786,i_14604,i_00011,i_10316,i_01111,i_14115,i_01746,i_05267,i_01937,i_01486
u_07515,i_01937,i_08754,i_09010,i_03262,i_24980,i_03773,i_07171,i_11910,i_13841,i_10258
u_07516,i_00922,i_06228,i_01480,i_00226,i_21094,i_10316,i_00023,i_01827,i_00075,i_00930
u_07517,i_01937,i_04578,i_05394,i_00126,i_14115,i_01430,i_01523,i_01798,i_10316,i_14808
u_07518,i_08116,i_02831,i_09552,i_03302,i_02786,i_10995,i_02634,i_02228,i_01206,i_01135
u_07519,i_01468,i_10316,i_01937,i_03678,i_01523,i_01480,i_02111,i_04692,i_01485,i_14604
u_07520,i_01523,i_17626,i_00062,i_14115,i_08052,i_01998,i_14808,i_02209,i_06228,i_05493
u_07521,i_10316,i_02786,i_01523,i_01937,i_17626,i_14604,i_00122,i_06228,i_08132,i_24980
u_07522,i_01111,i_05267,i_14604,i_02786,i_21094,i_31993,i_24980,i_05394,i_01810,i_01468
u_07523,i_02786,i_24980,i_10316,i_01741,i_17626,i_14604,i_21094,i_10518,i_01764,i_01523
u_07524,i_01523,i_07520,i_02415,i_14604,i_18681,i_05653,i_08713,i_02786,i_17626,i_06412
u_07525,i_06228,i_24980,i_17626,i_01739,i_01468,i_14604,i_02334,i_10316,i_03829,i_01486
u_07526,i_21094,i_09345,i_11373,i_06228,i_24980,i_31921,i_12320,i_00122,i_01545,i_11569
u_07527,i_10316,i_24980,i_00506,i_01202,i_07370,i_04418,i_21094,i_05700,i_06228,i_04191
u_07528,i_10316,i_08132,i_11373,i_09052,i_14074,i_01523,i_04123,i_00062,i_05267,i_11047
u_07529,i_11373,i_17626,i_10316,i_11386,i_01468,i_01937,i_21094,i_12430,i_13084,i_01486
u_07530,i_24980,i_01158,i_31952,i_14604,i_10316,i_03302,i_11373,i_21094,i_29600,i_01480
u_07531,i_21094,i_00303,i_02683,i_02786,i_00575,i_01485,i_18312,i_21012,i_00023,i_11910
u_07532,i_10316,i_01468,i_11910,i_03773,i_24980,i_01937,i_08132,i_06228,i_07520,i_05439
u_07533,i_24980,i_12430,i_01476,i_00122,i_06228,i_25828,i_01480,i_01539,i_03567,i_11373
u_07534,i_10316,i_01480,i_17626,i_21094,i_05103,i_02136,i_24980,i_00554,i_00586,i_00077
u_07535,i_10316,i_00506,i_00470,i_17626,i_00930,i_00922,i_14604,i_24980,i_31921,i_00586
u_07536,i_10316,i_04377,i_01486,i_02786,i_01849,i_03773,i_01523,i_02136,i_10509,i_17626
u_07537,i_02827,i_11047,i_31921,i_08132,i_05797,i_02079,i_09345,i_11487,i_24980,i_02136
u_07538,i_14604,i_06228,i_03773,i_00506,i_17626,i_11373,i_02136,i_09070,i_00470,i_02786
u_07539,i_05267,i_04578,i_02786,i_01523,i_10316,i_01468,i_02415,i_00395,i_14604,i_00062
u_07540,i_14604,i_05267,i_01480,i_02786,i_11145,i_10316,i_04580,i_14808,i_17626,i_01468
u_07541,i_00468,i_00928,i_17626,i_01468,i_00011,i_24980,i_02136,i_00023,i_00122,i_14115
u_07542,i_01468,i_24980,i_00470,i_21094,i_17626,i_14604,i_00062,i_18031,i_06228,i_25690
u_07543,i_14604,i_18217,i_08132,i_01111,i_13998,i_06228,i_09052,i_01998,i_05267,i_10316
u_07544,i_14604,i_03678,i_10518,i_11910,i_01485,i_02786,i_09345,i_02334,i_11373,i_14115
u_07545,i_01523,i_01937,i_17626,i_02415,i_24980,i_01111,i_00062,i_02380,i_14604,i_14115
u_07546,i_10316,i_21094,i_01480,i_01937,i_11910,i_05786,i_01468,i_01111,i_00852,i_06228
u_07547,i_01480,i_01076,i_17626,i_00037,i_10518,i_25535,i_21033,i_01054,i_31952,i_01870
u_07548,i_00122,i_11373,i_14604,i_10316,i_21094,i_07587,i_06228,i_04221,i_01523,i_29164
u_07549,i_17626,i_01480,i_21094,i_14604,i_31952,i_31946,i_10316,i_02786,i_11373,i_28982
u_07550,i_00122,i_01111,i_11373,i_02313,i_01496,i_01827,i_02382,i_13084,i_01964,i_01485
u_07551,i_03773,i_14115,i_05439,i_08132,i_11910,i_01998,i_11373,i_01523,i_14808,i_13084
u_07552,i_10316,i_08132,i_03773,i_14808,i_15851,i_15852,i_01468,i_01937,i_05472,i_03829
u_07553,i_03773,i_00433,i_11373,i_02079,i_10120,i_04504,i_03829,i_09275,i_05272,i_11910
u_07554,i_06228,i_17626,i_24980,i_03829,i_17108,i_02786,i_06450,i_04580,i_01998,i_03773
u_07555,i_01937,i_05267,i_10316,i_01480,i_17626,i_01111,i_01224,i_00062,i_11910,i_05394
u_07556,i_14604,i_03302,i_02541,i_02596,i_02228,i_01810,i_05024,i_08754,i_01537,i_09345
u_07557,i_02786,i_14604,i_05267,i_01523,i_24980,i_01937,i_03773,i_00062,i_11910,i_01480
u_07558,i_01111,i_01468,i_14604,i_31993,i_24980,i_00037,i_02786,i_02334,i_02596,i_00523
u_07559,i_11373,i_02136,i_24980,i_06397,i_12282,i_01523,i_11386,i_10316,i_14115,i_02720
u_07560,i_14604,i_17626,i_02786,i_10316,i_01746,i_24302,i_01523,i_00865,i_00122,i_04527
u_07561,i_01468,i_10316,i_01523,i_05267,i_01111,i_21094,i_24980,i_01480,i_01937,i_17626
u_07562,i_05267,i_14604,i_08191,i_12061,i_21849,i_06441,i_17108,i_01937,i_02786,i_02229
u_07563,i_24980,i_14604,i_21094,i_02786,i_07576,i_04102,i_10316,i_31952,i_17924,i_31921
u_07564,i_08053,i_11959,i_05767,i_11373,i_12282,i_00122,i_14633,i_10081,i_13103,i_10808
u_07565,i_00122,i_14604,i_11373,i_21094,i_01523,i_10316,i_12430,i_29117,i_01468,i_24980
u_07566,i_14604,i_17626,i_10316,i_07524,i_21094,i_07370,i_01480,i_21033,i_02786,i_00395
u_07567,i_09070,i_11369,i_07587,i_08091,i_08560,i_10353,i_02316,i_06450,i_10316,i_14713
u_07568,i_00062,i_14604,i_07520,i_26935,i_04692,i_00126,i_13690,i_01937,i_14115,i_03829
u_07569,i_21094,i_02786,i_01923,i_14604,i_24980,i_01468,i_10316,i_00122,i_01523,i_31921
u_07570,i_24980,i_17924,i_00462,i_00226,i_31946,i_06973,i_00922,i_00057,i_12901,i_06241
u_07571,i_17626,i_02786,i_00122,i_01523,i_10120,i_01135,i_10316,i_02111,i_01468,i_24980
u_07572,i_01468,i_10316,i_14604,i_27051,i_01937,i_01111,i_02634,i_00793,i_00122,i_00428
u_07573,i_14604,i_05267,i_05394,i_10316,i_14808,i_13843,i_01523,i_02415,i_11373,i_04578
u_07574,i_01097,i_07583,i_01468,i_10316,i_09124,i_21094,i_31921,i_02106,i_02136,i_16877
u_07575,i_14604,i_24980,i_01468,i_11373,i_10316,i_21094,i_02786,i_03302,i_06228,i_01937
u_07576,i_17626,i_10930,i_24980,i_11373,i_11145,i_05267,i_15005,i_05439,i_14604,i_01937
u_07577,i_17626,i_02507,i_31741,i_02334,i_05267,i_02022,i_31952,i_01987,i_31988,i_21094
u_07578,i_02228,i_02313,i_10133,i_01827,i_07567,i_01923,i_02136,i_13084,i_01496,i_01485
u_07579,i_04549,i_04102,i_25535,i_14604,i_00011,i_17924,i_00155,i_31903,i_02334,i_01798
u_07580,i_14604,i_24980,i_01937,i_02786,i_01480,i_10316,i_01468,i_21094,i_05786,i_01111
u_07581,i_14604,i_02786,i_14808,i_01430,i_05267,i_01937,i_05439,i_14115,i_11910,i_12407
u_07582,i_02393,i_06228,i_14984,i_05710,i_24980,i_17626,i_05103,i_10120,i_10316,i_01111
u_07583,i_01523,i_05267,i_14604,i_01808,i_02786,i_01937,i_01798,i_21094,i_14115,i_00037
u_07584,i_05267,i_02827,i_04578,i_01937,i_17626,i_08052,i_02136,i_00062,i_09934,i_07171
u_07585,i_00468,i_01480,i_02676,i_00011,i_14604,i_31903,i_01468,i_01486,i_17626,i_07520
u_07586,i_12430,i_16877,i_10781,i_01215,i_04984,i_03567,i_10972,i_11600,i_03866,i_15902
u_07587,i_28982,i_01480,i_24980,i_02786,i_01430,i_31903,i_02334,i_04102,i_17626,i_11373
u_07588,i_01764,i_02297,i_02079,i_02317,i_05439,i_04254,i_02786,i_10120,i_14604,i_03773
u_07589,i_05267,i_00793,i_08191,i_01523,i_17108,i_02541,i_10316,i_02634,i_01923,i_04181
u_07590,i_12430,i_24980,i_02228,i_01129,i_17626,i_01439,i_01827,i_09009,i_02725,i_02382
u_07591,i_05267,i_11910,i_24980,i_10930,i_17626,i_01523,i_01937,i_00062,i_31903,i_07171
u_07592,i_01468,i_05267,i_01523,i_28984,i_14604,i_01486,i_24980,i_01937,i_10316,i_21094
u_07593,i_05267,i_03773,i_11910,i_11373,i_01111,i_08132,i_14115,i_24980,i_05394,i_10316
u_07594,i_10316,i_14604,i_01937,i_01111,i_02786,i_13705,i_11373,i_31921,i_01480,i_01523
u_07595,i_10316,i_01111,i_01937,i_01523,i_05472,i_02380,i_01468,i_01486,i_14115,i_03829
u_07596,i_18801,i_11800,i_00145,i_10808,i_04254,i_12542,i_10972,i_02274,i_18333,i_13761
u_07597,i_07370,i_00062,i_14984,i_05354,i_01739,i_06533,i_03773,i_09124,i_11942,i_01468
u_07598,i_05267,i_14604,i_01923,i_01937,i_05976,i_01523,i_05394,i_04578,i_02136,i_14808
u_07599,i_00011,i_28547,i_13651,i_00948,i_01480,i_00928,i_04578,i_02676,i_02334,i_01486
u_07600,i_05267,i_02563,i_17626,i_24980,i_02382,i_02321,i_03866,i_01135,i_11373,i_02631
u_07601,i_03397,i_24980,i_32048,i_09345,i_03302,i_11347,i_02120,i_03616,i_01545,i_02563
u_07602,i_21094,i_17626,i_00298,i_24980,i_01998,i_01480,i_00791,i_05394,i_01430,i_31950
u_07603,i_08355,i_06450,i_05677,i_09591,i_02487,i_08560,i_02299,i_01827,i_02155,i_13122
u_07604,i_10316,i_31741,i_12567,i_01849,i_01523,i_09124,i_14604,i_01486,i_06228,i_01937
u_07605,i_21094,i_00506,i_21033,i_14604,i_01937,i_13651,i_27675,i_00077,i_02786,i_00054
u_07606,i_01111,i_13122,i_10120,i_02786,i_01523,i_01937,i_05267,i_24980,i_17626,i_21094
u_07607,i_01111,i_06228,i_24980,i_10316,i_02786,i_17626,i_05267,i_01523,i_00122,i_02136
u_07608,i_00122,i_00037,i_17626,i_01523,i_03616,i_01443,i_01937,i_09383,i_00761,i_32129
u_07609,i_14604,i_02563,i_00122,i_03866,i_01451,i_06228,i_03865,i_11373,i_11543,i_02321
u_07610,i_10316,i_14604,i_01937,i_01468,i_31952,i_24980,i_01111,i_02079,i_01523,i_21094
u_07611,i_13124,i_07524,i_13841,i_04413,i_02282,i_03262,i_05797,i_08862,i_05472,i_02317
u_07612,i_14604,i_17626,i_01468,i_07520,i_01480,i_03829,i_10316,i_00470,i_17924,i_02786
u_07613,i_01545,i_02786,i_10781,i_04191,i_02720,i_11386,i_02297,i_10316,i_01111,i_01485
u_07614,i_00922,i_24980,i_31952,i_17626,i_21094,i_01942,i_17108,i_00077,i_00870,i_01486
u_07615,i_31952,i_14604,i_24980,i_02235,i_02786,i_01523,i_01468,i_11373,i_12901,i_00062
u_07616,i_29117,i_12430,i_01476,i_02228,i_01496,i_10972,i_07050,i_00122,i_03319,i_02725
u_07617,i_11373,i_11910,i_06228,i_10316,i_01523,i_14604,i_01468,i_09052,i_01937,i_10120
u_07618,i_04580,i_05786,i_15902,i_17660,i_01937,i_02382,i_08355,i_13761,i_04679,i_09659
u_07619,i_04585,i_14604,i_09442,i_01111,i_03590,i_02209,i_01993,i_02563,i_08193,i_27051
u_07620,i_05894,i_02313,i_24980,i_01545,i_03866,i_00523,i_21094,i_17660,i_00724,i_14604
u_07621,i_10316,i_02154,i_11373,i_06466,i_04181,i_24980,i_14808,i_04692,i_27051,i_01993
u_07622,i_01111,i_01523,i_14604,i_17626,i_10316,i_14115,i_09182,i_21094,i_01937,i_14808
u_07623,i_02136,i_07370,i_09124,i_10316,i_24980,i_06533,i_24604,i_11373,i_02105,i_10713
u_07624,i_00157,i_01480,i_00506,i_11373,i_14604,i_10518,i_11910,i_00716,i_17626,i_00306
u_07625,i_09591,i_10120,i_24980,i_00145,i_11373,i_02313,i_17108,i_17626,i_08895,i_10316
u_07626,i_02786,i_14604,i_01480,i_08713,i_01486,i_02317,i_13031,i_04527,i_01523,i_01202
u_07627,i_02786,i_14604,i_02415,i_17108,i_02827,i_09345,i_01468,i_03151,i_07171,i_08862
u_07628,i_08881,i_24980,i_02382,i_02235,i_01135,i_16877,i_17626,i_00395,i_21094,i_02563
u_07629,i_02786,i_01937,i_07520,i_05267,i_08801,i_02596,i_01810,i_00126,i_14115,i_02827
u_07630,i_14604,i_00365,i_31903,i_25535,i_24980,i_28982,i_02786,i_01868,i_17626,i_03866
u_07631,i_17108,i_04659,i_02317,i_21094,i_00724,i_02136,i_01523,i_09345,i_05394,i_05493
u_07632,i_00122,i_02382,i_01480,i_01468,i_24980,i_26940,i_02634,i_02683,i_00389,i_08518
u_07633,i_00122,i_01111,i_01129,i_03302,i_02382,i_01334,i_10995,i_00057,i_05493,i_12901
u_07634,i_01468,i_10316,i_14604,i_01523,i_09591,i_21094,i_24980,i_02786,i_09070,i_01998
u_07635,i_02786,i_24980,i_00122,i_14604,i_17626,i_01468,i_02380,i_02720,i_02631,i_05797
u_07636,i_03773,i_09934,i_15730,i_14074,i_05416,i_21475,i_25053,i_04692,i_05354,i_12282
u_07637,i_01937,i_02786,i_01523,i_01111,i_02136,i_07520,i_03773,i_05267,i_04523,i_02317
u_07638,i_05267,i_24980,i_08132,i_01937,i_01111,i_01468,i_08801,i_10316,i_14808,i_11047
u_07639,i_00062,i_14115,i_10316,i_05267,i_01111,i_03773,i_01486,i_14604,i_08052,i_02317
u_07640,i_31946,i_02786,i_24980,i_01480,i_14604,i_31992,i_00037,i_02022,i_05786,i_31983
u_07641,i_01111,i_12061,i_17626,i_02111,i_09052,i_01937,i_13690,i_08132,i_03829,i_00122
u_07642,i_01937,i_02136,i_02786,i_03773,i_02882,i_04692,i_14651,i_01485,i_24980,i_05416
u_07643,i_05267,i_04580,i_17626,i_00122,i_01937,i_01523,i_10930,i_01111,i_05167,i_14808
u_07644,i_10316,i_14604,i_10120,i_05439,i_14115,i_17626,i_03773,i_02079,i_14808,i_02317
u_07645,i_02703,i_08053,i_09504,i_04558,i_01827,i_02487,i_09345,i_01129,i_04221,i_07567
u_07646,i_01111,i_10316,i_17626,i_14604,i_24980,i_01523,i_12772,i_02786,i_00122,i_01937
u_07647,i_28278,i_17626,i_14604,i_24980,i_10316,i_00724,i_17108,i_21094,i_01468,i_05569
u_07648,i_01468,i_24980,i_01480,i_01485,i_14604,i_05778,i_01523,i_17924,i_01798,i_02786
u_07649,i_01486,i_10316,i_02317,i_14604,i_01468,i_24980,i_01523,i_05103,i_01937,i_06882
u_07650,i_14604,i_05267,i_01523,i_17626,i_24980,i_01937,i_01111,i_21094,i_07520,i_08052
u_07651,i_01111,i_13489,i_01807,i_10972,i_11373,i_02786,i_23257,i_14074,i_05439,i_04679
u_07652,i_10316,i_17626,i_10120,i_01468,i_11373,i_05394,i_14604,i_24980,i_00122,i_01937
u_07653,i_03146,i_02382,i_00122,i_12901,i_01539,i_00395,i_09345,i_06046,i_03567,i_02276
u_07654,i_01111,i_05267,i_02786,i_02282,i_00122,i_14604,i_01937,i_10316,i_24980,i_01523
u_07655,i_08193,i_00428,i_00122,i_27030,i_05212,i_03590,i_04221,i_09009,i_08895,i_00075
u_07656,i_00157,i_10316,i_22342,i_00091,i_00075,i_00922,i_00395,i_01486,i_01746,i_00470
u_07657,i_07524,i_04413,i_11373,i_10316,i_01523,i_24980,i_08596,i_01545,i_05354,i_21094
u_07658,i_24980,i_11910,i_10316,i_10518,i_05349,i_09345,i_14808,i_01868,i_28982,i_01523
u_07659,i_02827,i_01937,i_01523,i_05267,i_11910,i_01468,i_14808,i_02334,i_10316,i_04578
u_07660,i_09052,i_10120,i_10316,i_01111,i_08132,i_24980,i_14221,i_05416,i_08560,i_01849
u_07661,i_10353,i_08091,i_07587,i_11408,i_17626,i_01111,i_09070,i_02235,i_02316,i_02741
u_07662,i_05267,i_03773,i_02786,i_01523,i_11569,i_01468,i_10316,i_01937,i_14604,i_17626
u_07663,i_14604,i_08544,i_08560,i_08258,i_08638,i_15818,i_24980,i_10120,i_14808,i_01468
u_07664,i_02380,i_01827,i_17108,i_08052,i_07260,i_02541,i_05472,i_03665,i_02317,i_01523
u_07665,i_10316,i_01480,i_02317,i_01523,i_01937,i_17626,i_02380,i_02786,i_24980,i_05103
u_07666,i_24980,i_03397,i_11373,i_06533,i_15005,i_07567,i_11569,i_15902,i_32048,i_20808
u_07667,i_08476,i_04548,i_16000,i_09345,i_21094,i_08491,i_01439,i_05472,i_01485,i_05852
u_07668,i_10316,i_14604,i_24980,i_02111,i_04692,i_01523,i_11373,i_09052,i_02274,i_03773
u_07669,i_00122,i_00377,i_17389,i_05267,i_00037,i_01111,i_00395,i_10316,i_31921,i_31952
u_07670,i_11758,i_11543,i_00395,i_03397,i_00122,i_32048,i_09327,i_09595,i_03940,i_01432
u_07671,i_01937,i_02786,i_14604,i_01523,i_10316,i_05267,i_07171,i_01111,i_12061,i_04578
u_07672,i_14604,i_01937,i_02786,i_10316,i_01430,i_17626,i_00062,i_00122,i_04578,i_03829
u_07673,i_10316,i_06228,i_06766,i_01827,i_09345,i_10120,i_02136,i_03678,i_09591,i_18032
u_07674,i_14604,i_04580,i_01937,i_10930,i_05267,i_24980,i_17626,i_16487,i_02786,i_11145
u_07675,i_10316,i_27942,i_31741,i_14808,i_02786,i_11373,i_00468,i_24980,i_09124,i_05786
u_07676,i_07061,i_24980,i_00852,i_08518,i_21094,i_08895,i_32112,i_17670,i_00395,i_17626
u_07677,i_14120,i_09932,i_26255,i_24561,i_10781,i_19978,i_21691,i_22790,i_08938,i_09436
u_07678,i_14604,i_05267,i_11910,i_01523,i_01480,i_08191,i_01937,i_17626,i_00122,i_02786
u_07679,i_17626,i_02786,i_05267,i_10316,i_17389,i_11910,i_17924,i_01480,i_24980,i_03590
u_07680,i_04585,i_04419,i_06361,i_14604,i_01993,i_02359,i_02417,i_10316,i_02882,i_02154
u_07681,i_14604,i_05267,i_02827,i_01932,i_11365,i_08191,i_01523,i_05394,i_18681,i_01430
u_07682,i_00122,i_21094,i_02755,i_17626,i_01496,i_14984,i_02382,i_04254,i_08881,i_00922
u_07683,i_02111,i_04692,i_14074,i_24980,i_09275,i_17626,i_02136,i_02317,i_02380,i_03397
u_07684,i_17626,i_10509,i_01645,i_01403,i_31988,i_00795,i_07524,i_24980,i_31983,i_13124
u_07685,i_02786,i_08713,i_00062,i_01523,i_13651,i_03151,i_05267,i_00468,i_00575,i_07520
u_07686,i_13124,i_28982,i_09124,i_11386,i_32048,i_04549,i_05472,i_07370,i_04553,i_11331
u_07687,i_14604,i_01523,i_10316,i_17626,i_02786,i_06840,i_01135,i_14115,i_17108,i_03773
u_07688,i_05267,i_01937,i_01523,i_14115,i_10316,i_09052,i_00062,i_14808,i_01468,i_14604
u_07689,i_24980,i_11373,i_05762,i_01480,i_07020,i_14727,i_11769,i_11910,i_02244,i_06228
u_07690,i_00575,i_01129,i_31921,i_12072,i_02592,i_03849,i_03829,i_01810,i_07370,i_11569
u_07691,i_01480,i_11909,i_24980,i_28982,i_11910,i_10518,i_01476,i_32048,i_03389,i_04549
u_07692,i_01468,i_10316,i_01937,i_03773,i_05267,i_24980,i_11910,i_05976,i_02079,i_14808
u_07693,i_10316,i_00433,i_01202,i_24019,i_01523,i_21094,i_04418,i_02380,i_00506,i_04191
u_07694,i_14604,i_08754,i_24980,i_01937,i_02786,i_05349,i_01868,i_09383,i_10316,i_10518
u_07695,i_01480,i_14604,i_24980,i_02786,i_00724,i_09591,i_01746,i_13670,i_01849,i_10518
u_07696,i_31946,i_00362,i_01480,i_01486,i_22342,i_00122,i_00585,i_24980,i_00311,i_01202
u_07697,i_10316,i_21094,i_01764,i_01480,i_01741,i_24980,i_10518,i_32112,i_02676,i_00865
u_07698,i_10698,i_00782,i_01485,i_09345,i_03567,i_07567,i_01827,i_02417,i_31950,i_03302
u_07699,i_01468,i_10316,i_14604,i_17626,i_11483,i_02136,i_01523,i_08132,i_02415,i_00122
u_07700,i_14604,i_11373,i_11910,i_01998,i_10316,i_04580,i_14808,i_21094,i_14115,i_01523
u_07701,i_10316,i_02786,i_05493,i_07520,i_00062,i_01468,i_02596,i_14115,i_02415,i_08713
u_07702,i_00377,i_04221,i_32129,i_10316,i_01111,i_02382,i_09383,i_01135,i_11373,i_02313
u_07703,i_03773,i_09052,i_08132,i_02882,i_02136,i_17626,i_04478,i_01849,i_06228,i_24696
u_07704,i_24980,i_07089,i_21094,i_02786,i_10316,i_00122,i_17626,i_00155,i_11373,i_17924
u_07705,i_14604,i_10316,i_24980,i_10518,i_01746,i_11910,i_11373,i_17924,i_17626,i_00122
u_07706,i_01135,i_00395,i_02276,i_32108,i_00389,i_00716,i_01111,i_02631,i_29164,i_02228
u_07707,i_14115,i_01764,i_09345,i_10713,i_01937,i_23257,i_00724,i_03773,i_03678,i_02136
u_07708,i_05786,i_31921,i_01937,i_01485,i_13690,i_32048,i_09842,i_13084,i_00716,i_02300
u_07709,i_17626,i_00122,i_14604,i_01937,i_01480,i_01111,i_02111,i_10316,i_21094,i_24980
u_07710,i_00122,i_24980,i_31952,i_14604,i_01111,i_01480,i_02786,i_17924,i_10316,i_01496
u_07711,i_00468,i_01480,i_00948,i_05188,i_00062,i_31903,i_02731,i_00011,i_14604,i_10316
u_07712,i_10316,i_08713,i_14115,i_01468,i_14604,i_03773,i_01937,i_02136,i_00506,i_07520
u_07713,i_24980,i_31903,i_00365,i_05187,i_01480,i_02334,i_05188,i_06244,i_28982,i_07576
u_07714,i_14604,i_01111,i_02300,i_02786,i_10316,i_11373,i_24980,i_21094,i_01135,i_04580
u_07715,i_01523,i_01111,i_02317,i_10316,i_02596,i_14604,i_17626,i_01937,i_01486,i_05472
u_07716,i_14604,i_05267,i_11373,i_06228,i_10316,i_01937,i_01523,i_02786,i_24980,i_14808
u_07717,i_10316,i_00433,i_00122,i_01468,i_17626,i_02313,i_01135,i_02297,i_22342,i_00395
u_07718,i_03262,i_06952,i_04504,i_10316,i_02136,i_13841,i_22897,i_06228,i_01486,i_03956
u_07719,i_10316,i_01810,i_02954,i_01111,i_05493,i_00129,i_14604,i_01849,i_01523,i_00412
u_07720,i_26255,i_02720,i_24481,i_19978,i_15005,i_11569,i_17660,i_21691,i_23464,i_10100
u_07721,i_11373,i_14604,i_24980,i_09275,i_02786,i_11910,i_10316,i_01523,i_00122,i_11909
u_07722,i_01923,i_02136,i_02380,i_10316,i_14983,i_01111,i_02417,i_01523,i_00091,i_06228
u_07723,i_01937,i_08713,i_02786,i_14604,i_03773,i_04578,i_01468,i_13690,i_07171,i_08052
u_07724,i_02209,i_02317,i_19432,i_09948,i_11483,i_14651,i_01849,i_10120,i_04603,i_06533
u_07725,i_24980,i_01480,i_14604,i_17626,i_01129,i_11373,i_22342,i_10518,i_00122,i_31741
u_07726,i_11055,i_18333,i_14604,i_11373,i_08862,i_24980,i_10316,i_02334,i_00155,i_02120
u_07727,i_01490,i_14604,i_01158,i_00122,i_18312,i_24980,i_21094,i_11373,i_29600,i_01129
u_07728,i_01937,i_05267,i_03819,i_24980,i_18681,i_01468,i_04578,i_02786,i_01480,i_01798
u_07729,i_17626,i_21094,i_12901,i_00428,i_17108,i_00122,i_08895,i_00023,i_01746,i_01479
u_07730,i_06412,i_10713,i_10316,i_02231,i_02111,i_05797,i_08132,i_01937,i_05267,i_05698
u_07731,i_21094,i_06228,i_10316,i_06017,i_24980,i_07389,i_11373,i_00062,i_00122,i_01496
u_07732,i_10316,i_01111,i_01937,i_14604,i_05267,i_02079,i_00122,i_24980,i_02317,i_01523
u_07733,i_10316,i_05103,i_00062,i_00362,i_02786,i_01135,i_05267,i_02213,i_05472,i_02334
u_07734,i_11483,i_05342,i_01523,i_02415,i_01937,i_10316,i_02417,i_04523,i_03773,i_14604
u_07735,i_17626,i_08091,i_03829,i_04603,i_11408,i_02209,i_14604,i_10316,i_10353,i_00428
u_07736,i_24980,i_01480,i_17924,i_09009,i_00027,i_32040,i_00162,i_05927,i_03304,i_00155
u_07737,i_10316,i_04181,i_02786,i_27051,i_10057,i_02154,i_01934,i_02954,i_01479,i_00492
u_07738,i_01480,i_01044,i_10316,i_14604,i_00575,i_03151,i_17626,i_02786,i_31952,i_02676
u_07739,i_02786,i_01937,i_14808,i_01523,i_05267,i_14115,i_07520,i_11365,i_14604,i_01468
u_07740,i_17626,i_14604,i_17108,i_01485,i_02440,i_03590,i_01545,i_10057,i_01165,i_02317
u_07741,i_05267,i_14604,i_05349,i_05103,i_18681,i_03819,i_05976,i_01937,i_05167,i_00027
u_07742,i_01468,i_14604,i_02282,i_31921,i_21094,i_01480,i_17626,i_01912,i_24980,i_01937
u_07743,i_17626,i_01111,i_14604,i_02786,i_02300,i_11373,i_14115,i_00062,i_01937,i_02334
u_07744,i_01480,i_31903,i_02334,i_17924,i_16920,i_01937,i_25690,i_21094,i_10518,i_00011
u_07745,i_14604,i_10316,i_01523,i_01468,i_11373,i_01111,i_02786,i_01937,i_03773,i_00062
u_07746,i_10518,i_00010,i_14604,i_21094,i_01468,i_00724,i_02334,i_02786,i_17924,i_00011
u_07747,i_00122,i_10316,i_11373,i_24980,i_06228,i_17626,i_01468,i_02313,i_01937,i_14604
u_07748,i_01111,i_06228,i_14604,i_01523,i_10120,i_24980,i_11373,i_09052,i_04413,i_02136
u_07749,i_08518,i_00870,i_05786,i_01535,i_01485,i_01097,i_02136,i_07370,i_03302,i_00440
u_07750,i_14604,i_10316,i_00468,i_21094,i_02786,i_04413,i_24980,i_02136,i_00062,i_02317
u_07751,i_21094,i_01480,i_01044,i_14604,i_01111,i_10316,i_00428,i_00468,i_32112,i_06228
u_07752,i_24302,i_17108,i_17626,i_17924,i_26940,i_31921,i_01485,i_02120,i_00057,i_01044
u_07753,i_00122,i_01135,i_03803,i_02634,i_21849,i_06228,i_07089,i_01479,i_16766,i_09685
u_07754,i_12430,i_10518,i_31741,i_11373,i_17924,i_06228,i_31952,i_00716,i_16877,i_08518
u_07755,i_02786,i_14604,i_01111,i_01523,i_01937,i_17626,i_02111,i_04181,i_14115,i_21094
u_07756,i_02786,i_10316,i_02317,i_01468,i_00062,i_05439,i_01937,i_03773,i_08132,i_14604
u_07757,i_01480,i_02334,i_24980,i_21094,i_00011,i_11910,i_02786,i_00037,i_25535,i_02676
u_07758,i_01111,i_01468,i_01523,i_14604,i_00791,i_00377,i_32129,i_00122,i_21094,i_00523
u_07759,i_10316,i_06228,i_11373,i_14115,i_07370,i_02393,i_05354,i_08091,i_21094,i_08193
u_07760,i_11373,i_06228,i_01111,i_24980,i_17626,i_10316,i_02786,i_14604,i_04191,i_12282
u_07761,i_00725,i_13290,i_08116,i_00122,i_02725,i_03397,i_03302,i_03601,i_32108,i_04033
u_07762,i_00782,i_02319,i_00122,i_24980,i_04191,i_09009,i_01827,i_00306,i_01476,i_08518
u_07763,i_04580,i_14604,i_03773,i_17626,i_02317,i_14808,i_02079,i_23257,i_08191,i_12075
u_07764,i_24980,i_00122,i_11373,i_02111,i_01496,i_00306,i_03397,i_02313,i_02382,i_05354
u_07765,i_01937,i_05267,i_11548,i_00062,i_01523,i_09275,i_02209,i_16499,i_02415,i_02827
u_07766,i_01798,i_06534,i_18681,i_01430,i_12594,i_03829,i_01810,i_08132,i_08801,i_25535
u_07767,i_05267,i_17626,i_01937,i_14604,i_02317,i_01430,i_02209,i_10316,i_11373,i_02786
u_07768,i_11373,i_02316,i_11107,i_08544,i_09070,i_10699,i_10353,i_14713,i_04221,i_02080
u_07769,i_01486,i_21094,i_10316,i_14604,i_01111,i_01165,i_17626,i_11373,i_00155,i_02317
u_07770,i_24980,i_10518,i_28982,i_14604,i_02786,i_00122,i_17924,i_11373,i_11910,i_21094
u_07771,i_09345,i_16482,i_19721,i_05239,i_02541,i_14604,i_05267,i_11910,i_18954,i_05191
u_07772,i_08881,i_08895,i_02079,i_32048,i_03829,i_05786,i_07260,i_01810,i_02725,i_04978
u_07773,i_01468,i_02786,i_00428,i_17626,i_17119,i_05653,i_01485,i_01519,i_02274,i_11047
u_07774,i_06228,i_01476,i_01545,i_11386,i_13547,i_11373,i_02080,i_04033,i_12282,i_09635
u_07775,i_09136,i_08232,i_10181,i_08343,i_04623,i_09052,i_05677,i_09229,i_04478,i_08476
u_07776,i_06228,i_17626,i_01480,i_00122,i_14604,i_02563,i_02276,i_12430,i_11910,i_01206
u_07777,i_01937,i_01923,i_05267,i_17626,i_14604,i_01523,i_14983,i_00062,i_03773,i_14115
u_07778,i_00793,i_04181,i_02634,i_02279,i_21094,i_11409,i_00091,i_02380,i_01135,i_17626
u_07779,i_17626,i_14604,i_10316,i_11373,i_10930,i_24980,i_03773,i_01937,i_14115,i_02786
u_07780,i_07089,i_14604,i_11910,i_10518,i_18333,i_09275,i_11909,i_02786,i_28982,i_01111
u_07781,i_14604,i_22054,i_30751,i_08682,i_08862,i_11373,i_02778,i_13705,i_03389,i_06228
u_07782,i_18681,i_11365,i_02786,i_01523,i_01937,i_31903,i_10316,i_05394,i_24980,i_14604
u_07783,i_17626,i_11373,i_24980,i_01937,i_02720,i_10316,i_07089,i_08862,i_11055,i_18333
u_07784,i_10930,i_05267,i_14604,i_04580,i_02229,i_01998,i_01937,i_14809,i_05394,i_07171
u_07785,i_01111,i_05267,i_03590,i_00428,i_32112,i_04585,i_00389,i_01485,i_21094,i_05901
u_07786,i_14604,i_01937,i_01468,i_05267,i_01485,i_13690,i_10316,i_22605,i_01135,i_17108
u_07787,i_17626,i_08518,i_32040,i_14604,i_01480,i_31921,i_02786,i_00470,i_11910,i_10316
u_07788,i_02786,i_01937,i_05267,i_00062,i_14115,i_08801,i_01798,i_07520,i_02596,i_01430
u_07789,i_02297,i_06228,i_13084,i_02136,i_14604,i_00776,i_24980,i_21094,i_02786,i_10316
u_07790,i_15669,i_01643,i_08560,i_00457,i_01774,i_01478,i_05764,i_23176,i_13850,i_22256
u_07791,i_17626,i_10316,i_24980,i_31952,i_14604,i_00389,i_13841,i_17831,i_05103,i_06228
u_07792,i_24980,i_14604,i_02786,i_00037,i_02334,i_00122,i_01135,i_00062,i_01937,i_01523
u_07793,i_10316,i_02136,i_01468,i_03773,i_01523,i_01486,i_14604,i_02317,i_06228,i_00433
u_07794,i_05267,i_18681,i_24980,i_01523,i_02827,i_01480,i_06068,i_01468,i_17626,i_01111
u_07795,i_10316,i_08895,i_10057,i_03302,i_08193,i_14604,i_21094,i_00716,i_10995,i_01486
u_07796,i_14120,i_01111,i_04553,i_14844,i_13084,i_02720,i_15902,i_01202,i_24980,i_05786
u_07797,i_01523,i_13690,i_08052,i_04692,i_01111,i_14604,i_00062,i_02031,i_01937,i_11483
u_07798,i_00468,i_02786,i_01798,i_01523,i_02299,i_00062,i_04578,i_08801,i_01810,i_00126
u_07799,i_01111,i_05267,i_10316,i_01994,i_01523,i_02790,i_00145,i_02697,i_04679,i_18801
u_07800,i_22342,i_24980,i_11386,i_08862,i_02319,i_02720,i_03797,i_11107,i_02317,i_06228
u_07801,i_09070,i_11355,i_10698,i_10353,i_19432,i_08091,i_00057,i_07587,i_14713,i_03397
u_07802,i_01480,i_14604,i_11909,i_28982,i_23941,i_06473,i_03866,i_11910,i_17626,i_06475
u_07803,i_01937,i_05267,i_10316,i_17626,i_08132,i_06228,i_01998,i_09948,i_05393,i_01523
u_07804,i_11373,i_14604,i_12430,i_11909,i_01480,i_00122,i_09345,i_02631,i_03866,i_10316
u_07805,i_16916,i_24980,i_14604,i_05354,i_26185,i_06228,i_02954,i_12282,i_05652,i_03302
u_07806,i_01937,i_24980,i_14604,i_02209,i_08713,i_10316,i_17626,i_02415,i_01523,i_02334
u_07807,i_24980,i_11373,i_14604,i_00062,i_01111,i_11548,i_01523,i_04646,i_01937,i_01468
u_07808,i_00506,i_00155,i_21094,i_02786,i_18031,i_00440,i_31921,i_00075,i_01097,i_03773
u_07809,i_14604,i_10316,i_24980,i_11373,i_02786,i_01485,i_08895,i_05394,i_03773,i_02317
u_07810,i_05103,i_01111,i_00362,i_02105,i_00506,i_00554,i_00037,i_18139,i_02299,i_31741
u_07811,i_04181,i_04480,i_11537,i_10316,i_04679,i_09591,i_01523,i_01111,i_07370,i_04585
u_07812,i_01523,i_21094,i_14604,i_05472,i_14651,i_13670,i_11047,i_01479,i_09182,i_10316
u_07813,i_10316,i_01523,i_02786,i_24980,i_01937,i_07520,i_01111,i_14604,i_11047,i_05267
u_07814,i_01523,i_10316,i_02786,i_00062,i_04480,i_02882,i_01923,i_03773,i_04478,i_02415
u_07815,i_00506,i_00462,i_01111,i_01496,i_01827,i_02313,i_07050,i_16877,i_01486,i_01443
u_07816,i_11910,i_04580,i_11373,i_01468,i_01937,i_01523,i_03773,i_02786,i_00791,i_10316
u_07817,i_12869,i_02313,i_22342,i_09345,i_05786,i_29117,i_08116,i_01107,i_08895,i_02318
u_07818,i_11047,i_01937,i_09182,i_08132,i_02274,i_21094,i_14115,i_01739,i_09124,i_01523
u_07819,i_01124,i_05493,i_01523,i_17626,i_05267,i_14728,i_00724,i_03829,i_09202,i_05167
u_07820,i_02755,i_08895,i_18312,i_12430,i_10509,i_31741,i_12901,i_17626,i_28547,i_08518
u_07821,i_01746,i_05493,i_10120,i_02235,i_06533,i_14604,i_03319,i_08091,i_03590,i_02136
u_07822,i_10316,i_01468,i_14604,i_28547,i_00062,i_17626,i_24980,i_01480,i_01746,i_15181
u_07823,i_01496,i_06228,i_01827,i_01545,i_31921,i_05354,i_14604,i_11107,i_02080,i_12320
u_07824,i_01480,i_14604,i_10316,i_01937,i_21094,i_11909,i_06228,i_13084,i_10518,i_01468
u_07825,i_11373,i_03865,i_01480,i_04580,i_01468,i_14808,i_05394,i_00122,i_13705,i_01111
u_07826,i_02786,i_05267,i_17626,i_09052,i_01523,i_24980,i_11910,i_10316,i_04580,i_11373
u_07827,i_14604,i_06228,i_07567,i_03829,i_14984,i_04221,i_01937,i_10316,i_17626,i_02213
u_07828,i_24980,i_00554,i_16877,i_03302,i_01827,i_17108,i_09345,i_10316,i_01496,i_01937
u_07829,i_02703,i_03907,i_14173,i_03869,i_06534,i_05034,i_08660,i_14248,i_13423,i_05879
u_07830,i_01480,i_31903,i_14604,i_11910,i_01486,i_24980,i_01798,i_01468,i_00027,i_28982
u_07831,i_02786,i_05472,i_02274,i_01523,i_09182,i_01111,i_00037,i_01937,i_12072,i_01923
u_07832,i_01430,i_03773,i_09052,i_05267,i_01523,i_08132,i_14604,i_02786,i_21094,i_07171
u_07833,i_01468,i_24980,i_01523,i_14604,i_04585,i_02313,i_02136,i_02209,i_00122,i_10995
u_07834,i_00122,i_01111,i_24980,i_01523,i_02407,i_17626,i_00755,i_05762,i_06228,i_07567
u_07835,i_09635,i_24980,i_06228,i_10316,i_11373,i_23026,i_14221,i_07983,i_14604,i_21094
u_07836,i_14604,i_24980,i_01523,i_10316,i_08132,i_14115,i_03773,i_02079,i_11910,i_04580
u_07837,i_01480,i_28982,i_31903,i_01937,i_00365,i_10316,i_14808,i_17924,i_01868,i_06228
u_07838,i_00506,i_00575,i_10316,i_21094,i_11373,i_14604,i_31921,i_02786,i_01468,i_31741
u_07839,i_00122,i_01111,i_05786,i_21094,i_12430,i_32108,i_01485,i_00724,i_05267,i_01135
u_07840,i_08895,i_09345,i_01937,i_08713,i_00037,i_01827,i_02209,i_02235,i_05493,i_03485
u_07841,i_10316,i_10518,i_28982,i_01468,i_24980,i_31903,i_15389,i_11373,i_11909,i_02334
u_07842,i_06228,i_24980,i_09052,i_10120,i_10316,i_02882,i_01111,i_03773,i_00122,i_02631
u_07843,i_17924,i_28982,i_10518,i_00428,i_14604,i_02334,i_17670,i_21094,i_31741,i_06244
u_07844,i_00395,i_17626,i_00326,i_08895,i_32129,i_32108,i_00057,i_31952,i_29164,i_01286
u_07845,i_10995,i_15993,i_04191,i_08116,i_19432,i_06228,i_10353,i_11107,i_13670,i_06017
u_07846,i_04377,i_10316,i_24980,i_00062,i_09052,i_07370,i_10120,i_08132,i_14115,i_06228
u_07847,i_10316,i_14604,i_09436,i_02541,i_13084,i_13489,i_14115,i_08355,i_09948,i_10995
u_07848,i_01937,i_10316,i_14604,i_02786,i_11373,i_01523,i_05167,i_05394,i_02317,i_00037
u_07849,i_17626,i_14604,i_10316,i_02786,i_00122,i_00433,i_31952,i_00575,i_00506,i_27675
u_07850,i_14604,i_13998,i_11373,i_03773,i_01998,i_14221,i_08132,i_01468,i_11910,i_09052
u_07851,i_14221,i_06228,i_14604,i_01480,i_32129,i_03302,i_10316,i_00122,i_10057,i_02786
u_07852,i_10316,i_21094,i_02276,i_01993,i_10057,i_02279,i_17626,i_12061,i_06450,i_14221
u_07853,i_03926,i_10120,i_05493,i_02786,i_11373,i_13998,i_01937,i_08132,i_06228,i_01111
u_07854,i_01468,i_05267,i_01523,i_02882,i_10316,i_01485,i_14115,i_09052,i_09182,i_21094
u_07855,i_31946,i_17626,i_05797,i_03773,i_31921,i_14604,i_02136,i_10316,i_01523,i_04692
u_07856,i_05188,i_01523,i_01468,i_00062,i_17626,i_11365,i_10316,i_05267,i_02786,i_07171
u_07857,i_02313,i_01523,i_02136,i_00586,i_00062,i_02827,i_10316,i_31921,i_08862,i_02631
u_07858,i_24980,i_10316,i_14604,i_21094,i_05354,i_11373,i_00122,i_06228,i_00554,i_02313
u_07859,i_01468,i_18681,i_01810,i_10316,i_05267,i_03678,i_01430,i_03773,i_07171,i_14604
u_07860,i_09383,i_01111,i_11373,i_01468,i_01937,i_02631,i_10713,i_00870,i_06228,i_01480
u_07861,i_01523,i_01486,i_10316,i_17626,i_01468,i_05267,i_14115,i_01937,i_24980,i_14604
u_07862,i_10316,i_04637,i_01937,i_14604,i_17626,i_01523,i_02786,i_06533,i_00062,i_00155
u_07863,i_08544,i_08638,i_08258,i_12687,i_02736,i_08560,i_10081,i_15802,i_07567,i_05945
u_07864,i_05763,i_04027,i_13122,i_08560,i_15843,i_09948,i_06863,i_01827,i_13489,i_00716
u_07865,i_10995,i_14604,i_01468,i_11386,i_24980,i_09591,i_06228,i_10316,i_01523,i_00122
u_07866,i_13998,i_14221,i_18217,i_05439,i_11569,i_08355,i_05652,i_08132,i_03678,i_09052
u_07867,i_00122,i_31993,i_17626,i_01135,i_21094,i_24980,i_00037,i_11373,i_07061,i_01111
u_07868,i_00122,i_32108,i_02631,i_02382,i_08895,i_11373,i_00716,i_00057,i_16877,i_02276
u_07869,i_02831,i_08193,i_17626,i_08116,i_00395,i_05786,i_21094,i_00122,i_02314,i_31993
u_07870,i_11910,i_14115,i_08132,i_14604,i_11373,i_03773,i_01998,i_14808,i_07520,i_10509
u_07871,i_27051,i_17626,i_14604,i_00389,i_00370,i_31950,i_02786,i_00395,i_09009,i_02235
u_07872,i_01937,i_07520,i_14604,i_17626,i_02786,i_01468,i_00011,i_24980,i_01480,i_21094
u_07873,i_10316,i_01480,i_02380,i_02786,i_14604,i_01044,i_03468,i_02683,i_01403,i_08881
u_07874,i_00155,i_01827,i_03457,i_02136,i_24980,i_00554,i_21094,i_00091,i_00122,i_08539
u_07875,i_24980,i_01523,i_08895,i_00122,i_02786,i_01468,i_06228,i_01480,i_14604,i_00395
u_07876,i_24980,i_05267,i_11373,i_05786,i_03397,i_01451,i_15902,i_01111,i_00122,i_04580
u_07877,i_06228,i_06068,i_00725,i_11373,i_05394,i_03773,i_03397,i_01937,i_08596,i_08862
u_07878,i_12282,i_02725,i_00725,i_02563,i_01545,i_00122,i_11373,i_13423,i_11386,i_00755
u_07879,i_03590,i_04679,i_21783,i_00724,i_01849,i_04692,i_02790,i_03829,i_00037,i_14173
u_07880,i_01937,i_00062,i_01523,i_05267,i_02786,i_01809,i_14604,i_26935,i_10316,i_08713
u_07881,i_05267,i_14604,i_01937,i_18681,i_01523,i_01111,i_14808,i_01430,i_14115,i_08754
u_07882,i_00122,i_21094,i_17626,i_04221,i_13670,i_03302,i_05677,i_00395,i_03470,i_02382
u_07883,i_01480,i_00122,i_01468,i_10316,i_14604,i_01523,i_00062,i_13084,i_00468,i_11373
u_07884,i_14604,i_03773,i_00062,i_11373,i_10316,i_01485,i_01523,i_06228,i_01998,i_01937
u_07885,i_24980,i_08895,i_02382,i_15902,i_01468,i_12430,i_06766,i_01135,i_02080,i_10316
u_07886,i_16877,i_24980,i_08895,i_00057,i_02228,i_08881,i_01942,i_02106,i_01545,i_01496
u_07887,i_02786,i_01937,i_10057,i_10316,i_01111,i_14604,i_05439,i_01523,i_01468,i_09345
u_07888,i_14604,i_03589,i_14808,i_05394,i_00377,i_01998,i_07260,i_00027,i_05786,i_09345
u_07889,i_01937,i_14604,i_24980,i_03829,i_10930,i_05267,i_03773,i_01485,i_01111,i_02079
u_07890,i_14604,i_11373,i_24980,i_01111,i_08682,i_10316,i_01480,i_17626,i_01468,i_03819
u_07891,i_11548,i_01480,i_13843,i_04181,i_04504,i_00023,i_17108,i_24980,i_01111,i_01485
u_07892,i_14604,i_03773,i_01523,i_11910,i_01111,i_02136,i_01810,i_28982,i_04578,i_21094
u_07893,i_01523,i_02334,i_08713,i_00062,i_14604,i_05187,i_02415,i_11910,i_07520,i_08052
u_07894,i_00122,i_11373,i_02786,i_01480,i_24980,i_10316,i_01523,i_17389,i_21094,i_17626
u_07895,i_14604,i_11373,i_11910,i_04580,i_10120,i_09052,i_14115,i_05267,i_24980,i_14808
u_07896,i_24980,i_10316,i_00122,i_11373,i_17626,i_00523,i_10761,i_07524,i_14984,i_13122
u_07897,i_10316,i_14604,i_02786,i_11373,i_21094,i_11910,i_24980,i_03866,i_10120,i_03773
u_07898,i_14604,i_31921,i_11047,i_02786,i_24980,i_05394,i_01937,i_01523,i_14808,i_13705
u_07899,i_01480,i_24980,i_00037,i_01430,i_05267,i_10316,i_01111,i_24302,i_01937,i_03829
u_07900,i_10316,i_17626,i_11373,i_07263,i_31921,i_01135,i_02563,i_02313,i_21094,i_12430
u_07901,i_11569,i_11047,i_01937,i_12059,i_05439,i_02415,i_14984,i_07520,i_18681,i_00062
u_07902,i_03397,i_00725,i_13084,i_06228,i_14173,i_15902,i_11373,i_01937,i_12033,i_12282
u_07903,i_21094,i_14604,i_24980,i_08895,i_31952,i_17626,i_00395,i_00462,i_08518,i_08881
u_07904,i_01468,i_01480,i_02786,i_14604,i_08193,i_01523,i_01937,i_01486,i_05267,i_06228
u_07905,i_09052,i_05439,i_18217,i_01523,i_14115,i_03773,i_01111,i_31950,i_11373,i_05493
u_07906,i_01111,i_10316,i_07524,i_04413,i_14604,i_10120,i_13124,i_09591,i_01523,i_02631
u_07907,i_24980,i_08895,i_10316,i_00468,i_00155,i_01937,i_21094,i_01523,i_14604,i_10518
u_07908,i_10316,i_01468,i_10894,i_08132,i_11548,i_06228,i_14604,i_04692,i_08713,i_02786
u_07909,i_13841,i_07524,i_03262,i_06228,i_13124,i_24980,i_05407,i_00122,i_03866,i_02786
u_07910,i_14221,i_08895,i_31952,i_32108,i_03803,i_00930,i_10353,i_13291,i_19432,i_08518
u_07911,i_02111,i_14604,i_32028,i_01111,i_00044,i_01937,i_10316,i_01468,i_04419,i_01523
u_07912,i_01111,i_10316,i_14604,i_17626,i_09345,i_02631,i_21094,i_01480,i_02563,i_12430
u_07913,i_10316,i_07263,i_01937,i_02136,i_04033,i_00037,i_17626,i_01827,i_05394,i_02317
u_07914,i_01480,i_24980,i_31952,i_21094,i_00122,i_00395,i_01044,i_14604,i_32108,i_31741
u_07915,i_01480,i_06228,i_05354,i_28982,i_13841,i_02276,i_00306,i_01476,i_06952,i_01496
u_07916,i_03865,i_01111,i_02727,i_02407,i_12282,i_11919,i_02563,i_10316,i_14604,i_02235
u_07917,i_14604,i_24980,i_10316,i_00122,i_17626,i_08713,i_02299,i_01537,i_17389,i_00037
u_07918,i_02786,i_14604,i_01523,i_01468,i_24980,i_21094,i_00122,i_01480,i_01937,i_24302
u_07919,i_01480,i_24980,i_17626,i_02334,i_09345,i_02786,i_00122,i_01523,i_01937,i_31741
u_07920,i_01993,i_01952,i_28982,i_31983,i_01746,i_01480,i_31992,i_01481,i_02755,i_05187
u_07921,i_01937,i_01523,i_10316,i_05267,i_08132,i_24980,i_09052,i_14115,i_06412,i_02882
u_07922,i_02334,i_24980,i_05267,i_01937,i_14808,i_11910,i_01998,i_05394,i_04580,i_10316
u_07923,i_17626,i_01111,i_00011,i_13651,i_01523,i_14604,i_05694,i_02334,i_01468,i_10316
u_07924,i_10316,i_01111,i_14604,i_11373,i_01764,i_17626,i_14808,i_17269,i_05493,i_05394
u_07925,i_08740,i_08739,i_03970,i_03397,i_32048,i_14120,i_15902,i_01937,i_01468,i_10781
u_07926,i_14604,i_01480,i_21033,i_21094,i_00922,i_02786,i_31741,i_01523,i_24980,i_13031
u_07927,i_09070,i_10316,i_03302,i_10353,i_08091,i_11373,i_06228,i_11409,i_19432,i_00122
u_07928,i_04191,i_09009,i_02228,i_00075,i_32108,i_12901,i_00761,i_01480,i_16877,i_01827
u_07929,i_00948,i_02334,i_17626,i_13651,i_10316,i_01451,i_01486,i_01523,i_31921,i_00433
u_07930,i_21094,i_01998,i_00724,i_01937,i_02229,i_14604,i_05394,i_02786,i_03866,i_07555
u_07931,i_14604,i_10316,i_04692,i_05493,i_09934,i_10781,i_10100,i_11373,i_14984,i_11543
u_07932,i_02786,i_13690,i_11373,i_02111,i_04692,i_13084,i_15802,i_01485,i_01111,i_09345
u_07933,i_01937,i_14604,i_25690,i_31903,i_07520,i_02786,i_11548,i_01523,i_05188,i_01912
u_07934,i_01923,i_02111,i_17108,i_01485,i_04181,i_03678,i_11910,i_13084,i_02417,i_10316
u_07935,i_10316,i_02786,i_03773,i_14115,i_07370,i_01468,i_02317,i_11373,i_02136,i_03829
u_07936,i_05394,i_01937,i_20005,i_11373,i_14115,i_14604,i_13084,i_01468,i_08132,i_08754
u_07937,i_24980,i_00037,i_17626,i_14604,i_00433,i_00201,i_02209,i_01523,i_01937,i_01284
u_07938,i_31921,i_00155,i_00468,i_02334,i_01523,i_31741,i_14604,i_11909,i_03773,i_11373
u_07939,i_08544,i_08132,i_03606,i_08091,i_08638,i_17626,i_01523,i_10996,i_01468,i_10120
u_07940,i_12786,i_12629,i_06228,i_12345,i_16607,i_19587,i_01545,i_11107,i_11373,i_06951
u_07941,i_00865,i_17626,i_01135,i_21094,i_24980,i_01746,i_01485,i_27051,i_00395,i_02683
u_07942,i_03829,i_05394,i_11365,i_02827,i_04578,i_15902,i_09182,i_18681,i_02786,i_01202
u_07943,i_02786,i_14604,i_01798,i_24980,i_11910,i_02299,i_00724,i_00037,i_13084,i_01111
u_07944,i_17626,i_01111,i_02725,i_02382,i_10316,i_02321,i_24980,i_14604,i_11355,i_11373
u_07945,i_24980,i_01545,i_00716,i_03397,i_04191,i_10316,i_02228,i_04221,i_03866,i_04254
u_07946,i_04418,i_10316,i_00311,i_31946,i_02683,i_02136,i_02592,i_31952,i_03806,i_01486
u_07947,i_04171,i_13806,i_00492,i_08895,i_17108,i_00389,i_02154,i_00428,i_00023,i_00057
u_07948,i_24980,i_14604,i_01523,i_03397,i_01496,i_19751,i_16877,i_01937,i_02786,i_08539
u_07949,i_01111,i_10316,i_13998,i_24980,i_17626,i_04692,i_10120,i_01523,i_01937,i_02786
u_07950,i_01111,i_14604,i_01468,i_10316,i_05267,i_06228,i_00122,i_03773,i_09345,i_08132
u_07951,i_01468,i_00062,i_01937,i_02786,i_11483,i_02079,i_14115,i_02299,i_03773,i_02334
u_07952,i_13670,i_11373,i_24019,i_01523,i_14604,i_02317,i_02786,i_01111,i_02136,i_14183
u_07953,i_02111,i_00122,i_03866,i_00037,i_01937,i_03829,i_00395,i_01135,i_10053,i_00057
u_07954,i_05267,i_17108,i_05786,i_08091,i_09591,i_05167,i_21094,i_05394,i_01937,i_14604
u_07955,i_01486,i_01937,i_13651,i_00011,i_02786,i_05188,i_14115,i_05267,i_11910,i_07520
u_07956,i_14604,i_05786,i_04580,i_05394,i_00377,i_18681,i_05267,i_07260,i_08191,i_01937
u_07957,i_08132,i_10316,i_14115,i_01937,i_14983,i_00062,i_05472,i_09052,i_05493,i_06228
u_07958,i_11576,i_09341,i_24980,i_08815,i_10713,i_09619,i_03771,i_06533,i_31990,i_10910
u_07959,i_05267,i_01111,i_21094,i_17626,i_02282,i_10316,i_02600,i_05349,i_05439,i_05167
u_07960,i_14604,i_24980,i_21094,i_00122,i_03319,i_10316,i_06228,i_03404,i_11373,i_02634
u_07961,i_10316,i_24980,i_09052,i_05267,i_03773,i_11373,i_01937,i_08132,i_05103,i_10120
u_07962,i_05267,i_08191,i_08132,i_14604,i_10930,i_06450,i_00122,i_06441,i_17108,i_00395
u_07963,i_24980,i_05267,i_10316,i_01523,i_14604,i_01111,i_01937,i_00377,i_11373,i_21094
u_07964,i_24980,i_05267,i_01111,i_11373,i_02317,i_06071,i_01849,i_01480,i_11910,i_04346
u_07965,i_32129,i_17660,i_17325,i_11373,i_11684,i_11959,i_04254,i_10972,i_09948,i_01111
u_07966,i_01480,i_14604,i_11909,i_14808,i_01485,i_08125,i_01937,i_11145,i_04580,i_09052
u_07967,i_05103,i_10316,i_14604,i_01480,i_00586,i_02317,i_03304,i_21094,i_24980,i_01486
u_07968,i_01937,i_00062,i_10316,i_04578,i_02827,i_08132,i_01523,i_24980,i_27051,i_01111
u_07969,i_10781,i_17626,i_03302,i_02136,i_08895,i_00091,i_02228,i_02495,i_18312,i_02380
u_07970,i_01480,i_01111,i_02786,i_21094,i_17924,i_14604,i_10518,i_10316,i_05267,i_11910
u_07971,i_02786,i_05267,i_01523,i_01430,i_14604,i_08132,i_03773,i_08052,i_09052,i_14808
u_07972,i_05171,i_06450,i_00540,i_13122,i_16020,i_17660,i_03397,i_32048,i_11924,i_04659
u_07973,i_24980,i_28982,i_04102,i_00365,i_07576,i_17924,i_09077,i_31952,i_31741,i_10316
u_07974,i_02786,i_00122,i_14604,i_31903,i_01808,i_17924,i_01468,i_01111,i_25535,i_10316
u_07975,i_05267,i_01468,i_02786,i_01937,i_01430,i_25535,i_01523,i_17626,i_10316,i_03829
u_07976,i_10316,i_05267,i_24980,i_01937,i_01111,i_11373,i_14604,i_17626,i_01523,i_06228
u_07977,i_14604,i_13705,i_10930,i_09345,i_11373,i_05167,i_13950,i_01937,i_05394,i_14115
u_07978,i_11373,i_24980,i_10316,i_09345,i_01937,i_11910,i_01111,i_01468,i_05267,i_06228
u_07979,i_17108,i_01135,i_09442,i_01934,i_11910,i_24980,i_03590,i_27051,i_05267,i_01827
u_07980,i_01937,i_11910,i_02786,i_17626,i_05267,i_10316,i_01998,i_11373,i_05394,i_00922
u_07981,i_10316,i_07370,i_17626,i_01468,i_00930,i_00122,i_00870,i_05700,i_00470,i_00091
u_07982,i_01111,i_01468,i_14604,i_10316,i_17626,i_21094,i_11373,i_01480,i_06228,i_11910
u_07983,i_01468,i_24980,i_11569,i_17660,i_01111,i_05394,i_11910,i_10133,i_09345,i_15005
u_07984,i_08518,i_10316,i_02786,i_17108,i_04659,i_05267,i_31921,i_01937,i_09345,i_01480
u_07985,i_01937,i_14604,i_10316,i_01523,i_01480,i_02334,i_03773,i_11365,i_05439,i_01798
u_07986,i_14604,i_21094,i_24980,i_02786,i_10316,i_02136,i_00122,i_06228,i_01523,i_00062
u_07987,i_01111,i_02382,i_02317,i_21309,i_00755,i_05394,i_01485,i_07062,i_02380,i_09009
u_07988,i_01468,i_10316,i_00776,i_06228,i_01523,i_01111,i_11373,i_14604,i_02786,i_01480
u_07989,i_02235,i_01468,i_01937,i_11373,i_01111,i_02317,i_01998,i_01523,i_01480,i_10316
u_07990,i_24980,i_01480,i_10518,i_17924,i_32048,i_04102,i_10316,i_12430,i_11908,i_29117
u_07991,i_01468,i_01523,i_24980,i_03829,i_05267,i_21094,i_01111,i_02334,i_00122,i_14604
u_07992,i_03773,i_00062,i_01937,i_10316,i_10894,i_24980,i_03829,i_01468,i_02786,i_14115
u_07993,i_00122,i_00716,i_11373,i_05786,i_03865,i_01539,i_02139,i_29117,i_01535,i_01451
u_07994,i_11543,i_04191,i_03590,i_10353,i_08193,i_11373,i_01904,i_06533,i_03319,i_24980
u_07995,i_02282,i_21094,i_00724,i_02786,i_14604,i_17626,i_00155,i_31921,i_01480,i_28984
u_07996,i_14604,i_31952,i_04221,i_01468,i_14808,i_14173,i_13850,i_21094,i_00122,i_00506
u_07997,i_01111,i_02827,i_05267,i_14604,i_09345,i_03404,i_08052,i_02352,i_06450,i_01937
u_07998,i_01937,i_01523,i_00037,i_31921,i_05267,i_02827,i_02596,i_05797,i_03819,i_09345
u_07999,i_31993,i_10316,i_32040,i_03590,i_05296,i_09009,i_02136,i_24980,i_08518,i_14604
u_08000,i_08053,i_09659,i_00716,i_12974,i_14120,i_11047,i_08063,i_07567,i_13084,i_13883
u_08001,i_14604,i_24980,i_21094,i_11537,i_31952,i_12772,i_03304,i_00395,i_00428,i_00023
u_08002,i_10316,i_14604,i_03590,i_17626,i_01937,i_01485,i_01135,i_01523,i_00492,i_02111
u_08003,i_01937,i_24980,i_14115,i_08132,i_10316,i_03773,i_05267,i_11055,i_01480,i_18333
u_08004,i_10316,i_14604,i_01937,i_01111,i_05267,i_24980,i_31950,i_02229,i_02079,i_05493
u_08005,i_00122,i_11373,i_14604,i_10316,i_01523,i_06228,i_01937,i_01480,i_03773,i_01468
u_08006,i_02154,i_08193,i_31946,i_10316,i_27675,i_11910,i_21094,i_18139,i_01942,i_02235
u_08007,i_13290,i_28746,i_13779,i_04690,i_14120,i_17626,i_05203,i_03866,i_10781,i_04978
u_08008,i_01480,i_01937,i_31903,i_02334,i_00062,i_14604,i_07520,i_00011,i_13651,i_03151
u_08009,i_01937,i_08713,i_10316,i_01523,i_00377,i_13651,i_26936,i_21094,i_14604,i_01111
u_08010,i_15077,i_03866,i_00755,i_17108,i_05203,i_03616,i_10972,i_04580,i_24980,i_02136
u_08011,i_09383,i_11910,i_24980,i_17626,i_01480,i_10316,i_08132,i_14844,i_00122,i_05439
u_08012,i_01468,i_14604,i_01937,i_02755,i_00122,i_10316,i_09383,i_01111,i_06228,i_21094
u_08013,i_28982,i_10518,i_14604,i_17923,i_24980,i_07576,i_11373,i_21094,i_02111,i_00153
u_08014,i_20190,i_11373,i_13761,i_06228,i_03397,i_16960,i_12282,i_01135,i_15906,i_10081
u_08015,i_10120,i_14221,i_10316,i_09052,i_08132,i_01998,i_02209,i_05416,i_14115,i_06228
u_08016,i_05677,i_14604,i_11373,i_00122,i_21094,i_10316,i_00075,i_13670,i_02382,i_08355
u_08017,i_01480,i_01937,i_01523,i_05267,i_01111,i_14604,i_01798,i_10316,i_05439,i_02786
u_08018,i_10316,i_31921,i_02786,i_05267,i_21094,i_01480,i_01764,i_11910,i_01468,i_24980
u_08019,i_14604,i_11373,i_29639,i_10316,i_29600,i_01480,i_00062,i_01937,i_21094,i_05394
u_08020,i_14604,i_09345,i_05267,i_08754,i_02786,i_05394,i_11910,i_14808,i_02334,i_17626
u_08021,i_10316,i_03468,i_01403,i_02213,i_00023,i_10353,i_21094,i_28880,i_02317,i_02359
u_08022,i_10316,i_03773,i_01937,i_10120,i_31950,i_01468,i_14115,i_01111,i_09182,i_01523
u_08023,i_32048,i_00540,i_00523,i_04580,i_01988,i_02703,i_00037,i_01937,i_03866,i_15669
u_08024,i_02786,i_10316,i_14604,i_01111,i_24980,i_17626,i_09124,i_11047,i_05267,i_00126
u_08025,i_02228,i_05573,i_08859,i_13489,i_06450,i_04254,i_02209,i_02407,i_01451,i_13761
u_08026,i_10316,i_17626,i_03262,i_00724,i_14604,i_00395,i_03349,i_00057,i_13423,i_24980
u_08027,i_01937,i_14604,i_02415,i_02786,i_10316,i_01523,i_08713,i_01808,i_00062,i_18681
u_08028,i_01480,i_17923,i_04102,i_10518,i_24980,i_10120,i_11373,i_17924,i_24302,i_31903
u_08029,i_02136,i_09934,i_08132,i_07370,i_03773,i_01468,i_11373,i_22313,i_02786,i_10713
u_08030,i_05267,i_02786,i_01937,i_17626,i_01430,i_10316,i_14808,i_01810,i_14604,i_05394
u_08031,i_31741,i_01746,i_01741,i_01764,i_05493,i_10316,i_02136,i_31903,i_01480,i_00433
u_08032,i_08638,i_10316,i_00122,i_09948,i_14604,i_02382,i_13670,i_01523,i_02786,i_11373
u_08033,i_05267,i_01480,i_11373,i_05439,i_01523,i_07171,i_01937,i_14808,i_00122,i_04580
u_08034,i_13290,i_17660,i_24351,i_09592,i_04690,i_00122,i_05877,i_04123,i_14248,i_05852
u_08035,i_14604,i_01468,i_17626,i_01523,i_10316,i_01937,i_24980,i_11373,i_02786,i_03829
u_08036,i_24980,i_14604,i_01480,i_02786,i_17626,i_10316,i_00122,i_14808,i_11909,i_04580
u_08037,i_04603,i_08091,i_04221,i_02736,i_32129,i_08544,i_09591,i_08638,i_02276,i_08560
u_08038,i_00948,i_03773,i_00468,i_00155,i_18031,i_00091,i_02334,i_00470,i_01849,i_21094
u_08039,i_17626,i_24980,i_21094,i_00023,i_01486,i_00122,i_31741,i_01135,i_08895,i_31952
u_08040,i_10316,i_02136,i_21094,i_07263,i_02317,i_09591,i_24019,i_01486,i_02209,i_06228
u_08041,i_14604,i_05439,i_14115,i_18217,i_10120,i_14808,i_24980,i_14526,i_02079,i_13998
u_08042,i_17626,i_14604,i_02209,i_00922,i_22342,i_00395,i_08132,i_32129,i_21033,i_08895
u_08043,i_00776,i_06228,i_13841,i_02276,i_06951,i_01496,i_16877,i_01206,i_01827,i_04191
u_08044,i_02209,i_14115,i_02235,i_11373,i_02786,i_04679,i_14604,i_08132,i_05431,i_05439
u_08045,i_29600,i_29639,i_01480,i_00457,i_06883,i_01129,i_11373,i_00485,i_14604,i_24980
u_08046,i_04578,i_18681,i_11365,i_01798,i_00011,i_31903,i_01430,i_02334,i_11910,i_02786
u_08047,i_10316,i_14115,i_02786,i_11910,i_08132,i_05439,i_00062,i_03773,i_24980,i_07171
u_08048,i_13670,i_09591,i_21033,i_22342,i_00922,i_18312,i_01942,i_08895,i_01827,i_08518
u_08049,i_10316,i_24980,i_10518,i_17924,i_17626,i_02786,i_14604,i_08881,i_21094,i_01468
u_08050,i_05759,i_05528,i_10339,i_00793,i_09452,i_02634,i_18095,i_17108,i_07408,i_02359
u_08051,i_04585,i_01479,i_00793,i_10057,i_11548,i_03590,i_10316,i_17626,i_14221,i_04181
u_08052,i_02786,i_01523,i_01937,i_08052,i_01468,i_05394,i_00037,i_02317,i_17108,i_05472
u_08053,i_10995,i_24980,i_02228,i_03397,i_00122,i_04580,i_05034,i_13084,i_08895,i_01545
u_08054,i_01937,i_01468,i_07520,i_01523,i_05416,i_14115,i_08713,i_08132,i_11483,i_05439
u_08055,i_01937,i_01468,i_10316,i_01523,i_00062,i_14604,i_03829,i_01485,i_05267,i_11483
u_08056,i_10316,i_24980,i_00724,i_07524,i_00155,i_03151,i_01998,i_13651,i_00922,i_01468
u_08057,i_17626,i_00362,i_00075,i_24980,i_14604,i_00311,i_31741,i_00091,i_01486,i_02786
u_08058,i_01334,i_02786,i_09948,i_05493,i_03589,i_02631,i_13611,i_01135,i_06441,i_09345
u_08059,i_24980,i_02786,i_17626,i_00122,i_01111,i_11910,i_02334,i_21094,i_01937,i_01798
u_08060,i_10316,i_00122,i_03773,i_02334,i_01468,i_14604,i_09591,i_00470,i_01480,i_31950
u_08061,i_16191,i_32108,i_01135,i_00725,i_10316,i_00395,i_03944,i_02228,i_00389,i_02080
u_08062,i_01468,i_10316,i_01480,i_12430,i_06228,i_02631,i_00586,i_01424,i_11373,i_02313
u_08063,i_01111,i_01523,i_02882,i_08132,i_24980,i_03773,i_01480,i_14604,i_14651,i_14115
u_08064,i_10316,i_31952,i_02786,i_00306,i_00506,i_13670,i_23941,i_03773,i_00062,i_00011
u_08065,i_21094,i_00428,i_14604,i_01523,i_01111,i_03773,i_17626,i_00062,i_14115,i_11047
u_08066,i_14604,i_03806,i_08099,i_11754,i_17626,i_13850,i_10996,i_02786,i_12927,i_07567
u_08067,i_21094,i_03806,i_05296,i_17626,i_10316,i_14604,i_02786,i_03773,i_32040,i_00395
u_08068,i_07524,i_13124,i_15669,i_11055,i_05407,i_06863,i_05677,i_05573,i_07089,i_06228
u_08069,i_14604,i_05267,i_03773,i_01468,i_17626,i_10316,i_14808,i_05394,i_09052,i_24980
u_08070,i_21094,i_14808,i_08132,i_03829,i_02229,i_01937,i_14604,i_01468,i_09345,i_03773
u_08071,i_01937,i_05267,i_05167,i_02786,i_05394,i_18681,i_02334,i_01430,i_24980,i_02827
u_08072,i_10316,i_24980,i_14221,i_11373,i_13998,i_10120,i_01111,i_01998,i_09052,i_18217
u_08073,i_17626,i_00037,i_05267,i_05786,i_00122,i_01523,i_10133,i_01485,i_08862,i_01135
u_08074,i_03866,i_01432,i_02634,i_05786,i_09436,i_05109,i_03397,i_01479,i_02380,i_01496
u_08075,i_09442,i_01479,i_08815,i_00145,i_02274,i_01111,i_03319,i_01135,i_04480,i_10808
u_08076,i_01451,i_14604,i_24980,i_02786,i_10316,i_00122,i_05267,i_01485,i_01135,i_17626
u_08077,i_21094,i_11543,i_14115,i_18217,i_11373,i_00506,i_03773,i_08355,i_01111,i_05267
u_08078,i_01539,i_02382,i_21094,i_09345,i_17670,i_02228,i_01476,i_03302,i_11373,i_12430
u_08079,i_10316,i_14604,i_06228,i_04191,i_11373,i_01111,i_24980,i_01523,i_02786,i_03829
u_08080,i_02786,i_10316,i_02596,i_14604,i_01468,i_01111,i_24980,i_01937,i_05267,i_05493
u_08081,i_06411,i_11342,i_27051,i_01827,i_32112,i_01468,i_00057,i_00724,i_00037,i_06361
u_08082,i_02786,i_24980,i_02683,i_01523,i_02280,i_21094,i_00155,i_07370,i_05267,i_01480
u_08083,i_14604,i_02786,i_01937,i_05267,i_10316,i_01111,i_00468,i_01468,i_11365,i_02711
u_08084,i_28880,i_31903,i_02283,i_13031,i_07520,i_00585,i_01108,i_28547,i_00586,i_25535
u_08085,i_24980,i_11910,i_10120,i_14604,i_06228,i_10518,i_28982,i_00062,i_01998,i_02786
u_08086,i_13761,i_09592,i_10316,i_02831,i_05354,i_12282,i_09509,i_03397,i_02313,i_02720
u_08087,i_01523,i_02786,i_03773,i_01937,i_14115,i_02282,i_14604,i_11910,i_01998,i_17626
u_08088,i_00922,i_02786,i_14604,i_03829,i_01523,i_01111,i_21094,i_07520,i_00122,i_28278
u_08089,i_10316,i_14604,i_07263,i_02393,i_00506,i_21094,i_00470,i_24980,i_02213,i_00922
u_08090,i_06228,i_01111,i_14604,i_01468,i_10316,i_11373,i_02276,i_11910,i_08132,i_03773
u_08091,i_03773,i_10316,i_14604,i_01937,i_14115,i_00062,i_01523,i_01111,i_00377,i_09124
u_08092,i_10316,i_11373,i_01523,i_14604,i_11386,i_06952,i_02786,i_24980,i_09591,i_02235
u_08093,i_10349,i_26255,i_21950,i_23279,i_26649,i_22907,i_24561,i_15802,i_09948,i_00145
u_08094,i_05797,i_01523,i_09345,i_08713,i_04523,i_02786,i_17108,i_24980,i_05472,i_17626
u_08095,i_14604,i_24980,i_02786,i_10316,i_06241,i_01937,i_01523,i_08895,i_04207,i_22342
u_08096,i_14604,i_00395,i_24980,i_02382,i_25535,i_00122,i_09009,i_12430,i_00428,i_16877
u_08097,i_14115,i_02317,i_01480,i_03773,i_10930,i_11910,i_14808,i_21094,i_09052,i_10316
u_08098,i_18333,i_10316,i_11373,i_17626,i_06228,i_14074,i_12785,i_04580,i_10258,i_00062
u_08099,i_03866,i_17626,i_08895,i_14173,i_04221,i_11910,i_06474,i_01485,i_02298,i_31952
u_08100,i_03302,i_10781,i_00145,i_10316,i_11373,i_00725,i_04679,i_18801,i_02563,i_12785
u_08101,i_02786,i_24980,i_03829,i_10316,i_17626,i_02317,i_02136,i_14115,i_14604,i_00922
u_08102,i_01111,i_00122,i_05267,i_24980,i_17626,i_10316,i_14604,i_02334,i_00037,i_02786
u_08103,i_10316,i_02786,i_06882,i_04191,i_00122,i_01111,i_02282,i_01523,i_03468,i_02136
u_08104,i_01468,i_01746,i_10316,i_24980,i_17626,i_01764,i_31921,i_14604,i_00011,i_02334
u_08105,i_02786,i_31741,i_17626,i_31921,i_01468,i_25690,i_24980,i_13651,i_00433,i_00011
u_08106,i_00433,i_01937,i_08713,i_03829,i_02731,i_10316,i_02415,i_17108,i_09327,i_02317
u_08107,i_17626,i_14604,i_10120,i_03773,i_14221,i_02235,i_04692,i_06228,i_13690,i_08132
u_08108,i_14604,i_31921,i_05267,i_31952,i_21094,i_01523,i_01486,i_24980,i_10316,i_01937
u_08109,i_11373,i_18333,i_14115,i_10316,i_03773,i_14604,i_06397,i_09124,i_10120,i_01937
u_08110,i_00075,i_00506,i_17626,i_02954,i_28547,i_22738,i_00433,i_22342,i_01486,i_02283
u_08111,i_00462,i_22342,i_02786,i_08895,i_08881,i_13423,i_17670,i_01135,i_00506,i_02382
u_08112,i_00470,i_00506,i_00155,i_17626,i_00163,i_00122,i_21094,i_02786,i_03773,i_02244
u_08113,i_00395,i_21094,i_00724,i_05573,i_05677,i_01479,i_15669,i_09948,i_11373,i_06450
u_08114,i_24980,i_21094,i_31952,i_10316,i_14604,i_01468,i_06228,i_00122,i_00395,i_01111
u_08115,i_14120,i_13290,i_02345,i_15902,i_14173,i_02079,i_03397,i_11543,i_10781,i_01923
u_08116,i_01899,i_00036,i_00523,i_02786,i_17670,i_01044,i_03829,i_09009,i_02334,i_13423
u_08117,i_01937,i_08713,i_31902,i_11365,i_01798,i_01523,i_14604,i_02786,i_18681,i_00011
u_08118,i_03866,i_04580,i_00523,i_06068,i_15902,i_00755,i_08754,i_01937,i_00540,i_02725
u_08119,i_05267,i_09383,i_24980,i_05394,i_01523,i_17626,i_04580,i_10316,i_14604,i_14808
u_08120,i_10316,i_24980,i_14604,i_00122,i_04181,i_02786,i_08132,i_01523,i_17626,i_02111
u_08121,i_14604,i_24980,i_11373,i_01480,i_01111,i_21094,i_01827,i_00122,i_00724,i_01545
u_08122,i_05267,i_01523,i_01937,i_10316,i_14604,i_14115,i_02415,i_02229,i_09052,i_05472
u_08123,i_24980,i_31946,i_31952,i_02228,i_03302,i_17108,i_28547,i_00057,i_14604,i_09009
u_08124,i_06241,i_05267,i_09345,i_08881,i_17108,i_01937,i_00037,i_32129,i_00523,i_05786
u_08125,i_00793,i_00492,i_04527,i_27051,i_01993,i_03590,i_01904,i_02634,i_00389,i_17626
u_08126,i_22265,i_12393,i_08053,i_13230,i_15174,i_05945,i_06014,i_25767,i_15802,i_08638
u_08127,i_14604,i_01468,i_02786,i_01798,i_00062,i_02380,i_17108,i_21094,i_00473,i_00027
u_08128,i_00724,i_07370,i_21094,i_14604,i_01849,i_09124,i_02317,i_01111,i_10100,i_02244
u_08129,i_11548,i_11373,i_01937,i_01523,i_02111,i_05267,i_08713,i_02786,i_01485,i_06228
u_08130,i_09052,i_02209,i_00122,i_00724,i_03773,i_15993,i_00395,i_18217,i_09182,i_08091
u_08131,i_14604,i_09052,i_01480,i_14115,i_00062,i_10316,i_10120,i_02882,i_07520,i_05694
u_08132,i_05267,i_01523,i_02786,i_10316,i_05472,i_17626,i_02209,i_11047,i_04679,i_04181
u_08133,i_01111,i_02786,i_04315,i_02563,i_09345,i_02382,i_01523,i_00122,i_02321,i_00428
u_08134,i_04181,i_02417,i_13690,i_01111,i_01485,i_09052,i_09345,i_01523,i_04480,i_01937
u_08135,i_02786,i_00122,i_01468,i_17626,i_24980,i_10316,i_03773,i_14604,i_05493,i_01937
u_08136,i_14604,i_01111,i_05267,i_02786,i_14808,i_24980,i_10930,i_00122,i_00377,i_08355
u_08137,i_21033,i_32036,i_32021,i_00462,i_00612,i_00122,i_00135,i_02313,i_17626,i_00506
u_08138,i_17626,i_14604,i_02786,i_02300,i_00468,i_05267,i_24980,i_01468,i_01937,i_05394
u_08139,i_05472,i_11373,i_02274,i_01937,i_00725,i_11569,i_14604,i_02317,i_02380,i_17626
u_08140,i_01468,i_04478,i_01111,i_03590,i_32112,i_14604,i_01485,i_08132,i_09052,i_02274
u_08141,i_14604,i_14808,i_09345,i_17626,i_01937,i_02786,i_05267,i_00027,i_11365,i_07260
u_08142,i_14604,i_10518,i_17923,i_13084,i_02786,i_11373,i_31983,i_02631,i_01468,i_01476
u_08143,i_04186,i_01206,i_16223,i_02954,i_02111,i_03302,i_11543,i_10781,i_04434,i_14120
u_08144,i_05212,i_08193,i_05563,i_01135,i_02279,i_02313,i_02634,i_00389,i_10316,i_01993
u_08145,i_13084,i_02276,i_02228,i_00930,i_09345,i_00057,i_00122,i_17108,i_02313,i_04585
u_08146,i_17924,i_01480,i_31902,i_05188,i_24302,i_00468,i_31903,i_02676,i_02786,i_00062
u_08147,i_15730,i_14452,i_12365,i_18200,i_16279,i_09711,i_11185,i_17622,i_09303,i_13691
u_08148,i_07263,i_25690,i_05272,i_10120,i_17626,i_02786,i_10316,i_01912,i_08831,i_01523
u_08149,i_01480,i_01129,i_17626,i_00506,i_21094,i_03773,i_31952,i_14604,i_28547,i_10518
u_08150,i_09345,i_15153,i_04580,i_13084,i_03397,i_14173,i_00145,i_12282,i_24980,i_13499
u_08151,i_14604,i_06228,i_11373,i_01937,i_01480,i_09436,i_08862,i_00037,i_32048,i_07676
u_08152,i_03302,i_10316,i_04254,i_10120,i_11373,i_02563,i_03397,i_00122,i_12785,i_07711
u_08153,i_03866,i_00395,i_00122,i_01739,i_24980,i_06534,i_02786,i_18312,i_00037,i_18757
u_08154,i_00062,i_08193,i_01523,i_05212,i_07520,i_10316,i_01937,i_27051,i_05394,i_05493
u_08155,i_01480,i_01937,i_24980,i_17923,i_25535,i_11910,i_24302,i_00037,i_02786,i_31903
u_08156,i_21094,i_01480,i_14604,i_17924,i_02786,i_00027,i_10316,i_13651,i_01937,i_00468
u_08157,i_24980,i_17626,i_01111,i_11373,i_14604,i_00755,i_10316,i_02321,i_01539,i_04580
u_08158,i_11373,i_07089,i_01468,i_10316,i_06223,i_06228,i_01937,i_01480,i_02297,i_08862
u_08159,i_11373,i_03678,i_06228,i_05354,i_10316,i_11386,i_04191,i_15005,i_01111,i_24980
u_08160,i_00793,i_03590,i_04585,i_04692,i_11409,i_02634,i_12786,i_02209,i_07657,i_10120
u_08161,i_00122,i_21094,i_31952,i_02755,i_17626,i_02382,i_00428,i_31741,i_32108,i_00023
u_08162,i_17626,i_01135,i_05103,i_01480,i_01923,i_31921,i_01485,i_01486,i_09345,i_00037
u_08163,i_00585,i_01523,i_02136,i_31952,i_02317,i_02297,i_10316,i_02334,i_02380,i_31921
u_08164,i_02786,i_01468,i_01937,i_01523,i_10316,i_11537,i_02415,i_07255,i_17626,i_00122
u_08165,i_10316,i_11373,i_06228,i_01496,i_08895,i_03829,i_31952,i_02276,i_12430,i_17626
u_08166,i_00091,i_01054,i_01480,i_18031,i_21094,i_08518,i_00163,i_29639,i_00724,i_31741
u_08167,i_02882,i_00462,i_00122,i_31921,i_01923,i_00306,i_31741,i_01480,i_01545,i_02136
u_08168,i_21094,i_00776,i_01480,i_24980,i_08518,i_31952,i_00922,i_01486,i_02786,i_00395
u_08169,i_14115,i_10120,i_12430,i_31950,i_14808,i_13998,i_21094,i_03773,i_10518,i_05416
u_08170,i_10316,i_06228,i_01523,i_02786,i_01202,i_03773,i_31921,i_02079,i_02317,i_02720
u_08171,i_10316,i_02786,i_05394,i_01523,i_14604,i_00122,i_02827,i_01937,i_08638,i_08544
u_08172,i_10316,i_14604,i_24980,i_10120,i_01849,i_05267,i_00062,i_07370,i_11373,i_01998
u_08173,i_11373,i_04191,i_14604,i_22342,i_00122,i_02321,i_07567,i_02297,i_13084,i_24980
u_08174,i_02976,i_07567,i_05468,i_24980,i_01923,i_17108,i_02760,i_01937,i_05714,i_02764
u_08175,i_24980,i_14604,i_10316,i_02786,i_31921,i_31952,i_01480,i_02282,i_08518,i_31946
u_08176,i_16134,i_07524,i_05859,i_01403,i_01645,i_07263,i_13670,i_05407,i_03468,i_02720
u_08177,i_14604,i_01998,i_02300,i_01485,i_02786,i_05267,i_01111,i_01523,i_05439,i_31950
u_08178,i_21094,i_06228,i_01468,i_10316,i_02136,i_00506,i_31952,i_11373,i_03829,i_14604
u_08179,i_14604,i_11355,i_11373,i_17626,i_06228,i_10353,i_21094,i_01480,i_08091,i_01545
u_08180,i_05267,i_01523,i_02786,i_08754,i_10316,i_05786,i_31903,i_01937,i_04102,i_21094
u_08181,i_00506,i_02136,i_02318,i_10316,i_02209,i_02100,i_07587,i_02105,i_09591,i_02786
u_08182,i_01430,i_05493,i_02235,i_05267,i_05394,i_02786,i_32107,i_02136,i_02392,i_17108
u_08183,i_17269,i_02786,i_01523,i_03773,i_24980,i_08132,i_10120,i_01937,i_01111,i_14604
u_08184,i_01468,i_08132,i_24980,i_07370,i_01523,i_12424,i_06228,i_05416,i_09948,i_03773
u_08185,i_31952,i_10316,i_14604,i_21094,i_05103,i_00470,i_00922,i_10509,i_00506,i_00362
u_08186,i_14604,i_21094,i_17626,i_17924,i_00922,i_02786,i_31946,i_00470,i_31741,i_00122
u_08187,i_14604,i_17626,i_12061,i_01430,i_02209,i_05267,i_05394,i_02786,i_04692,i_03590
u_08188,i_02563,i_11373,i_05354,i_02382,i_13122,i_00057,i_02228,i_02276,i_15843,i_08116
u_08189,i_00922,i_07061,i_00226,i_01486,i_16920,i_24980,i_03226,i_07370,i_04504,i_01490
u_08190,i_14604,i_02786,i_01523,i_02596,i_01937,i_00122,i_01810,i_06228,i_21094,i_01468
u_08191,i_01480,i_17924,i_28982,i_05188,i_31903,i_10518,i_17626,i_02334,i_14604,i_01468
u_08192,i_10120,i_18217,i_07263,i_29164,i_01479,i_03773,i_05416,i_10930,i_00395,i_02279
u_08193,i_01937,i_01523,i_00062,i_01111,i_05416,i_05472,i_14651,i_01468,i_14115,i_06228
u_08194,i_14604,i_14115,i_10316,i_11910,i_03773,i_24980,i_11483,i_09052,i_00062,i_05267
u_08195,i_14604,i_01523,i_10316,i_00062,i_24980,i_00922,i_00506,i_21094,i_01468,i_00011
u_08196,i_08895,i_24980,i_01827,i_16877,i_02954,i_00037,i_00716,i_01937,i_05786,i_03302
u_08197,i_10316,i_01480,i_03773,i_09052,i_01523,i_08132,i_01937,i_09124,i_10120,i_01849
u_08198,i_11373,i_32040,i_14604,i_02786,i_04580,i_10316,i_31921,i_13084,i_14115,i_01849
u_08199,i_01480,i_10518,i_04102,i_14604,i_11909,i_21094,i_02786,i_28982,i_01523,i_17626
u_08200,i_01937,i_05267,i_32040,i_14115,i_00724,i_05394,i_14808,i_00126,i_00468,i_01523
u_08201,i_14604,i_01468,i_00122,i_24980,i_17626,i_01111,i_10316,i_00126,i_11373,i_32129
u_08202,i_24019,i_07524,i_10316,i_19839,i_21249,i_11386,i_00433,i_17626,i_05407,i_21094
u_08203,i_01937,i_14604,i_02786,i_02079,i_10316,i_09182,i_17269,i_03773,i_00468,i_05797
u_08204,i_11373,i_15993,i_24980,i_03302,i_04679,i_00145,i_05354,i_01496,i_02631,i_00725
u_08205,i_10316,i_06228,i_14604,i_03773,i_01937,i_09052,i_01468,i_01111,i_17626,i_21094
u_08206,i_05899,i_02079,i_01937,i_10316,i_02136,i_00062,i_02786,i_01523,i_09345,i_14604
u_08207,i_31921,i_10316,i_01523,i_21094,i_17626,i_24980,i_01486,i_02317,i_02380,i_05267
u_08208,i_05103,i_14604,i_00776,i_10316,i_21094,i_24980,i_17626,i_13841,i_01523,i_02136
u_08209,i_01937,i_02786,i_05472,i_01523,i_03829,i_24980,i_11910,i_01468,i_10316,i_05394
u_08210,i_00122,i_01480,i_24980,i_00057,i_00395,i_08518,i_00075,i_31741,i_17626,i_31921
u_08211,i_02317,i_02228,i_02720,i_02297,i_02380,i_02079,i_10316,i_03829,i_31921,i_22342
u_08212,i_29639,i_01480,i_24980,i_00122,i_11373,i_00457,i_14604,i_01478,i_00485,i_02313
u_08213,i_09027,i_05212,i_05642,i_03467,i_32108,i_02127,i_02228,i_00122,i_04544,i_02725
u_08214,i_07089,i_06223,i_11373,i_01480,i_01468,i_17626,i_01937,i_11910,i_11365,i_05394
u_08215,i_01111,i_17626,i_24980,i_11373,i_08091,i_19469,i_19432,i_04221,i_06491,i_13850
u_08216,i_14604,i_05267,i_01111,i_01810,i_11373,i_24980,i_01998,i_10930,i_14808,i_08191
u_08217,i_00122,i_01111,i_02276,i_10316,i_24980,i_01135,i_02111,i_11373,i_14604,i_03773
u_08218,i_01468,i_01523,i_17626,i_25690,i_01111,i_24980,i_05272,i_05267,i_10316,i_14604
u_08219,i_14604,i_11373,i_10316,i_24980,i_06228,i_13084,i_17626,i_05354,i_11386,i_01202
u_08220,i_01645,i_04413,i_02136,i_01523,i_07524,i_14604,i_01937,i_02786,i_02415,i_13670
u_08221,i_04580,i_03773,i_11145,i_26185,i_11910,i_12061,i_14115,i_03819,i_02786,i_00062
u_08222,i_01468,i_11910,i_21094,i_14808,i_08132,i_01998,i_01111,i_13998,i_10316,i_26255
u_08223,i_09380,i_05899,i_02954,i_02734,i_02090,i_01964,i_16703,i_20456,i_02427,i_13499
u_08224,i_02320,i_04207,i_00037,i_00075,i_01937,i_31952,i_21094,i_01827,i_00433,i_03829
u_08225,i_01111,i_21094,i_14604,i_01468,i_10316,i_11373,i_01523,i_00122,i_09345,i_01937
u_08226,i_10316,i_00062,i_01937,i_07370,i_01468,i_04181,i_11548,i_11483,i_08132,i_02244
u_08227,i_05439,i_24980,i_01523,i_10316,i_17626,i_01468,i_11910,i_09182,i_08132,i_03773
u_08228,i_01480,i_28982,i_11373,i_10316,i_11910,i_03865,i_17626,i_09345,i_05267,i_10120
u_08229,i_05267,i_18681,i_01937,i_24980,i_01523,i_01430,i_02827,i_03829,i_14604,i_02786
u_08230,i_01480,i_31903,i_04102,i_09275,i_01937,i_02786,i_00011,i_07520,i_10316,i_31983
u_08231,i_17626,i_10316,i_21094,i_02786,i_00586,i_01746,i_11373,i_02683,i_31741,i_05394
u_08232,i_11923,i_04659,i_02786,i_07926,i_08862,i_01937,i_13084,i_01523,i_04033,i_03397
u_08233,i_14604,i_01937,i_05267,i_24980,i_01523,i_10316,i_05439,i_27051,i_01485,i_10120
u_08234,i_12157,i_17626,i_00019,i_00023,i_01993,i_01479,i_05103,i_03590,i_31952,i_04585
u_08235,i_02786,i_02415,i_17108,i_08713,i_06882,i_27051,i_25690,i_05797,i_02136,i_00428
u_08236,i_00930,i_17108,i_03773,i_21094,i_01937,i_01746,i_10120,i_07263,i_00389,i_09345
u_08237,i_31921,i_01111,i_01480,i_14604,i_21094,i_05267,i_10316,i_09383,i_11910,i_00122
u_08238,i_04181,i_17626,i_00395,i_02882,i_10316,i_04692,i_09591,i_00492,i_05267,i_15005
u_08239,i_01480,i_10518,i_14604,i_15902,i_05354,i_11909,i_11373,i_02720,i_12320,i_07576
u_08240,i_01480,i_13651,i_21094,i_31952,i_17924,i_14604,i_02786,i_11910,i_02676,i_02334
u_08241,i_01539,i_12430,i_02313,i_29117,i_01206,i_10972,i_00716,i_02954,i_10316,i_03397
u_08242,i_09052,i_05439,i_08132,i_10316,i_14115,i_13998,i_09182,i_24980,i_21094,i_01523
u_08243,i_10316,i_01537,i_01480,i_05103,i_01202,i_14604,i_02297,i_02786,i_02105,i_21094
u_08244,i_17626,i_00122,i_01111,i_11373,i_01937,i_04580,i_01523,i_00062,i_14604,i_00724
u_08245,i_09592,i_14120,i_17108,i_13761,i_15005,i_03397,i_06228,i_15902,i_01479,i_03302
u_08246,i_31921,i_17108,i_01468,i_00389,i_03829,i_02415,i_07567,i_00395,i_02209,i_05797
u_08247,i_14604,i_01111,i_11910,i_10316,i_00377,i_01485,i_05394,i_01808,i_00122,i_24980
u_08248,i_24980,i_21094,i_14604,i_02382,i_02111,i_10316,i_17108,i_01480,i_00428,i_01485
u_08249,i_09070,i_02741,i_23176,i_04221,i_05763,i_13850,i_10353,i_03397,i_14713,i_08091
u_08250,i_02786,i_04523,i_24980,i_01937,i_02235,i_14604,i_05797,i_12157,i_01523,i_10316
u_08251,i_03601,i_00122,i_04523,i_10316,i_01135,i_00145,i_04123,i_03404,i_05394,i_02407
u_08252,i_12430,i_17660,i_14498,i_03397,i_02413,i_06383,i_16877,i_05365,i_03601,i_02609
u_08253,i_01798,i_01523,i_00037,i_18681,i_14808,i_01937,i_14604,i_05439,i_05167,i_14173
u_08254,i_14604,i_24980,i_10316,i_03773,i_01111,i_10930,i_01523,i_06228,i_00122,i_17626
u_08255,i_02382,i_01135,i_01334,i_05394,i_00122,i_11891,i_00377,i_10316,i_17108,i_01523
u_08256,i_31952,i_31946,i_17626,i_00395,i_08895,i_00575,i_10316,i_22342,i_00077,i_00054
u_08257,i_01485,i_13690,i_01869,i_05786,i_04580,i_01111,i_03866,i_03665,i_31921,i_00389
u_08258,i_07263,i_17108,i_01135,i_10120,i_10316,i_01111,i_03829,i_32108,i_02415,i_03319
u_08259,i_17626,i_02209,i_00037,i_02786,i_00023,i_03829,i_14604,i_17108,i_21094,i_00540
u_08260,i_09070,i_02154,i_05212,i_04181,i_08831,i_04480,i_14604,i_14221,i_12061,i_03803
u_08261,i_01644,i_01523,i_25690,i_14604,i_01937,i_01468,i_10316,i_00011,i_07499,i_09345
u_08262,i_11047,i_09442,i_01807,i_05267,i_13690,i_02563,i_03590,i_03678,i_02417,i_04692
u_08263,i_15181,i_01480,i_02786,i_01523,i_10316,i_00585,i_31921,i_14604,i_21094,i_31952
u_08264,i_17626,i_01468,i_14604,i_02393,i_05493,i_01480,i_01523,i_16920,i_00948,i_06228
u_08265,i_21094,i_24980,i_14604,i_02676,i_17626,i_02786,i_00037,i_10316,i_01937,i_01486
u_08266,i_24980,i_17924,i_28982,i_11910,i_02786,i_31952,i_17626,i_21094,i_02334,i_07576
u_08267,i_14604,i_01937,i_02786,i_14808,i_02415,i_05267,i_04578,i_11924,i_08191,i_02827
u_08268,i_07370,i_24019,i_10353,i_09591,i_10316,i_10509,i_07263,i_01403,i_00554,i_08091
u_08269,i_14604,i_21094,i_08132,i_03773,i_05103,i_07171,i_01937,i_14115,i_24980,i_05267
u_08270,i_01993,i_08193,i_00793,i_14604,i_02136,i_04480,i_21094,i_10316,i_17626,i_06466
u_08271,i_01111,i_02417,i_14604,i_10316,i_02111,i_11373,i_02382,i_01468,i_01135,i_02380
u_08272,i_01468,i_01937,i_00062,i_02079,i_07263,i_24980,i_03829,i_14604,i_03773,i_14115
u_08273,i_14604,i_01798,i_18681,i_01937,i_05439,i_04578,i_11537,i_02827,i_02317,i_23257
u_08274,i_00506,i_00162,i_00163,i_00122,i_17626,i_32040,i_00470,i_01486,i_02676,i_02105
u_08275,i_00468,i_00928,i_00011,i_02282,i_01912,i_03829,i_00062,i_00948,i_21094,i_08330
u_08276,i_16000,i_02111,i_09345,i_15154,i_13084,i_10895,i_05786,i_11373,i_11910,i_05267
u_08277,i_09182,i_14651,i_10316,i_01111,i_11047,i_01468,i_09052,i_09345,i_01998,i_05439
u_08278,i_07926,i_05267,i_24980,i_14604,i_04480,i_05786,i_16877,i_08895,i_04659,i_09275
u_08279,i_02786,i_00470,i_01937,i_02593,i_17108,i_31921,i_09124,i_03829,i_02380,i_14604
u_08280,i_01523,i_11373,i_01468,i_18217,i_10316,i_09052,i_14115,i_11910,i_01998,i_17626
u_08281,i_01937,i_05439,i_14808,i_01430,i_04578,i_01998,i_10930,i_03819,i_04580,i_00126
u_08282,i_10316,i_02136,i_02244,i_14604,i_02317,i_04504,i_01486,i_02282,i_01480,i_05272
u_08283,i_22342,i_01539,i_01480,i_03678,i_00226,i_17626,i_02382,i_00311,i_24980,i_21094
u_08284,i_00060,i_29175,i_11369,i_29117,i_00057,i_02316,i_29164,i_02382,i_08560,i_01988
u_08285,i_14604,i_01746,i_28982,i_02786,i_21094,i_01468,i_22342,i_07576,i_25535,i_24980
u_08286,i_02282,i_04504,i_31921,i_05710,i_24302,i_00470,i_02393,i_01912,i_21094,i_16920
u_08287,i_01937,i_01998,i_00928,i_04578,i_00037,i_01810,i_14604,i_02786,i_05394,i_00062
u_08288,i_01111,i_04254,i_04692,i_14604,i_13690,i_11373,i_04123,i_02563,i_04181,i_00122
u_08289,i_01468,i_11910,i_09052,i_11373,i_03773,i_10518,i_01451,i_14604,i_01523,i_02786
u_08290,i_02786,i_05267,i_02954,i_01111,i_02229,i_00724,i_04580,i_22963,i_03773,i_08355
u_08291,i_10316,i_14604,i_08193,i_11373,i_01480,i_01937,i_02317,i_01468,i_24980,i_02136
u_08292,i_01480,i_00011,i_11373,i_31903,i_21094,i_02334,i_04580,i_10518,i_25535,i_00122
u_08293,i_14604,i_03773,i_02786,i_05267,i_09345,i_00122,i_24980,i_01998,i_09052,i_01468
u_08294,i_03865,i_11373,i_24980,i_14604,i_01523,i_02786,i_01480,i_17626,i_14808,i_05394
u_08295,i_01937,i_11365,i_00011,i_05188,i_05267,i_14604,i_00468,i_00062,i_01523,i_01430
u_08296,i_02786,i_00062,i_10316,i_02676,i_04191,i_03829,i_13651,i_01937,i_07520,i_01480
u_08297,i_00462,i_00506,i_12059,i_11107,i_01111,i_03085,i_01135,i_02297,i_14604,i_03262
u_08298,i_08518,i_31741,i_02105,i_00440,i_00075,i_01468,i_01480,i_27675,i_24980,i_01486
u_08299,i_10316,i_17626,i_11373,i_00776,i_13841,i_02786,i_14604,i_07370,i_04181,i_04478
u_08300,i_24980,i_17626,i_21094,i_14604,i_00226,i_07061,i_01480,i_00011,i_02213,i_02786
u_08301,i_03773,i_11910,i_01937,i_01798,i_11483,i_03468,i_05439,i_21094,i_14115,i_05267
u_08302,i_08895,i_16877,i_00057,i_02313,i_01496,i_09345,i_01199,i_00523,i_06241,i_05786
u_08303,i_02317,i_01523,i_14115,i_03829,i_01937,i_14651,i_03773,i_14604,i_01849,i_08132
u_08304,i_01937,i_10100,i_17108,i_04580,i_09345,i_19934,i_05203,i_02229,i_00724,i_09182
u_08305,i_10316,i_04585,i_01519,i_09591,i_02380,i_03457,i_02136,i_02274,i_02359,i_04692
u_08306,i_10316,i_04603,i_01480,i_01523,i_01486,i_21094,i_17626,i_08638,i_03773,i_02235
u_08307,i_01480,i_14604,i_01523,i_10316,i_02786,i_06071,i_04130,i_17626,i_11910,i_02299
u_08308,i_10316,i_02786,i_01111,i_00724,i_17108,i_31921,i_00057,i_01165,i_05786,i_01044
u_08309,i_31946,i_00428,i_24980,i_17626,i_01468,i_02676,i_17924,i_01480,i_31903,i_31952
u_08310,i_10316,i_15818,i_24980,i_15304,i_05416,i_10996,i_00776,i_02213,i_09052,i_05103
u_08311,i_02235,i_02978,i_00492,i_00930,i_01099,i_14604,i_31950,i_00395,i_01468,i_00389
u_08312,i_00724,i_01111,i_02786,i_31921,i_14604,i_17626,i_00122,i_32040,i_02380,i_18031
u_08313,i_10316,i_06228,i_21094,i_11373,i_00122,i_02786,i_24980,i_08518,i_01486,i_01496
u_08314,i_05167,i_05394,i_01937,i_05267,i_10316,i_11047,i_02786,i_17108,i_02317,i_01810
u_08315,i_02334,i_02786,i_01523,i_02541,i_18681,i_11047,i_02120,i_01485,i_09345,i_06228
u_08316,i_21094,i_01468,i_02786,i_03151,i_05296,i_14604,i_32040,i_31921,i_17626,i_24980
u_08317,i_02282,i_00506,i_21094,i_00122,i_17626,i_02786,i_01912,i_01468,i_14604,i_00163
u_08318,i_02786,i_10316,i_01523,i_00062,i_07520,i_08713,i_14604,i_05267,i_01468,i_17626
u_08319,i_01111,i_02786,i_01468,i_00073,i_05472,i_01523,i_10781,i_02136,i_01479,i_00037
u_08320,i_14604,i_05267,i_11910,i_08132,i_05493,i_02786,i_01111,i_24980,i_01998,i_02334
u_08321,i_02786,i_14604,i_04182,i_01523,i_10316,i_01937,i_04398,i_21094,i_02111,i_01468
u_08322,i_01111,i_11373,i_18333,i_03397,i_14248,i_11055,i_02313,i_01937,i_04191,i_07567
u_08323,i_17626,i_11373,i_21094,i_10316,i_02382,i_00057,i_12430,i_01988,i_02228,i_02313
u_08324,i_01645,i_01403,i_04413,i_00724,i_17626,i_02283,i_02334,i_03468,i_25690,i_01202
u_08325,i_05267,i_02786,i_24980,i_01111,i_01937,i_21094,i_10316,i_00122,i_01808,i_01480
u_08326,i_01937,i_01468,i_00062,i_14604,i_07520,i_04578,i_08713,i_02079,i_10316,i_00473
u_08327,i_24980,i_21094,i_00153,i_28982,i_02786,i_32040,i_14604,i_17626,i_11910,i_10518
u_08328,i_10316,i_11373,i_14604,i_09052,i_24980,i_10120,i_01111,i_02317,i_01523,i_05267
u_08329,i_10316,i_09124,i_02786,i_14604,i_12141,i_17626,i_09934,i_11373,i_02317,i_01202
u_08330,i_14604,i_17626,i_01480,i_11910,i_10316,i_11373,i_05439,i_02334,i_00523,i_17108
u_08331,i_07524,i_10316,i_24980,i_00395,i_17924,i_01468,i_09976,i_12901,i_08560,i_31741
u_08332,i_05267,i_14808,i_24980,i_04580,i_05394,i_09052,i_10316,i_09345,i_00377,i_08191
u_08333,i_00122,i_17626,i_02136,i_01827,i_21094,i_08895,i_32048,i_10316,i_09345,i_03866
u_08334,i_10316,i_21094,i_09124,i_02136,i_00506,i_31921,i_01486,i_24980,i_00554,i_00126
u_08335,i_10316,i_14604,i_24980,i_17626,i_05394,i_10120,i_04580,i_01523,i_13690,i_14115
u_08336,i_32129,i_09345,i_00523,i_08895,i_02725,i_01111,i_01539,i_00377,i_14120,i_05267
u_08337,i_01937,i_02786,i_01468,i_17108,i_01523,i_08713,i_04181,i_02111,i_01111,i_09345
u_08338,i_01430,i_02786,i_14604,i_24980,i_01798,i_17626,i_01523,i_01468,i_05394,i_18681
u_08339,i_14604,i_02786,i_01523,i_01480,i_02334,i_00027,i_11365,i_01798,i_24980,i_01868
u_08340,i_10316,i_00122,i_01746,i_17626,i_05493,i_11373,i_18681,i_01468,i_02382,i_00389
u_08341,i_01111,i_00377,i_02631,i_03404,i_00122,i_02382,i_00472,i_00037,i_10930,i_01443
u_08342,i_00226,i_01486,i_07061,i_00852,i_21094,i_28547,i_02213,i_00362,i_31921,i_00054
u_08343,i_17626,i_14604,i_02882,i_01111,i_03773,i_08132,i_01486,i_06228,i_09591,i_11373
u_08344,i_26940,i_02634,i_00395,i_00428,i_02631,i_01135,i_02229,i_01111,i_02382,i_03616
u_08345,i_02631,i_09345,i_02382,i_02228,i_02314,i_03404,i_03601,i_03397,i_00122,i_10930
u_08346,i_21094,i_02282,i_03773,i_06228,i_00091,i_07370,i_01849,i_14604,i_01486,i_00470
u_08347,i_05188,i_01480,i_28982,i_14604,i_17626,i_01523,i_01468,i_25535,i_03829,i_11373
u_08348,i_08091,i_01111,i_07587,i_02736,i_14713,i_31921,i_04602,i_05267,i_00395,i_02316
u_08349,i_02317,i_02079,i_21094,i_01937,i_04504,i_14984,i_03829,i_01753,i_09052,i_14604
u_08350,i_02255,i_07370,i_05700,i_04207,i_05569,i_00554,i_00433,i_22738,i_10316,i_01480
u_08351,i_14604,i_05267,i_01937,i_05188,i_02786,i_17924,i_11910,i_24980,i_28982,i_31903
u_08352,i_10316,i_17626,i_07524,i_02209,i_01937,i_08132,i_00062,i_06228,i_24019,i_14115
u_08353,i_21094,i_17626,i_24980,i_25535,i_14604,i_05188,i_10518,i_00468,i_31903,i_02786
u_08354,i_24980,i_01480,i_17626,i_01937,i_31946,i_10316,i_01523,i_11373,i_02786,i_31952
u_08355,i_01480,i_02786,i_14604,i_17626,i_02683,i_11910,i_11909,i_00389,i_10316,i_06228
u_08356,i_01468,i_01937,i_11483,i_02415,i_02827,i_07520,i_03829,i_00037,i_17108,i_25690
u_08357,i_14604,i_10316,i_01937,i_12061,i_01468,i_02786,i_08132,i_03773,i_09345,i_05393
u_08358,i_05103,i_04504,i_01468,i_01937,i_01111,i_02786,i_10316,i_01480,i_21094,i_17626
u_08359,i_00122,i_02631,i_01496,i_02382,i_12430,i_02313,i_16877,i_29117,i_01988,i_01539
u_08360,i_11373,i_00540,i_02401,i_03866,i_04679,i_06383,i_02725,i_02954,i_02079,i_05762
u_08361,i_02786,i_02235,i_10316,i_02079,i_02317,i_02382,i_03457,i_00395,i_01468,i_10120
u_08362,i_17626,i_14604,i_02313,i_10316,i_07567,i_00122,i_02609,i_05762,i_29164,i_01111
u_08363,i_05267,i_01523,i_01111,i_14604,i_10316,i_01468,i_01430,i_11910,i_02415,i_08132
u_08364,i_00122,i_10316,i_02786,i_01468,i_11373,i_31952,i_01111,i_08895,i_17924,i_00922
u_08365,i_10316,i_21094,i_01468,i_03773,i_00154,i_31921,i_01523,i_00163,i_14604,i_32040
u_08366,i_14604,i_14808,i_09345,i_02786,i_03773,i_02136,i_01523,i_11910,i_08028,i_05109
u_08367,i_14604,i_06228,i_10316,i_00122,i_13084,i_02786,i_21094,i_24980,i_17831,i_17626
u_08368,i_01111,i_14604,i_11373,i_21094,i_24980,i_14808,i_04580,i_00122,i_01998,i_05394
u_08369,i_00948,i_04191,i_00011,i_13651,i_02299,i_01202,i_22342,i_24980,i_01523,i_14604
u_08370,i_10316,i_03773,i_14604,i_11910,i_01523,i_09182,i_01937,i_00155,i_10120,i_11373
u_08371,i_25690,i_01486,i_02786,i_05272,i_00213,i_00468,i_02676,i_08713,i_05103,i_02435
u_08372,i_02786,i_14604,i_10316,i_01523,i_01485,i_01111,i_01937,i_00011,i_31921,i_05267
u_08373,i_10930,i_24980,i_01523,i_11373,i_00122,i_02786,i_10316,i_01468,i_00062,i_01998
u_08374,i_00506,i_02393,i_21094,i_10316,i_02213,i_02786,i_00930,i_07061,i_04504,i_16920
u_08375,i_31946,i_17626,i_01480,i_24980,i_31952,i_13651,i_00122,i_14604,i_00011,i_21094
u_08376,i_11032,i_02297,i_02786,i_03797,i_05472,i_01523,i_09182,i_05109,i_13084,i_11386
u_08377,i_21094,i_01480,i_01486,i_09313,i_00057,i_10316,i_03485,i_14604,i_31741,i_00122
u_08378,i_05677,i_02779,i_00540,i_03866,i_00122,i_02487,i_02228,i_14604,i_08560,i_04580
u_08379,i_31952,i_02850,i_00724,i_01523,i_31921,i_01486,i_00440,i_00037,i_06450,i_32129
u_08380,i_06228,i_02136,i_07370,i_09934,i_00506,i_07263,i_14984,i_10509,i_21094,i_10316
u_08381,i_24980,i_10316,i_12430,i_03302,i_03866,i_00725,i_02563,i_01476,i_00755,i_02313
u_08382,i_10316,i_14604,i_17626,i_11373,i_24980,i_02313,i_01827,i_03085,i_00122,i_21094
u_08383,i_02720,i_24481,i_10316,i_15630,i_24980,i_04478,i_11537,i_14604,i_26255,i_03773
u_08384,i_01480,i_21094,i_11910,i_31921,i_00724,i_02676,i_00062,i_31952,i_01486,i_11909
u_08385,i_11373,i_10316,i_09591,i_01451,i_03866,i_06533,i_24980,i_17626,i_12567,i_07711
u_08386,i_05899,i_12479,i_04221,i_10120,i_15730,i_17660,i_00122,i_15005,i_14438,i_03592
u_08387,i_02786,i_08754,i_05439,i_08713,i_00027,i_03819,i_02334,i_17924,i_18681,i_00037
u_08388,i_02786,i_14604,i_13084,i_00122,i_01486,i_11373,i_01923,i_08191,i_02276,i_10316
u_08389,i_14604,i_01937,i_05267,i_10930,i_17626,i_02786,i_05349,i_14115,i_05394,i_01430
u_08390,i_01480,i_22342,i_14604,i_31903,i_02596,i_10316,i_02786,i_01937,i_05188,i_02299
u_08391,i_14604,i_31903,i_00122,i_17626,i_01468,i_00062,i_03773,i_21094,i_01998,i_02380
u_08392,i_14604,i_09932,i_05267,i_08355,i_24980,i_11373,i_16000,i_10100,i_05394,i_14640
u_08393,i_01937,i_02786,i_08052,i_14604,i_01468,i_31921,i_01809,i_01523,i_10316,i_02676
u_08394,i_01111,i_10316,i_02786,i_24980,i_03773,i_09052,i_01468,i_01523,i_13690,i_00122
u_08395,i_24980,i_13998,i_11373,i_06228,i_01468,i_17626,i_31921,i_01523,i_02786,i_01937
u_08396,i_01111,i_02786,i_02285,i_00122,i_10316,i_17626,i_03926,i_01523,i_01798,i_02382
u_08397,i_01111,i_10316,i_01468,i_04580,i_14115,i_01998,i_01523,i_08132,i_01937,i_13670
u_08398,i_31921,i_29600,i_21094,i_29639,i_00440,i_01808,i_01937,i_01111,i_00922,i_25690
u_08399,i_01937,i_05267,i_18681,i_14808,i_08132,i_04580,i_18333,i_01430,i_01468,i_10316
u_08400,i_17626,i_10316,i_02786,i_14604,i_02380,i_14808,i_01746,i_00122,i_05472,i_06228
u_08401,i_15615,i_32021,i_15708,i_02031,i_06411,i_00249,i_17108,i_02233,i_00062,i_02731
u_08402,i_10316,i_06228,i_13547,i_14604,i_06533,i_11537,i_17831,i_09124,i_12141,i_00091
u_08403,i_01523,i_14115,i_10316,i_14808,i_06228,i_24980,i_11373,i_08132,i_14604,i_09182
u_08404,i_01480,i_24980,i_06228,i_10316,i_14604,i_10518,i_01523,i_01923,i_00506,i_09275
u_08405,i_17626,i_02786,i_11537,i_14604,i_14115,i_10316,i_02317,i_01523,i_06228,i_13841
u_08406,i_24980,i_10316,i_08132,i_17626,i_14808,i_03926,i_09052,i_05394,i_05439,i_01111
u_08407,i_02786,i_01937,i_11047,i_17626,i_01111,i_04523,i_00062,i_05267,i_05472,i_01468
u_08408,i_08132,i_10100,i_04523,i_02300,i_12072,i_11569,i_14651,i_03829,i_10972,i_02380
u_08409,i_01111,i_14604,i_32112,i_03590,i_24980,i_10316,i_04480,i_27051,i_08132,i_21094
u_08410,i_10316,i_21094,i_17626,i_24980,i_14604,i_00554,i_18139,i_02786,i_05103,i_05296
u_08411,i_11373,i_10316,i_02276,i_06228,i_00145,i_00122,i_09124,i_04254,i_24980,i_01486
u_08412,i_14604,i_17626,i_18333,i_01523,i_02786,i_01468,i_10120,i_02317,i_00122,i_01937
u_08413,i_01480,i_31946,i_21094,i_24980,i_00506,i_00075,i_00122,i_17626,i_02334,i_02319
u_08414,i_21094,i_32040,i_14604,i_24980,i_01468,i_17626,i_18139,i_10316,i_00554,i_31952
u_08415,i_14604,i_05267,i_05439,i_18725,i_10100,i_11365,i_14808,i_11047,i_01998,i_08132
u_08416,i_14604,i_17626,i_14808,i_00428,i_24980,i_01111,i_01937,i_05320,i_00037,i_00122
u_08417,i_10316,i_14604,i_31952,i_01523,i_01480,i_02334,i_02786,i_21094,i_08895,i_00395
u_08418,i_00468,i_08330,i_00011,i_04504,i_10316,i_00928,i_14604,i_02317,i_00922,i_25690
u_08419,i_14604,i_06228,i_01480,i_21094,i_00433,i_01523,i_02786,i_13998,i_17626,i_01111
u_08420,i_00724,i_32040,i_01480,i_01468,i_02786,i_32062,i_12901,i_00462,i_22342,i_00506
u_08421,i_01849,i_03829,i_05786,i_05439,i_09103,i_07370,i_10100,i_13935,i_11537,i_02317
u_08422,i_00506,i_18031,i_02786,i_14604,i_01486,i_02280,i_27675,i_10518,i_25690,i_02213
u_08423,i_02786,i_03773,i_01485,i_02380,i_32048,i_09345,i_04186,i_04692,i_13690,i_02120
u_08424,i_01468,i_14604,i_10316,i_01937,i_01480,i_21094,i_02786,i_02683,i_01523,i_17626
u_08425,i_24980,i_02317,i_14604,i_10316,i_31952,i_01486,i_01165,i_11576,i_02380,i_00724
u_08426,i_10316,i_21094,i_00506,i_01480,i_00930,i_28278,i_17626,i_01468,i_00122,i_24980
u_08427,i_00948,i_01523,i_14604,i_01486,i_01111,i_05267,i_13651,i_00468,i_24980,i_02136
u_08428,i_00612,i_00865,i_17626,i_21094,i_27051,i_00389,i_17924,i_00395,i_31891,i_21033
u_08429,i_11342,i_05976,i_11331,i_08539,i_04524,i_10930,i_10895,i_08801,i_05167,i_11047
u_08430,i_14604,i_31952,i_00122,i_01468,i_11373,i_24980,i_21094,i_10120,i_32129,i_01485
u_08431,i_01129,i_00122,i_00057,i_21094,i_31952,i_01158,i_12430,i_00023,i_24980,i_00395
u_08432,i_01111,i_07089,i_00122,i_11055,i_14604,i_09383,i_02786,i_11373,i_17626,i_18333
u_08433,i_01480,i_10518,i_25535,i_14604,i_17924,i_02334,i_17626,i_00311,i_00303,i_21094
u_08434,i_24980,i_11373,i_06071,i_06228,i_05354,i_09436,i_10316,i_02313,i_15005,i_02704
u_08435,i_01810,i_09345,i_11055,i_28982,i_05394,i_06450,i_01129,i_11910,i_01868,i_02317
u_08436,i_14120,i_03397,i_11047,i_04692,i_04679,i_01480,i_00062,i_09182,i_02631,i_14604
u_08437,i_21094,i_08518,i_05569,i_00870,i_18031,i_00506,i_03773,i_00440,i_05700,i_02435
u_08438,i_01480,i_10518,i_17923,i_01523,i_10316,i_02786,i_06228,i_02720,i_02297,i_01827
u_08439,i_04692,i_02111,i_23257,i_09948,i_14173,i_06017,i_04254,i_09247,i_13489,i_02520
u_08440,i_10316,i_02317,i_05103,i_17626,i_22342,i_03568,i_02079,i_02297,i_06533,i_13670
u_08441,i_10353,i_10509,i_17904,i_13883,i_07370,i_10781,i_10972,i_11537,i_19432,i_07587
u_08442,i_16183,i_02154,i_02279,i_08596,i_01135,i_02359,i_10133,i_00389,i_02090,i_32048
u_08443,i_14604,i_11548,i_08132,i_14115,i_01485,i_00492,i_02031,i_09052,i_13690,i_05472
u_08444,i_05267,i_14604,i_00027,i_18681,i_24980,i_21094,i_04578,i_31921,i_17626,i_02399
u_08445,i_10316,i_09591,i_03678,i_09461,i_14604,i_05653,i_02381,i_07061,i_05493,i_05677
u_08446,i_05901,i_07263,i_00389,i_03590,i_00395,i_01479,i_04254,i_02274,i_17108,i_03319
u_08447,i_14604,i_11373,i_09345,i_17108,i_14115,i_05493,i_10930,i_04580,i_32129,i_08191
u_08448,i_02380,i_02810,i_11047,i_02541,i_02317,i_02244,i_13690,i_14074,i_02111,i_04181
u_08449,i_03781,i_05418,i_02229,i_09027,i_02321,i_01135,i_02382,i_01827,i_14844,i_00395
u_08450,i_01480,i_02299,i_24980,i_10518,i_31903,i_00075,i_11348,i_14604,i_01808,i_02317
u_08451,i_10316,i_01849,i_17626,i_02136,i_05103,i_14984,i_00389,i_02079,i_02209,i_01468
u_08452,i_00878,i_01111,i_02111,i_03590,i_02541,i_27051,i_04692,i_04527,i_17687,i_05472
u_08453,i_14604,i_05394,i_00037,i_01808,i_01937,i_02786,i_05267,i_24980,i_05349,i_03819
u_08454,i_10316,i_01111,i_26940,i_21094,i_14604,i_09934,i_17626,i_24980,i_02136,i_09461
u_08455,i_17108,i_17119,i_01111,i_01523,i_02786,i_02380,i_02335,i_01937,i_08052,i_02317
u_08456,i_08881,i_09842,i_17626,i_24980,i_06241,i_01827,i_32048,i_21094,i_00122,i_11373
u_08457,i_00122,i_00057,i_06228,i_01827,i_22342,i_24980,i_02313,i_00433,i_02382,i_01486
u_08458,i_10316,i_24980,i_00122,i_00389,i_01135,i_12430,i_03866,i_01111,i_31952,i_02279
u_08459,i_08713,i_02786,i_01523,i_01937,i_24980,i_14604,i_31952,i_10316,i_02415,i_03304
u_08460,i_05800,i_02136,i_09345,i_02336,i_02417,i_02380,i_05797,i_17626,i_05472,i_14604
u_08461,i_10316,i_21094,i_05267,i_13651,i_07429,i_13673,i_01111,i_06783,i_14604,i_05342
u_08462,i_00011,i_00303,i_00433,i_21094,i_02105,i_24980,i_01480,i_01486,i_17626,i_18139
u_08463,i_00122,i_24980,i_01111,i_02786,i_17626,i_07567,i_01523,i_14808,i_21094,i_10316
u_08464,i_14604,i_02136,i_31921,i_21094,i_00155,i_00506,i_00575,i_10316,i_02786,i_17626
u_08465,i_17626,i_03319,i_10316,i_06228,i_14221,i_00122,i_03773,i_10995,i_02136,i_14604
u_08466,i_02366,i_10316,i_09591,i_04221,i_32129,i_00724,i_17660,i_00037,i_02111,i_14604
u_08467,i_10316,i_14604,i_03151,i_00126,i_03773,i_01937,i_00037,i_00062,i_00468,i_07520
u_08468,i_31903,i_11910,i_17923,i_14604,i_24302,i_02334,i_00365,i_17626,i_00155,i_17924
u_08469,i_01741,i_00310,i_24980,i_01480,i_17626,i_10316,i_01468,i_17108,i_21094,i_05493
u_08470,i_14604,i_01468,i_02786,i_02317,i_05472,i_02299,i_01202,i_09345,i_02417,i_09275
u_08471,i_01111,i_01937,i_05267,i_06228,i_11910,i_11373,i_01998,i_14808,i_10316,i_11348
u_08472,i_05267,i_01937,i_11047,i_24980,i_02786,i_01468,i_08132,i_17108,i_14604,i_05349
u_08473,i_24980,i_17924,i_25535,i_01480,i_02786,i_01937,i_17626,i_01523,i_11910,i_02334
u_08474,i_00540,i_11331,i_11373,i_01111,i_05394,i_05786,i_09345,i_15802,i_04580,i_05493
u_08475,i_01205,i_02440,i_00029,i_01454,i_01443,i_03796,i_31989,i_01546,i_00472,i_00934
u_08476,i_12186,i_08544,i_00122,i_03319,i_00761,i_04221,i_29164,i_02235,i_02382,i_13850
u_08477,i_02786,i_04527,i_01523,i_05103,i_24980,i_01937,i_10316,i_17626,i_14604,i_02380
u_08478,i_01111,i_05267,i_00122,i_01937,i_05394,i_23257,i_04580,i_03616,i_21849,i_06432
u_08479,i_24980,i_31921,i_11373,i_02786,i_00122,i_01923,i_21094,i_12084,i_14604,i_31952
u_08480,i_03773,i_10316,i_02235,i_25690,i_07520,i_31921,i_31741,i_01998,i_00011,i_00724
u_08481,i_05267,i_18681,i_04578,i_01523,i_14808,i_07171,i_09345,i_01468,i_01430,i_01998
u_08482,i_14604,i_29639,i_01129,i_24980,i_01486,i_21094,i_29600,i_00122,i_02382,i_02631
u_08483,i_01468,i_17626,i_14604,i_01523,i_02317,i_07520,i_02417,i_32112,i_12061,i_08132
u_08484,i_01480,i_24980,i_10316,i_11373,i_14604,i_01111,i_17626,i_00122,i_02786,i_31903
u_08485,i_11373,i_01480,i_24980,i_00011,i_14604,i_31902,i_10120,i_02786,i_03866,i_11569
u_08486,i_24980,i_01480,i_02786,i_01998,i_11373,i_11910,i_28982,i_17626,i_02563,i_12430
u_08487,i_11047,i_09345,i_01523,i_04277,i_03678,i_05267,i_10930,i_02827,i_00037,i_03302
u_08488,i_03567,i_16920,i_17108,i_16877,i_01827,i_01135,i_00057,i_00852,i_10316,i_02228
u_08489,i_01937,i_00468,i_06412,i_05267,i_24980,i_01739,i_07370,i_05786,i_14604,i_01998
u_08490,i_09842,i_01135,i_12430,i_32108,i_00122,i_02725,i_02321,i_02111,i_03590,i_00389
u_08491,i_21094,i_02382,i_01044,i_08895,i_17626,i_18312,i_17670,i_12901,i_00389,i_10316
u_08492,i_17626,i_21094,i_10316,i_11910,i_06228,i_11373,i_01480,i_13084,i_29164,i_01468
u_08493,i_07089,i_18333,i_22342,i_11055,i_11373,i_10316,i_01111,i_12282,i_11386,i_05354
u_08494,i_04413,i_01097,i_03302,i_00776,i_24980,i_21094,i_10316,i_03468,i_01645,i_05407
u_08495,i_10316,i_01523,i_02031,i_24980,i_21094,i_25690,i_00506,i_00470,i_00011,i_17626
u_08496,i_01480,i_28982,i_14604,i_02786,i_01468,i_00211,i_06228,i_17626,i_28547,i_08895
u_08497,i_02786,i_14604,i_01937,i_05267,i_01523,i_08132,i_14808,i_00126,i_01111,i_03773
u_08498,i_01111,i_10316,i_02380,i_11047,i_11548,i_17108,i_09436,i_00377,i_00492,i_02596
u_08499,i_01480,i_08881,i_11909,i_32037,i_08518,i_01827,i_09009,i_11910,i_00523,i_31903
u_08500,i_10518,i_04102,i_17923,i_00204,i_17924,i_11910,i_02786,i_17626,i_31952,i_32040
u_08501,i_10316,i_14604,i_06466,i_02235,i_01937,i_04480,i_31950,i_04181,i_01468,i_11373
u_08502,i_00037,i_01430,i_03829,i_09345,i_11537,i_02317,i_02209,i_01111,i_02541,i_04254
u_08503,i_01480,i_01430,i_02786,i_24302,i_00037,i_25535,i_01798,i_02334,i_17108,i_08713
u_08504,i_01111,i_01849,i_14604,i_03773,i_11047,i_05267,i_12407,i_02786,i_02827,i_01937
u_08505,i_05267,i_01480,i_01468,i_11373,i_01937,i_05394,i_07171,i_01998,i_10316,i_13084
u_08506,i_24980,i_01480,i_31946,i_28547,i_00153,i_17626,i_00306,i_12430,i_16877,i_07061
u_08507,i_10316,i_11373,i_02105,i_03865,i_01937,i_02136,i_02317,i_24980,i_14604,i_08132
u_08508,i_31921,i_21094,i_17626,i_00470,i_24980,i_14604,i_02725,i_17108,i_00724,i_02786
u_08509,i_17626,i_01480,i_01523,i_31921,i_01468,i_01937,i_10202,i_14115,i_21094,i_03151
u_08510,i_10518,i_01480,i_31903,i_00303,i_02022,i_14604,i_24980,i_07576,i_31983,i_00433
u_08511,i_17626,i_17389,i_21033,i_08895,i_14604,i_00122,i_00428,i_00060,i_10316,i_05786
u_08512,i_05296,i_05267,i_21094,i_24980,i_09345,i_01849,i_01523,i_13950,i_05694,i_00011
u_08513,i_17626,i_00122,i_07263,i_29600,i_10120,i_02136,i_11373,i_01764,i_14604,i_24980
u_08514,i_02380,i_05797,i_12728,i_01523,i_01810,i_02786,i_02596,i_07520,i_09009,i_11365
u_08515,i_01998,i_10509,i_11373,i_12061,i_15802,i_08132,i_09345,i_11910,i_13084,i_14808
u_08516,i_10518,i_24980,i_14604,i_17923,i_01937,i_04102,i_17626,i_01430,i_00204,i_02334
u_08517,i_21094,i_14604,i_00154,i_00163,i_10316,i_06223,i_02786,i_00724,i_00162,i_11055
u_08518,i_10316,i_01468,i_00922,i_04191,i_24980,i_12141,i_02209,i_01111,i_03829,i_01746
u_08519,i_00122,i_17626,i_14604,i_01480,i_03773,i_32040,i_31952,i_00011,i_02334,i_12430
u_08520,i_00250,i_17626,i_21094,i_08895,i_24980,i_06459,i_06473,i_31952,i_00057,i_12901
u_08521,i_00724,i_24980,i_01937,i_05267,i_05786,i_14604,i_01158,i_01129,i_00791,i_11373
u_08522,i_01523,i_01468,i_02079,i_10316,i_02317,i_05103,i_14604,i_00062,i_01937,i_14115
u_08523,i_14604,i_01937,i_02786,i_09345,i_05267,i_02827,i_04578,i_01798,i_17626,i_05394
u_08524,i_01937,i_04578,i_02415,i_11365,i_11483,i_11373,i_03829,i_08754,i_00027,i_24980
u_08525,i_11373,i_06228,i_14604,i_02631,i_00395,i_10316,i_02235,i_02111,i_00389,i_01937
u_08526,i_04504,i_02393,i_00724,i_00852,i_01486,i_00470,i_01849,i_31921,i_03226,i_17626
u_08527,i_01480,i_10316,i_01827,i_17626,i_03302,i_01485,i_08895,i_31921,i_04033,i_24980
u_08528,i_14604,i_05267,i_04580,i_14808,i_02786,i_24980,i_00122,i_11910,i_05394,i_01937
u_08529,i_01480,i_00433,i_02786,i_07370,i_22342,i_28547,i_02318,i_14604,i_02283,i_02297
u_08530,i_01480,i_11373,i_00755,i_05472,i_14604,i_11919,i_29117,i_09275,i_05034,i_12320
u_08531,i_11373,i_10316,i_11107,i_00122,i_09591,i_11386,i_13423,i_01202,i_12282,i_02725
u_08532,i_09136,i_07752,i_17344,i_22040,i_11716,i_08232,i_32018,i_07567,i_11714,i_31898
u_08533,i_04033,i_01496,i_01076,i_24980,i_00716,i_01476,i_05354,i_01480,i_00057,i_00122
u_08534,i_32048,i_02786,i_01496,i_11047,i_00428,i_00724,i_14604,i_03397,i_05786,i_05653
u_08535,i_01937,i_11576,i_21094,i_10316,i_24980,i_01202,i_14604,i_11918,i_01523,i_02317
u_08536,i_01044,i_03397,i_10316,i_10353,i_09327,i_00725,i_01849,i_07323,i_07370,i_00716
u_08537,i_14604,i_31921,i_17626,i_00724,i_00122,i_01808,i_10316,i_01468,i_11373,i_02786
u_08538,i_21094,i_10316,i_00468,i_00011,i_02786,i_17626,i_31946,i_31952,i_17924,i_14604
u_08539,i_01485,i_03865,i_00716,i_01135,i_02228,i_01111,i_32048,i_29117,i_17108,i_08881
u_08540,i_14604,i_13651,i_05267,i_02676,i_01937,i_02334,i_01798,i_21094,i_17924,i_07520
u_08541,i_08193,i_04548,i_05642,i_02725,i_09442,i_13253,i_04585,i_09592,i_00145,i_12282
u_08542,i_03773,i_21094,i_03468,i_05103,i_02136,i_01486,i_01937,i_00506,i_23257,i_03865
u_08543,i_01111,i_04480,i_14604,i_01937,i_14115,i_05653,i_08132,i_04181,i_04478,i_09052
u_08544,i_09623,i_29600,i_02276,i_00122,i_32129,i_06883,i_01539,i_02236,i_02609,i_01827
u_08545,i_01480,i_24980,i_28982,i_07576,i_10518,i_17923,i_06473,i_04639,i_02313,i_04711
u_08546,i_01480,i_14604,i_31952,i_10316,i_21094,i_11373,i_06228,i_08895,i_02786,i_00122
u_08547,i_10316,i_05677,i_02487,i_01523,i_10761,i_02786,i_03773,i_01111,i_03650,i_04692
u_08548,i_05394,i_01937,i_01111,i_17108,i_00062,i_02282,i_32040,i_03151,i_05267,i_00126
u_08549,i_06228,i_10316,i_17626,i_07587,i_07524,i_11543,i_06241,i_00122,i_02382,i_32048
u_08550,i_31741,i_21094,i_31946,i_18139,i_02136,i_00506,i_00586,i_14604,i_08431,i_09124
u_08551,i_01937,i_05103,i_02213,i_10316,i_01480,i_17626,i_01468,i_14604,i_02676,i_02282
u_08552,i_01808,i_05267,i_24980,i_14604,i_10316,i_06228,i_06068,i_17626,i_01937,i_05394
u_08553,i_17901,i_10781,i_13290,i_02720,i_15005,i_17660,i_15902,i_03678,i_03397,i_01496
u_08554,i_01468,i_14604,i_00122,i_31903,i_00062,i_00791,i_17924,i_02676,i_09052,i_01480
u_08555,i_24980,i_31946,i_02683,i_01480,i_01486,i_03773,i_00433,i_00311,i_00554,i_02334
u_08556,i_11373,i_14604,i_21094,i_05267,i_13084,i_10120,i_02764,i_08855,i_10316,i_00725
u_08557,i_18031,i_00922,i_00554,i_00075,i_00091,i_02105,i_24019,i_02280,i_00870,i_05569
u_08558,i_10509,i_14604,i_18333,i_06533,i_10316,i_01468,i_01480,i_11373,i_24980,i_01111
u_08559,i_14604,i_05267,i_05394,i_01998,i_08754,i_04578,i_24980,i_18681,i_01937,i_11365
u_08560,i_21094,i_16877,i_04984,i_07323,i_08518,i_00725,i_01542,i_02954,i_04254,i_03866
u_08561,i_05267,i_05349,i_05394,i_02786,i_01937,i_24980,i_01111,i_11373,i_01523,i_18681
u_08562,i_09934,i_14984,i_01479,i_02111,i_04171,i_02440,i_09643,i_02279,i_01807,i_00145
u_08563,i_00725,i_07389,i_25337,i_11386,i_13084,i_06228,i_07567,i_01545,i_20190,i_02720
u_08564,i_00122,i_02786,i_10316,i_14604,i_01111,i_01480,i_06228,i_12430,i_00057,i_09345
u_08565,i_31993,i_01480,i_08895,i_02786,i_01827,i_31952,i_00306,i_08881,i_16877,i_14604
u_08566,i_14604,i_10316,i_01523,i_14808,i_06228,i_09052,i_18217,i_05439,i_02786,i_01937
u_08567,i_08428,i_04300,i_04089,i_04186,i_12365,i_14452,i_04297,i_04298,i_15802,i_15902
u_08568,i_16000,i_14844,i_21849,i_20808,i_05394,i_08132,i_11145,i_14483,i_05267,i_05652
u_08569,i_11543,i_09345,i_13122,i_06450,i_00755,i_07567,i_09635,i_06228,i_17108,i_13290
u_08570,i_01523,i_06228,i_11373,i_03773,i_24980,i_10316,i_01485,i_05267,i_14604,i_01111
u_08571,i_16920,i_21094,i_31952,i_00922,i_08518,i_00075,i_00311,i_00306,i_14604,i_00440
u_08572,i_01480,i_17626,i_10316,i_14604,i_28547,i_31946,i_00586,i_10518,i_04191,i_02683
u_08573,i_14808,i_14604,i_05490,i_20808,i_11373,i_21849,i_01937,i_00062,i_01523,i_02229
u_08574,i_31921,i_00163,i_00154,i_14604,i_00440,i_21094,i_03773,i_18031,i_03151,i_02136
u_08575,i_24980,i_03151,i_01480,i_01937,i_00122,i_02786,i_01849,i_11910,i_01111,i_14604
u_08576,i_00062,i_02786,i_14604,i_07520,i_01480,i_14115,i_02209,i_02954,i_00468,i_10316
u_08577,i_05267,i_02786,i_24980,i_31903,i_01480,i_05394,i_01937,i_11910,i_05187,i_11373
u_08578,i_00928,i_00468,i_09124,i_03773,i_02244,i_02136,i_03829,i_00870,i_04504,i_14984
u_08579,i_14604,i_01480,i_08895,i_01111,i_01468,i_31952,i_00060,i_00023,i_02786,i_00395
u_08580,i_03302,i_04984,i_01827,i_10995,i_02954,i_11373,i_02276,i_01097,i_01496,i_00057
u_08581,i_01430,i_10316,i_05267,i_32129,i_17108,i_01810,i_00126,i_06441,i_14604,i_05394
u_08582,i_02299,i_02380,i_08801,i_02596,i_01523,i_17108,i_08396,i_01937,i_05180,i_05267
u_08583,i_01468,i_24980,i_02786,i_00122,i_14604,i_06228,i_01480,i_10316,i_01111,i_21094
u_08584,i_12061,i_14604,i_11373,i_05267,i_24980,i_00122,i_10316,i_15802,i_21849,i_13084
u_08585,i_24980,i_17626,i_11373,i_05267,i_01480,i_14808,i_00122,i_02786,i_28982,i_31903
u_08586,i_14604,i_01486,i_01523,i_24980,i_01468,i_02334,i_07520,i_00062,i_00468,i_31921
u_08587,i_00725,i_16607,i_19587,i_07389,i_06228,i_12345,i_07567,i_22653,i_16216,i_15005
u_08588,i_08895,i_01480,i_14604,i_17626,i_03567,i_11909,i_16877,i_00122,i_21094,i_11910
u_08589,i_11373,i_24980,i_02786,i_03304,i_06228,i_02276,i_00122,i_01135,i_02080,i_13084
u_08590,i_02080,i_10316,i_06228,i_02954,i_11386,i_13841,i_03085,i_02720,i_01545,i_01075
u_08591,i_10518,i_14604,i_31952,i_24980,i_00303,i_28982,i_00468,i_02786,i_00011,i_21094
u_08592,i_01523,i_10316,i_01937,i_05267,i_11910,i_02786,i_24980,i_01480,i_17626,i_14115
u_08593,i_01937,i_03773,i_05267,i_01523,i_14115,i_01468,i_01480,i_08132,i_11483,i_03151
u_08594,i_08895,i_17626,i_02382,i_00428,i_01286,i_00122,i_00761,i_00389,i_31993,i_02314
u_08595,i_14604,i_24980,i_17626,i_00395,i_09345,i_17108,i_11373,i_09948,i_01111,i_05786
u_08596,i_14604,i_24980,i_01480,i_21094,i_01645,i_01522,i_11373,i_10120,i_01937,i_04277
u_08597,i_14604,i_00023,i_10316,i_24980,i_17626,i_21094,i_01645,i_12901,i_02105,i_00122
u_08598,i_10316,i_01111,i_01486,i_01808,i_17626,i_24980,i_14604,i_02317,i_09934,i_01937
u_08599,i_04603,i_02316,i_08091,i_07587,i_05775,i_09070,i_02741,i_05763,i_02098,i_10699
u_08600,i_11373,i_24980,i_10972,i_32048,i_12430,i_09635,i_17626,i_01827,i_01496,i_02704
u_08601,i_24980,i_17626,i_02246,i_14604,i_13841,i_13547,i_09345,i_10100,i_00776,i_08132
u_08602,i_11373,i_24980,i_08355,i_01468,i_02300,i_01998,i_01480,i_05394,i_06450,i_09345
u_08603,i_00122,i_01111,i_05394,i_00377,i_02631,i_11348,i_00395,i_00037,i_01798,i_02228
u_08604,i_09592,i_00878,i_11800,i_09635,i_10781,i_10316,i_05668,i_01803,i_06228,i_17904
u_08605,i_22342,i_24980,i_06907,i_01545,i_12785,i_04191,i_11107,i_09010,i_01523,i_02317
u_08606,i_07520,i_00155,i_02786,i_01523,i_17626,i_02415,i_14115,i_10316,i_02334,i_21094
u_08607,i_04578,i_11910,i_24980,i_09052,i_01111,i_11373,i_14808,i_05394,i_05267,i_01468
u_08608,i_04603,i_10316,i_06952,i_09070,i_06951,i_08091,i_24980,i_07587,i_21094,i_00122
u_08609,i_01468,i_10316,i_24302,i_01523,i_26936,i_17626,i_14604,i_01937,i_00011,i_01480
u_08610,i_01937,i_18681,i_05267,i_07520,i_01808,i_17626,i_24980,i_31921,i_00062,i_02827
u_08611,i_01480,i_11910,i_01111,i_10518,i_02334,i_17924,i_02786,i_28982,i_01937,i_11909
u_08612,i_10316,i_24980,i_04692,i_19432,i_01523,i_11373,i_08132,i_12072,i_02136,i_09383
u_08613,i_17626,i_03678,i_01523,i_14604,i_02136,i_02786,i_27051,i_04480,i_02079,i_04181
u_08614,i_10316,i_11373,i_07389,i_05472,i_06228,i_29117,i_13690,i_04181,i_02111,i_04377
u_08615,i_01904,i_09345,i_04218,i_05267,i_01937,i_08059,i_01402,i_05901,i_03319,i_02541
u_08616,i_03773,i_01937,i_08132,i_17626,i_04637,i_03926,i_02079,i_14604,i_05416,i_13998
u_08617,i_01523,i_02380,i_10316,i_01468,i_02786,i_01537,i_07520,i_14604,i_01764,i_01937
u_08618,i_04480,i_06582,i_04181,i_14604,i_04478,i_01937,i_10316,i_02111,i_00793,i_01485
u_08619,i_06533,i_10316,i_00870,i_21094,i_01111,i_22342,i_14604,i_05267,i_00122,i_06228
u_08620,i_03606,i_10316,i_00145,i_00122,i_02725,i_01111,i_10995,i_02631,i_02954,i_04679
u_08621,i_09345,i_31898,i_13935,i_00523,i_02954,i_08191,i_02313,i_03397,i_01135,i_17670
u_08622,i_11373,i_24980,i_04033,i_01539,i_10316,i_02276,i_01476,i_17626,i_05354,i_03567
u_08623,i_01480,i_11373,i_10316,i_11910,i_21094,i_03773,i_08132,i_02786,i_02334,i_11909
u_08624,i_00539,i_12612,i_01937,i_02786,i_25535,i_28984,i_00126,i_05786,i_00037,i_09345
u_08625,i_01480,i_01108,i_28982,i_10518,i_09436,i_28880,i_01746,i_01798,i_08754,i_02297
u_08626,i_21094,i_00724,i_17626,i_14604,i_03590,i_25690,i_01480,i_31921,i_00395,i_17389
u_08627,i_01468,i_10316,i_02786,i_24980,i_05267,i_03773,i_14604,i_01480,i_28984,i_21094
u_08628,i_14604,i_01480,i_06228,i_10316,i_00155,i_02786,i_00724,i_14115,i_00470,i_11910
u_08629,i_04480,i_27051,i_01468,i_01111,i_10316,i_02786,i_06882,i_00395,i_01937,i_02333
u_08630,i_07587,i_04603,i_02276,i_07370,i_19432,i_15005,i_12567,i_10316,i_01923,i_04585
u_08631,i_01480,i_11373,i_17924,i_14604,i_29639,i_12430,i_10518,i_31952,i_21094,i_01485
u_08632,i_24980,i_05786,i_10316,i_03397,i_11910,i_14604,i_17626,i_11107,i_06228,i_09436
u_08633,i_10316,i_24696,i_24019,i_02273,i_02136,i_07524,i_03262,i_22897,i_06952,i_06228
u_08634,i_00011,i_00311,i_02676,i_01486,i_00091,i_02786,i_00470,i_00077,i_31946,i_00362
u_08635,i_02393,i_16920,i_01486,i_00554,i_04504,i_21094,i_18031,i_00226,i_00922,i_02786
u_08636,i_17626,i_14604,i_10316,i_03866,i_00755,i_10509,i_02300,i_05786,i_24980,i_11543
u_08637,i_12562,i_01486,i_00122,i_21094,i_16877,i_14604,i_12430,i_11910,i_01496,i_12282
u_08638,i_01451,i_02786,i_03866,i_11373,i_17626,i_24980,i_10316,i_14604,i_17108,i_01099
u_08639,i_10057,i_02154,i_01993,i_02304,i_03319,i_10316,i_02680,i_02359,i_08193,i_05901
u_08640,i_01480,i_17924,i_10518,i_31952,i_21094,i_28982,i_17626,i_16877,i_00306,i_02786
u_08641,i_24980,i_23257,i_01849,i_01523,i_11047,i_01937,i_04692,i_08132,i_01998,i_15119
u_08642,i_00238,i_01131,i_08293,i_31921,i_00506,i_00227,i_13651,i_02435,i_17626,i_02317
u_08643,i_05267,i_08132,i_10120,i_03773,i_01937,i_00122,i_05394,i_01111,i_14604,i_10316
u_08644,i_17626,i_01523,i_01468,i_14604,i_00468,i_24980,i_00122,i_01111,i_05267,i_01937
u_08645,i_14604,i_02786,i_24980,i_01523,i_00776,i_10316,i_00122,i_11373,i_06228,i_17626
u_08646,i_14604,i_10316,i_11373,i_24980,i_01937,i_10120,i_09052,i_08132,i_05267,i_06228
u_08647,i_01468,i_14604,i_10316,i_17626,i_02235,i_00122,i_21094,i_08132,i_05267,i_03829
u_08648,i_05103,i_10316,i_01937,i_16920,i_14604,i_02786,i_17626,i_00724,i_14984,i_05710
u_08649,i_00122,i_14604,i_31952,i_02786,i_24980,i_01135,i_10316,i_21094,i_03304,i_01468
u_08650,i_00395,i_31741,i_01486,i_24980,i_08895,i_21094,i_09009,i_01480,i_17626,i_26940
u_08651,i_06228,i_11373,i_02563,i_10316,i_10781,i_00724,i_04221,i_03302,i_12282,i_05354
u_08652,i_24980,i_10995,i_11373,i_01937,i_09070,i_04580,i_14808,i_05394,i_08132,i_10316
u_08653,i_24980,i_14604,i_03678,i_02136,i_02786,i_01523,i_03773,i_31921,i_01545,i_21094
u_08654,i_17626,i_02228,i_00395,i_08895,i_21094,i_32108,i_03302,i_01206,i_22342,i_00122
u_08655,i_14604,i_24980,i_03369,i_00122,i_17108,i_08191,i_19432,i_06441,i_00037,i_21094
u_08656,i_09345,i_05786,i_05490,i_00540,i_04580,i_12430,i_03397,i_02300,i_13950,i_00755
u_08657,i_14604,i_17626,i_11047,i_01764,i_06397,i_23257,i_01479,i_05267,i_10120,i_05394
u_08658,i_02334,i_02415,i_10930,i_03829,i_05267,i_11365,i_14604,i_14808,i_04578,i_05167
u_08659,i_14604,i_09383,i_11373,i_01111,i_11569,i_01998,i_14074,i_04692,i_06534,i_05439
u_08660,i_14604,i_01111,i_24980,i_10316,i_17626,i_06228,i_00122,i_05267,i_01523,i_04580
u_08661,i_14604,i_17626,i_01111,i_21094,i_11373,i_31921,i_05267,i_02317,i_06228,i_00126
u_08662,i_14604,i_05267,i_10316,i_01523,i_03865,i_01937,i_01111,i_11910,i_11373,i_14808
u_08663,i_08193,i_00122,i_01468,i_21094,i_05212,i_00389,i_10316,i_11373,i_04480,i_27051
u_08664,i_02755,i_01827,i_02228,i_24980,i_12901,i_01206,i_29164,i_02080,i_00122,i_03616
u_08665,i_01480,i_14604,i_10316,i_05267,i_01111,i_11910,i_04580,i_00027,i_09345,i_21094
u_08666,i_17108,i_02136,i_04191,i_02297,i_10316,i_01937,i_01097,i_01827,i_06228,i_08132
u_08667,i_24980,i_10316,i_01480,i_11373,i_06228,i_28982,i_05267,i_01523,i_00122,i_19751
u_08668,i_04480,i_05212,i_00793,i_14604,i_04585,i_08193,i_02359,i_01486,i_21094,i_03590
u_08669,i_10316,i_14604,i_06228,i_00122,i_02563,i_01468,i_32108,i_02786,i_01476,i_09027
u_08670,i_07089,i_10316,i_11055,i_01523,i_11373,i_01937,i_24980,i_18333,i_04580,i_14115
u_08671,i_02111,i_05024,i_02417,i_04434,i_13775,i_22320,i_08125,i_13290,i_13690,i_01485
u_08672,i_11373,i_03866,i_24980,i_10316,i_03869,i_10120,i_00122,i_00145,i_02954,i_02407
u_08673,i_02786,i_00389,i_24302,i_02634,i_21094,i_02676,i_13690,i_11373,i_25535,i_02623
u_08674,i_01111,i_14604,i_05267,i_10316,i_17626,i_11373,i_00122,i_04692,i_10120,i_24980
u_08675,i_01468,i_01111,i_14604,i_00122,i_10316,i_01523,i_01937,i_05472,i_03829,i_02596
u_08676,i_14604,i_02786,i_05267,i_01937,i_14808,i_02827,i_08191,i_00037,i_01111,i_00428
u_08677,i_01480,i_04102,i_17923,i_10518,i_01868,i_04549,i_31903,i_09275,i_00365,i_00315
u_08678,i_05267,i_01523,i_10316,i_08862,i_05394,i_00037,i_03819,i_05167,i_11365,i_13084
u_08679,i_01468,i_02213,i_04504,i_14604,i_02786,i_03773,i_24980,i_01486,i_07061,i_07263
u_08680,i_14604,i_17923,i_06736,i_11800,i_01938,i_21094,i_14984,i_00539,i_02022,i_01480
u_08681,i_05213,i_09842,i_11910,i_01937,i_05267,i_01480,i_10316,i_14604,i_14173,i_02415
u_08682,i_14604,i_05267,i_01937,i_02786,i_18681,i_01468,i_17108,i_24980,i_01480,i_02334
u_08683,i_01480,i_11373,i_10316,i_01523,i_01937,i_14808,i_02334,i_02276,i_05267,i_01468
u_08684,i_02786,i_01480,i_17626,i_24980,i_05267,i_10316,i_01468,i_11373,i_02334,i_01523
u_08685,i_17831,i_07983,i_13499,i_06228,i_02954,i_15902,i_10100,i_00776,i_07370,i_00062
u_08686,i_14604,i_01937,i_02786,i_13651,i_10316,i_01480,i_31952,i_00122,i_01523,i_00928
u_08687,i_14604,i_11910,i_01480,i_01523,i_11373,i_21094,i_00122,i_18333,i_04580,i_01468
u_08688,i_14604,i_24980,i_10316,i_17626,i_14808,i_06228,i_23257,i_13705,i_02334,i_09345
u_08689,i_05267,i_11910,i_17626,i_10316,i_02300,i_01523,i_01111,i_04578,i_18217,i_14808
u_08690,i_01937,i_01523,i_14604,i_03678,i_00037,i_00062,i_11373,i_03829,i_31950,i_00011
u_08691,i_11373,i_11910,i_01496,i_02631,i_14604,i_10316,i_02276,i_01523,i_17626,i_03302
u_08692,i_00725,i_01476,i_04442,i_02874,i_02413,i_05852,i_09635,i_13291,i_31741,i_03818
u_08693,i_10316,i_24980,i_05267,i_11910,i_04578,i_01430,i_14808,i_01468,i_18681,i_03773
u_08694,i_11910,i_01480,i_13998,i_05439,i_03773,i_14808,i_06228,i_01430,i_09345,i_10120
u_08695,i_24980,i_14604,i_01480,i_21094,i_08518,i_10316,i_17626,i_01937,i_01430,i_05267
u_08696,i_24980,i_03567,i_09471,i_16877,i_05354,i_15902,i_12320,i_10719,i_00725,i_10781
u_08697,i_02507,i_02417,i_17108,i_05472,i_01111,i_01923,i_00073,i_05493,i_05267,i_01523
u_08698,i_17626,i_11569,i_01111,i_02786,i_05267,i_23257,i_24980,i_01485,i_09182,i_04181
u_08699,i_09842,i_02784,i_02415,i_01904,i_01485,i_00122,i_01937,i_27051,i_01993,i_02111
u_08700,i_24980,i_10518,i_28982,i_17626,i_14604,i_17924,i_00062,i_10316,i_21094,i_01468
u_08701,i_02786,i_14604,i_02380,i_01523,i_07520,i_02299,i_01937,i_01798,i_05267,i_24980
u_08702,i_11373,i_01523,i_11055,i_10316,i_06228,i_05267,i_08132,i_01468,i_01923,i_00037
u_08703,i_05267,i_05167,i_14604,i_03866,i_05394,i_24980,i_06397,i_11365,i_02786,i_08754
u_08704,i_00062,i_14604,i_11373,i_03773,i_13651,i_00362,i_31921,i_01111,i_01937,i_10316
u_08705,i_05267,i_01480,i_24980,i_01937,i_01523,i_10316,i_02786,i_17626,i_05394,i_13084
u_08706,i_13547,i_00057,i_14604,i_24980,i_00122,i_05652,i_05267,i_01480,i_32048,i_03397
u_08707,i_01480,i_14604,i_21094,i_24980,i_21033,i_17626,i_17924,i_31921,i_10518,i_12901
u_08708,i_24980,i_17626,i_03397,i_00122,i_09345,i_14604,i_11373,i_02786,i_01485,i_10316
u_08709,i_00122,i_05267,i_01111,i_31952,i_03773,i_01468,i_01937,i_14604,i_31741,i_12430
u_08710,i_21094,i_28278,i_02786,i_31741,i_04102,i_00155,i_10316,i_07576,i_01486,i_00395
u_08711,i_17626,i_00395,i_02313,i_00057,i_14604,i_08895,i_03567,i_24980,i_32108,i_00122
u_08712,i_10353,i_02720,i_28547,i_17904,i_02280,i_02136,i_05267,i_11047,i_10316,i_01486
u_08713,i_02725,i_03866,i_12430,i_00122,i_00755,i_02382,i_01135,i_09659,i_02313,i_08895
u_08714,i_01937,i_05267,i_01523,i_00062,i_14115,i_03829,i_11910,i_08132,i_05797,i_14808
u_08715,i_17626,i_00928,i_02209,i_31952,i_24980,i_02136,i_00011,i_05694,i_01998,i_08132
u_08716,i_03866,i_10316,i_02634,i_09345,i_05213,i_01827,i_09842,i_03616,i_32048,i_02382
u_08717,i_24980,i_21094,i_01496,i_02276,i_03567,i_17108,i_09345,i_00395,i_00122,i_08895
u_08718,i_01937,i_06582,i_10316,i_14604,i_02786,i_27051,i_00389,i_00928,i_00062,i_10120
u_08719,i_05408,i_11373,i_13084,i_10941,i_07525,i_16276,i_10316,i_03404,i_09345,i_00122
u_08720,i_14604,i_01937,i_00027,i_06228,i_15669,i_05394,i_10316,i_11373,i_02299,i_01468
u_08721,i_05394,i_02415,i_02786,i_08801,i_09591,i_09345,i_01201,i_13122,i_10316,i_08862
u_08722,i_10316,i_04191,i_02136,i_00554,i_31741,i_01523,i_02786,i_02318,i_21094,i_00037
u_08723,i_02786,i_18681,i_01523,i_00122,i_00027,i_01937,i_02317,i_21094,i_14604,i_11365
u_08724,i_09592,i_17626,i_13761,i_32048,i_17660,i_04221,i_14604,i_01485,i_00755,i_11959
u_08725,i_00122,i_01111,i_00377,i_17626,i_10316,i_06228,i_14604,i_24980,i_02313,i_02111
u_08726,i_00155,i_21094,i_00153,i_02105,i_31741,i_01480,i_24980,i_00091,i_16920,i_01486
u_08727,i_01468,i_14604,i_11342,i_02976,i_04221,i_10316,i_08191,i_03773,i_01937,i_06951
u_08728,i_08428,i_04297,i_04293,i_04296,i_04298,i_03198,i_06217,i_11904,i_06228,i_24980
u_08729,i_01937,i_14604,i_01430,i_02827,i_05267,i_04578,i_21094,i_06068,i_07520,i_24980
u_08730,i_01111,i_02786,i_04191,i_01523,i_01746,i_05103,i_01764,i_03773,i_14604,i_31741
u_08731,i_21094,i_17626,i_14604,i_07524,i_04413,i_10316,i_05407,i_09070,i_02786,i_24980
u_08732,i_03806,i_00395,i_17626,i_03590,i_02209,i_00930,i_17108,i_02228,i_01479,i_02279
u_08733,i_10316,i_27051,i_26556,i_01937,i_02634,i_04181,i_00793,i_12061,i_03590,i_02274
u_08734,i_28982,i_24980,i_02313,i_01937,i_01111,i_10518,i_10316,i_14604,i_21094,i_06228
u_08735,i_01480,i_09052,i_00791,i_11910,i_02334,i_05394,i_00062,i_06228,i_21094,i_11373
u_08736,i_11373,i_01480,i_10316,i_01468,i_24980,i_00062,i_05267,i_01923,i_00122,i_02786
u_08737,i_00122,i_14604,i_02407,i_24980,i_00377,i_11373,i_02631,i_05394,i_02382,i_01135
u_08738,i_11373,i_21094,i_01496,i_02382,i_29639,i_03907,i_01476,i_02228,i_01135,i_05778
u_08739,i_01135,i_00122,i_00395,i_26013,i_03590,i_00389,i_31952,i_14604,i_00523,i_01044
u_08740,i_03865,i_17626,i_14604,i_02407,i_05762,i_01135,i_03268,i_01111,i_02631,i_02334
u_08741,i_05103,i_10316,i_02105,i_21094,i_24980,i_17626,i_02786,i_01480,i_02136,i_03773
u_08742,i_08798,i_18757,i_03319,i_03940,i_04480,i_23257,i_13690,i_03590,i_11918,i_03806
u_08743,i_10316,i_01111,i_14604,i_02299,i_21094,i_17626,i_02786,i_31921,i_00122,i_02317
u_08744,i_01523,i_14604,i_05439,i_01937,i_00062,i_05416,i_05394,i_08052,i_17108,i_11373
u_08745,i_01937,i_09345,i_02786,i_10316,i_06534,i_02317,i_09275,i_14604,i_02415,i_04580
u_08746,i_02786,i_10316,i_17626,i_01937,i_24980,i_05267,i_14604,i_01485,i_01523,i_02235
u_08747,i_01135,i_17626,i_05786,i_00122,i_02100,i_02382,i_02725,i_02101,i_00716,i_03869
u_08748,i_08638,i_04221,i_01523,i_05267,i_14604,i_01111,i_00473,i_01468,i_05394,i_06228
u_08749,i_02703,i_09504,i_32048,i_01480,i_14604,i_03302,i_10316,i_09345,i_01988,i_01439
u_08750,i_14604,i_10930,i_11910,i_08439,i_02786,i_00724,i_14115,i_11537,i_05394,i_17626
u_08751,i_11355,i_02786,i_31921,i_10353,i_01485,i_02136,i_01523,i_02316,i_10316,i_02507
u_08752,i_29033,i_17108,i_01485,i_02112,i_14604,i_00057,i_02228,i_02120,i_02623,i_31990
u_08753,i_02136,i_07263,i_02786,i_14261,i_01523,i_14604,i_06533,i_07370,i_09591,i_17626
u_08754,i_14604,i_21094,i_05267,i_00122,i_01111,i_10316,i_00154,i_24980,i_01937,i_11910
u_08755,i_14808,i_25535,i_01111,i_05267,i_01523,i_02786,i_01937,i_28982,i_04578,i_03829
u_08756,i_00948,i_13651,i_01523,i_00011,i_25690,i_01937,i_02786,i_31902,i_02334,i_01468
u_08757,i_02228,i_17626,i_01111,i_28982,i_00523,i_14604,i_02334,i_00122,i_01480,i_01476
u_08758,i_02720,i_03397,i_07587,i_13084,i_05034,i_10316,i_09595,i_02995,i_05852,i_06766
u_08759,i_01480,i_11373,i_00716,i_05354,i_04191,i_06071,i_14604,i_01485,i_06228,i_24980
u_08760,i_02976,i_01095,i_05546,i_04554,i_05714,i_11373,i_04675,i_05468,i_07567,i_01135
u_08761,i_11910,i_02786,i_10518,i_01937,i_02334,i_28982,i_08132,i_07576,i_09436,i_00062
u_08762,i_03397,i_02154,i_11055,i_09173,i_05786,i_03866,i_05034,i_17325,i_11373,i_08193
u_08763,i_24980,i_32040,i_17626,i_14604,i_00428,i_31952,i_00057,i_02786,i_02382,i_12901
u_08764,i_10316,i_24980,i_12141,i_02683,i_01486,i_21094,i_05354,i_00077,i_07370,i_01764
u_08765,i_01486,i_21094,i_27675,i_00554,i_01522,i_01403,i_00311,i_00506,i_24980,i_02299
u_08766,i_08091,i_04603,i_17626,i_07263,i_11408,i_07587,i_08560,i_04221,i_09591,i_09070
u_08767,i_11910,i_05267,i_01523,i_11365,i_04578,i_02334,i_02415,i_03819,i_05349,i_02317
u_08768,i_11534,i_12121,i_09345,i_07567,i_13084,i_13761,i_17660,i_11154,i_06450,i_04221
u_08769,i_17626,i_00011,i_17924,i_04580,i_00791,i_02300,i_05267,i_02334,i_01480,i_09052
u_08770,i_14604,i_02786,i_01480,i_05267,i_01937,i_01523,i_01111,i_05349,i_10518,i_05439
u_08771,i_02317,i_01937,i_14604,i_02415,i_01202,i_02209,i_01111,i_07520,i_13705,i_14183
u_08772,i_06466,i_11373,i_02313,i_07567,i_19405,i_01135,i_00725,i_03319,i_12282,i_01111
u_08773,i_10995,i_02282,i_10316,i_01827,i_07587,i_01998,i_08091,i_02111,i_05786,i_09070
u_08774,i_21691,i_22515,i_24481,i_23464,i_26255,i_22134,i_21950,i_26996,i_23033,i_12430
u_08775,i_00122,i_01215,i_02382,i_02127,i_26940,i_00057,i_02380,i_01827,i_01496,i_00716
u_08776,i_03773,i_10316,i_00155,i_05439,i_02786,i_31903,i_11910,i_13998,i_01937,i_01736
u_08777,i_02393,i_11716,i_07061,i_04504,i_00226,i_00362,i_05710,i_00922,i_10316,i_14984
u_08778,i_02720,i_02317,i_14984,i_18393,i_10972,i_00506,i_06450,i_14173,i_03397,i_02136
u_08779,i_05668,i_01496,i_01097,i_00506,i_32048,i_02136,i_00395,i_03397,i_03665,i_12901
u_08780,i_00122,i_08881,i_00389,i_00716,i_02631,i_02382,i_01476,i_02321,i_06241,i_17626
u_08781,i_02786,i_14115,i_09202,i_10316,i_11047,i_05267,i_13690,i_03773,i_05472,i_12072
u_08782,i_21094,i_18312,i_17626,i_00075,i_08895,i_03302,i_00122,i_05664,i_03806,i_09072
u_08783,i_02244,i_11373,i_14604,i_06228,i_11910,i_00433,i_05354,i_06397,i_13670,i_04191
u_08784,i_11373,i_11047,i_21094,i_10316,i_02274,i_00122,i_12072,i_23026,i_01135,i_14604
u_08785,i_02786,i_02105,i_21094,i_01480,i_00793,i_02380,i_17626,i_05103,i_27675,i_31952
u_08786,i_06951,i_12786,i_17831,i_00776,i_13841,i_15802,i_05359,i_16607,i_12629,i_10996
u_08787,i_01111,i_10120,i_11373,i_24980,i_10316,i_14604,i_17626,i_08560,i_19432,i_01334
u_08788,i_21094,i_05296,i_10316,i_05267,i_09345,i_01111,i_01993,i_00037,i_06228,i_01937
u_08789,i_14604,i_17923,i_11910,i_09275,i_24980,i_05267,i_02334,i_10518,i_00011,i_01468
u_08790,i_31952,i_21094,i_28982,i_00075,i_17923,i_00311,i_31903,i_18312,i_31946,i_16920
u_08791,i_01480,i_10518,i_24980,i_09275,i_00204,i_28982,i_04549,i_00365,i_17924,i_01868
u_08792,i_14604,i_01111,i_02786,i_24980,i_01937,i_09052,i_01523,i_05797,i_14808,i_02596
u_08793,i_18139,i_01827,i_08881,i_06241,i_31921,i_04033,i_17108,i_21094,i_01546,i_01535
u_08794,i_11047,i_01111,i_32048,i_05439,i_09275,i_09345,i_17108,i_05267,i_11910,i_02136
u_08795,i_05212,i_08193,i_02276,i_11373,i_00122,i_10316,i_01135,i_00716,i_02631,i_02382
u_08796,i_10316,i_01485,i_09345,i_17626,i_31950,i_02233,i_01135,i_27051,i_00389,i_15630
u_08797,i_23464,i_21691,i_19978,i_06228,i_19751,i_15902,i_13998,i_03397,i_08596,i_03926
u_08798,i_04377,i_10316,i_02317,i_00948,i_05694,i_00037,i_01739,i_00870,i_01486,i_04413
u_08799,i_03262,i_13841,i_04413,i_07524,i_01403,i_02297,i_03568,i_24980,i_06951,i_05296
u_08800,i_07427,i_05358,i_14987,i_14990,i_01095,i_07567,i_09709,i_06228,i_13084,i_05644
u_08801,i_14604,i_11055,i_11910,i_14808,i_05786,i_18333,i_01111,i_01937,i_04580,i_08754
u_08802,i_05677,i_11373,i_14604,i_17626,i_24980,i_10316,i_05394,i_21094,i_08862,i_09310
u_08803,i_01490,i_01480,i_01645,i_18312,i_24980,i_00489,i_08518,i_01097,i_05677,i_09591
u_08804,i_01937,i_02786,i_10316,i_00506,i_02676,i_21094,i_17626,i_01468,i_01523,i_07520
u_08805,i_01480,i_28982,i_31952,i_17924,i_00122,i_21094,i_02786,i_14604,i_08895,i_31946
u_08806,i_01480,i_24980,i_17626,i_31921,i_21094,i_00122,i_14604,i_17924,i_31952,i_02334
u_08807,i_24980,i_02382,i_02631,i_01111,i_21094,i_31952,i_11373,i_10316,i_14604,i_01135
u_08808,i_00389,i_01937,i_09345,i_02279,i_17108,i_14483,i_00395,i_08713,i_01135,i_03616
u_08809,i_10316,i_01486,i_04504,i_02136,i_21094,i_24980,i_01111,i_02317,i_09934,i_00075
u_08810,i_00776,i_00122,i_21094,i_09136,i_10518,i_17626,i_08881,i_09948,i_05493,i_00489
u_08811,i_05416,i_01468,i_09591,i_21094,i_02786,i_22939,i_14651,i_10316,i_04692,i_01923
u_08812,i_13998,i_03773,i_08132,i_10316,i_14808,i_04580,i_09182,i_05439,i_01937,i_17626
u_08813,i_06228,i_11373,i_02276,i_01480,i_08193,i_10316,i_09635,i_00122,i_07583,i_04548
u_08814,i_05267,i_01523,i_02786,i_03773,i_17626,i_01468,i_08132,i_24980,i_14115,i_14604
u_08815,i_10316,i_14604,i_17626,i_01746,i_03773,i_01480,i_24980,i_21094,i_01937,i_11548
u_08816,i_06228,i_05354,i_24980,i_00554,i_09635,i_02313,i_01476,i_03567,i_02954,i_02704
u_08817,i_00776,i_03262,i_00922,i_02683,i_01942,i_06951,i_00930,i_17831,i_21094,i_00091
u_08818,i_24980,i_21094,i_01044,i_05267,i_03829,i_28984,i_00122,i_02229,i_05786,i_31952
u_08819,i_03829,i_14604,i_10316,i_24980,i_02209,i_08895,i_03866,i_10972,i_10781,i_01044
u_08820,i_17626,i_01480,i_11373,i_31741,i_21094,i_08895,i_21033,i_31952,i_16877,i_01496
u_08821,i_31952,i_31741,i_08518,i_01496,i_21094,i_27675,i_01480,i_00440,i_31946,i_06228
u_08822,i_14604,i_09052,i_01523,i_21094,i_10894,i_01486,i_01937,i_00062,i_02393,i_02282
u_08823,i_14604,i_02786,i_10316,i_14808,i_24980,i_01468,i_03773,i_04340,i_11910,i_01523
u_08824,i_10316,i_09052,i_04377,i_06228,i_01468,i_02786,i_32003,i_01486,i_00433,i_14115
u_08825,i_04548,i_31921,i_01129,i_06980,i_01827,i_18031,i_00057,i_09345,i_01480,i_12430
u_08826,i_05786,i_10509,i_10972,i_05394,i_12430,i_13084,i_13489,i_05762,i_08862,i_11373
u_08827,i_00077,i_21094,i_01480,i_01942,i_00922,i_17626,i_00303,i_24980,i_00091,i_00075
u_08828,i_14120,i_10316,i_00122,i_04254,i_01206,i_01135,i_02634,i_07567,i_01535,i_08116
u_08829,i_05394,i_05267,i_10930,i_00791,i_02334,i_05167,i_17108,i_08191,i_14115,i_00037
u_08830,i_31946,i_21094,i_27675,i_21033,i_00470,i_00930,i_10316,i_00075,i_00077,i_00922
u_08831,i_14604,i_05267,i_05394,i_11145,i_17626,i_02786,i_10316,i_14808,i_04580,i_08132
u_08832,i_01480,i_17924,i_13651,i_02786,i_11373,i_31946,i_18031,i_24302,i_00468,i_02334
u_08833,i_13124,i_07524,i_19839,i_10316,i_10120,i_09591,i_03302,i_02209,i_11373,i_04191
u_08834,i_02321,i_01451,i_01135,i_13423,i_02101,i_02382,i_24980,i_03866,i_10316,i_02631
u_08835,i_10316,i_01468,i_11055,i_17626,i_21094,i_19405,i_02786,i_01937,i_01486,i_06228
u_08836,i_10518,i_17626,i_14604,i_00304,i_24980,i_16700,i_00011,i_28982,i_10316,i_02334
u_08837,i_00122,i_17626,i_02407,i_01479,i_02209,i_01476,i_02297,i_10316,i_01827,i_02313
u_08838,i_10316,i_01111,i_14604,i_21094,i_00470,i_08638,i_14115,i_11373,i_01998,i_01486
u_08839,i_05103,i_02786,i_10316,i_04033,i_10781,i_00506,i_00122,i_09934,i_18139,i_02827
u_08840,i_02786,i_01468,i_01480,i_10316,i_00062,i_01111,i_01937,i_21094,i_02317,i_01764
u_08841,i_18217,i_13998,i_10316,i_17626,i_14221,i_01937,i_00126,i_05694,i_08132,i_11910
u_08842,i_00468,i_00948,i_00011,i_17626,i_24980,i_00433,i_02786,i_10316,i_01523,i_17924
u_08843,i_29639,i_03567,i_29600,i_12430,i_16877,i_25828,i_01496,i_05786,i_31946,i_01158
u_08844,i_08881,i_01827,i_06241,i_01097,i_24980,i_01496,i_03567,i_16877,i_00716,i_02382
u_08845,i_01480,i_11910,i_00362,i_10518,i_01451,i_12430,i_17924,i_00306,i_00716,i_31952
u_08846,i_02415,i_00506,i_25690,i_00948,i_01523,i_17924,i_01480,i_00433,i_10316,i_08132
u_08847,i_01937,i_14604,i_00062,i_02786,i_05267,i_10316,i_01523,i_08713,i_28984,i_11342
u_08848,i_14604,i_01468,i_01937,i_10316,i_24980,i_11373,i_00122,i_00062,i_07089,i_05786
u_08849,i_01481,i_10509,i_31903,i_00365,i_29639,i_11908,i_05677,i_17924,i_05187,i_10518
u_08850,i_02874,i_01477,i_13291,i_04646,i_02090,i_21094,i_02440,i_01827,i_00136,i_18312
u_08851,i_13290,i_02954,i_01827,i_03302,i_01075,i_04171,i_10781,i_11543,i_04984,i_02228
u_08852,i_14604,i_05267,i_01480,i_08754,i_01468,i_02786,i_01937,i_24980,i_17626,i_02827
u_08853,i_01480,i_24980,i_11373,i_10316,i_03773,i_02334,i_01523,i_02786,i_14115,i_12430
u_08854,i_01480,i_14604,i_24980,i_09275,i_09436,i_00315,i_00306,i_28982,i_09345,i_00037
u_08855,i_02786,i_01523,i_01937,i_21094,i_17108,i_01807,i_10316,i_00062,i_01480,i_01998
u_08856,i_00122,i_01129,i_14604,i_01111,i_00428,i_16877,i_02631,i_11373,i_12430,i_00377
u_08857,i_14604,i_00122,i_11373,i_06223,i_24980,i_11055,i_17626,i_10316,i_31741,i_00755
u_08858,i_01937,i_10316,i_01523,i_05267,i_24980,i_05394,i_00791,i_01111,i_01468,i_14604
u_08859,i_13084,i_11543,i_13841,i_09345,i_07567,i_05786,i_00776,i_15902,i_11373,i_00122
u_08860,i_09275,i_01868,i_02076,i_31903,i_04549,i_24980,i_11908,i_02022,i_01952,i_10509
u_08861,i_00395,i_02755,i_02786,i_17626,i_01746,i_00019,i_25536,i_02273,i_24980,i_05493
u_08862,i_01523,i_00062,i_17626,i_00027,i_01454,i_00377,i_00037,i_31921,i_32129,i_10316
u_08863,i_01541,i_02319,i_04191,i_01480,i_10518,i_02299,i_00075,i_00155,i_01468,i_00311
u_08864,i_10316,i_00062,i_02786,i_14604,i_08132,i_01523,i_14115,i_14808,i_12786,i_01111
u_08865,i_01480,i_17626,i_05267,i_24980,i_06866,i_01937,i_14604,i_01111,i_00389,i_09592
u_08866,i_02631,i_00122,i_10316,i_02382,i_14604,i_17626,i_02407,i_24980,i_04679,i_02790
u_08867,i_13761,i_12564,i_20190,i_10081,i_11373,i_08091,i_09070,i_02316,i_02725,i_05879
u_08868,i_17626,i_02786,i_10316,i_00062,i_01937,i_02334,i_14115,i_00523,i_08132,i_00540
u_08869,i_00395,i_08081,i_27410,i_03319,i_01523,i_02209,i_02359,i_04480,i_17108,i_02235
u_08870,i_10316,i_14604,i_17626,i_06228,i_11373,i_02297,i_24980,i_04191,i_01523,i_00122
u_08871,i_07576,i_00365,i_13651,i_31952,i_10316,i_03773,i_11373,i_01998,i_28982,i_10518
u_08872,i_02683,i_01486,i_21094,i_10316,i_02786,i_00037,i_00506,i_18031,i_00470,i_18139
u_08873,i_06228,i_24980,i_11373,i_03773,i_19405,i_31921,i_02111,i_09027,i_00724,i_14115
u_08874,i_24980,i_00724,i_14604,i_03866,i_02317,i_06228,i_08052,i_14808,i_14173,i_06951
u_08875,i_10316,i_11373,i_00162,i_00506,i_24980,i_01486,i_01764,i_00433,i_00154,i_03773
u_08876,i_01111,i_05103,i_24980,i_03866,i_07050,i_03865,i_01135,i_03869,i_01451,i_00389
u_08877,i_08193,i_04181,i_06361,i_10316,i_14221,i_01111,i_01479,i_00492,i_02209,i_01993
u_08878,i_24980,i_10316,i_01545,i_00057,i_03302,i_02954,i_02228,i_04221,i_00716,i_09635
u_08879,i_21094,i_02631,i_01135,i_00724,i_01111,i_17626,i_02235,i_31921,i_02282,i_01937
u_08880,i_01468,i_17626,i_14604,i_24980,i_21094,i_01937,i_01111,i_01810,i_02786,i_11373
u_08881,i_01496,i_01480,i_01476,i_00057,i_21094,i_29117,i_17670,i_00716,i_02321,i_00122
u_08882,i_14604,i_11055,i_18333,i_06223,i_00122,i_17626,i_10316,i_14120,i_12785,i_08682
u_08883,i_14115,i_00062,i_03773,i_17626,i_06412,i_14604,i_10316,i_08132,i_05976,i_11373
u_08884,i_01937,i_05267,i_00037,i_09345,i_03829,i_08713,i_08895,i_04578,i_31921,i_02415
u_08885,i_02764,i_00395,i_11373,i_00060,i_17108,i_21094,i_07567,i_06228,i_09345,i_05394
u_08886,i_01480,i_11910,i_14604,i_17924,i_01937,i_01798,i_00037,i_05439,i_31903,i_18681
u_08887,i_02786,i_24980,i_11047,i_08754,i_08125,i_01485,i_03678,i_11373,i_02380,i_02274
u_08888,i_03773,i_06412,i_12072,i_09934,i_18333,i_09182,i_06882,i_08815,i_01485,i_13998
u_08889,i_12018,i_09934,i_16633,i_06241,i_12418,i_05034,i_23026,i_11846,i_11373,i_07370
u_08890,i_10316,i_01937,i_02136,i_01111,i_01468,i_02209,i_00122,i_11548,i_14604,i_04480
u_08891,i_24980,i_02786,i_01523,i_11373,i_11910,i_10316,i_05267,i_17626,i_05472,i_01937
u_08892,i_10316,i_24980,i_03829,i_00470,i_13084,i_04504,i_08592,i_11373,i_01486,i_05103
u_08893,i_00389,i_12430,i_16877,i_01485,i_08881,i_10998,i_29117,i_09009,i_31921,i_10990
u_08894,i_03829,i_02786,i_00037,i_02317,i_11047,i_02380,i_02596,i_02827,i_01937,i_10120
u_08895,i_00724,i_21094,i_01923,i_06228,i_11910,i_08560,i_03678,i_01111,i_01485,i_00062
u_08896,i_24980,i_05267,i_17626,i_11373,i_01111,i_01468,i_04580,i_00122,i_11910,i_14808
u_08897,i_10316,i_01111,i_17626,i_01468,i_08132,i_11569,i_03773,i_05394,i_00122,i_05267
u_08898,i_01480,i_24980,i_02676,i_21094,i_09009,i_17670,i_17924,i_10518,i_31952,i_02334
u_08899,i_01523,i_00948,i_00468,i_10316,i_01937,i_00011,i_02596,i_02334,i_17626,i_14604
u_08900,i_21094,i_31952,i_26940,i_00395,i_00075,i_00122,i_00523,i_09009,i_24980,i_18312
u_08901,i_04181,i_06766,i_01904,i_15708,i_16499,i_00492,i_00395,i_02634,i_01202,i_04480
u_08902,i_10316,i_02786,i_24980,i_01480,i_01937,i_01523,i_01111,i_03773,i_14604,i_00062
u_08903,i_14604,i_04191,i_13547,i_11373,i_10316,i_24980,i_00122,i_06533,i_01468,i_17904
u_08904,i_10316,i_01111,i_12629,i_11373,i_04692,i_01523,i_08132,i_01479,i_02154,i_04181
u_08905,i_14115,i_05108,i_04580,i_05394,i_05167,i_03829,i_02079,i_01937,i_09052,i_05439
u_08906,i_00122,i_07520,i_00062,i_10316,i_02313,i_03302,i_24980,i_16877,i_01097,i_31741
u_08907,i_12430,i_01496,i_00023,i_18312,i_31741,i_00440,i_01476,i_02228,i_32101,i_12901
u_08908,i_14604,i_01937,i_02786,i_04578,i_01523,i_14115,i_01430,i_02079,i_00062,i_11365
u_08909,i_03829,i_01937,i_14115,i_03773,i_01468,i_05267,i_01111,i_02136,i_04478,i_31950
u_08910,i_01523,i_01937,i_14604,i_05267,i_24980,i_10316,i_00122,i_21094,i_01827,i_11373
u_08911,i_01486,i_10316,i_00077,i_01523,i_03151,i_02105,i_00306,i_00922,i_04504,i_00362
u_08912,i_14604,i_17626,i_05267,i_01480,i_02786,i_10316,i_01485,i_01523,i_10120,i_21094
u_08913,i_11373,i_01937,i_07370,i_05267,i_01111,i_10316,i_06533,i_02100,i_06228,i_13423
u_08914,i_01523,i_24980,i_01937,i_17626,i_01496,i_03866,i_08052,i_01827,i_00037,i_02136
u_08915,i_05267,i_14808,i_23257,i_17269,i_14115,i_04580,i_08132,i_10120,i_05001,i_03926
u_08916,i_10316,i_14604,i_17626,i_08193,i_06228,i_05212,i_12141,i_02276,i_11373,i_03773
u_08917,i_17626,i_01480,i_24980,i_14604,i_02786,i_05267,i_21094,i_01111,i_31903,i_00122
u_08918,i_01111,i_11373,i_12018,i_24980,i_04692,i_00122,i_32048,i_23257,i_01486,i_14604
u_08919,i_02228,i_14604,i_10995,i_11373,i_01476,i_31952,i_29164,i_21094,i_02382,i_05786
u_08920,i_01827,i_05573,i_03829,i_01206,i_00122,i_08831,i_03404,i_01468,i_08355,i_02790
u_08921,i_01480,i_01496,i_01129,i_28982,i_03866,i_01158,i_11910,i_17670,i_07576,i_29639
u_08922,i_10316,i_09052,i_14604,i_17626,i_01486,i_03865,i_07370,i_02882,i_03773,i_11373
u_08923,i_01937,i_01523,i_02786,i_05267,i_05439,i_08132,i_03151,i_10316,i_01111,i_24980
u_08924,i_08895,i_02786,i_31903,i_01480,i_01468,i_05267,i_17924,i_17626,i_21094,i_05786
u_08925,i_31952,i_24980,i_01480,i_10316,i_01468,i_14604,i_12430,i_21094,i_18312,i_17626
u_08926,i_00122,i_14604,i_09345,i_01451,i_02382,i_02631,i_02727,i_04580,i_02407,i_09383
u_08927,i_11373,i_10316,i_00122,i_01468,i_02786,i_01111,i_01937,i_01480,i_05267,i_02407
u_08928,i_00011,i_10316,i_17626,i_01468,i_17924,i_01523,i_02786,i_11910,i_01937,i_24980
u_08929,i_13295,i_00075,i_04191,i_01541,i_08895,i_02136,i_00725,i_06228,i_02954,i_02276
u_08930,i_14604,i_02786,i_01937,i_05109,i_02827,i_11373,i_11365,i_01523,i_05394,i_08801
u_08931,i_14604,i_00122,i_07089,i_01468,i_01111,i_04191,i_24980,i_11055,i_07263,i_18333
u_08932,i_08881,i_17626,i_00122,i_14604,i_09345,i_11373,i_10316,i_10120,i_06228,i_01485
u_08933,i_02786,i_02317,i_01523,i_10316,i_31921,i_01468,i_01111,i_17626,i_01937,i_02209
u_08934,i_24546,i_09341,i_13291,i_01807,i_05761,i_23825,i_11569,i_26649,i_15913,i_04190
u_08935,i_08895,i_21094,i_31921,i_00155,i_00077,i_00158,i_17626,i_31741,i_01480,i_00506
u_08936,i_10316,i_01430,i_01937,i_21094,i_05267,i_00126,i_02334,i_00395,i_01827,i_02312
u_08937,i_05767,i_24980,i_01496,i_01827,i_01129,i_03866,i_03302,i_00724,i_05786,i_32048
u_08938,i_24980,i_10316,i_14604,i_01480,i_31952,i_09345,i_10120,i_14808,i_11373,i_04346
u_08939,i_24980,i_23940,i_03866,i_02334,i_28982,i_05786,i_25535,i_01810,i_12430,i_14604
u_08940,i_00769,i_14120,i_03865,i_02382,i_01111,i_10761,i_03606,i_00768,i_02725,i_02631
u_08941,i_02393,i_05103,i_02435,i_09934,i_01486,i_01849,i_10781,i_02954,i_14984,i_04191
u_08942,i_01480,i_24980,i_03819,i_02786,i_02399,i_00027,i_09077,i_01937,i_23940,i_01868
u_08943,i_04254,i_00122,i_03397,i_16696,i_09380,i_12282,i_11386,i_01480,i_11107,i_13295
u_08944,i_21094,i_10316,i_14604,i_00470,i_05296,i_32040,i_05267,i_01111,i_00122,i_24980
u_08945,i_10316,i_14604,i_00122,i_04181,i_06228,i_17626,i_02136,i_27051,i_11373,i_01111
u_08946,i_02683,i_04254,i_10316,i_09591,i_04585,i_02228,i_02136,i_08193,i_02563,i_01827
u_08947,i_10316,i_17626,i_02136,i_01523,i_02317,i_00948,i_05103,i_07370,i_04504,i_00506
u_08948,i_02790,i_17108,i_06383,i_03866,i_11910,i_05786,i_10120,i_13423,i_02697,i_04580
u_08949,i_03866,i_05394,i_11569,i_04580,i_04692,i_24980,i_00540,i_01937,i_03397,i_02228
u_08950,i_00122,i_08895,i_02631,i_16877,i_09345,i_03606,i_00540,i_17108,i_14120,i_22342
u_08951,i_09345,i_05394,i_07567,i_14601,i_08862,i_11373,i_16000,i_05786,i_05267,i_08754
u_08952,i_01523,i_10316,i_21094,i_01937,i_01111,i_24980,i_12430,i_24302,i_10518,i_11910
u_08953,i_02136,i_02213,i_17626,i_01202,i_09934,i_01486,i_10316,i_11047,i_08518,i_13670
u_08954,i_08539,i_09345,i_07666,i_01165,i_01485,i_02228,i_17108,i_17660,i_01923,i_13761
u_08955,i_01479,i_03806,i_02209,i_21033,i_02235,i_08132,i_00586,i_21094,i_01810,i_04578
u_08956,i_02786,i_05267,i_01111,i_01937,i_11548,i_10316,i_17626,i_01523,i_04692,i_14604
u_08957,i_05103,i_01937,i_02786,i_21094,i_24980,i_08713,i_14604,i_00362,i_02827,i_02334
u_08958,i_01480,i_14604,i_31903,i_17626,i_24980,i_31946,i_28982,i_02786,i_00122,i_01468
u_08959,i_31946,i_21094,i_00122,i_31952,i_00311,i_00023,i_00440,i_22342,i_31921,i_05786
u_08960,i_01403,i_07524,i_01522,i_03829,i_12629,i_05407,i_02079,i_17626,i_00037,i_00433
u_08961,i_01480,i_22515,i_31903,i_09009,i_23464,i_01923,i_17923,i_21950,i_00037,i_02299
u_08962,i_02786,i_00377,i_04197,i_10377,i_14604,i_05786,i_05109,i_05394,i_18681,i_17108
u_08963,i_02786,i_14604,i_17626,i_00122,i_31741,i_01480,i_21033,i_00311,i_00075,i_21094
u_08964,i_14808,i_05267,i_10316,i_12061,i_11910,i_01523,i_00122,i_01111,i_18217,i_08132
u_08965,i_04181,i_15630,i_20654,i_10781,i_01934,i_19238,i_04254,i_12101,i_01135,i_02279
u_08966,i_14604,i_01468,i_02786,i_01480,i_10316,i_06228,i_11910,i_00062,i_03829,i_14808
u_08967,i_08638,i_08258,i_11347,i_04221,i_11373,i_10996,i_15802,i_15818,i_04218,i_11543
u_08968,i_01480,i_05267,i_03151,i_02786,i_10316,i_00155,i_21094,i_14604,i_00027,i_24980
u_08969,i_01129,i_32040,i_00724,i_01158,i_03773,i_00428,i_18031,i_31921,i_00062,i_12430
u_08970,i_02380,i_02786,i_04578,i_05267,i_14604,i_06582,i_02415,i_10316,i_08396,i_09124
u_08971,i_00122,i_01111,i_24980,i_10316,i_11373,i_05267,i_14604,i_21094,i_08091,i_19432
u_08972,i_14604,i_05394,i_06450,i_00523,i_08862,i_06886,i_11923,i_05677,i_15669,i_05171
u_08973,i_11373,i_00776,i_13499,i_02954,i_13841,i_24980,i_22032,i_17831,i_03085,i_01097
u_08974,i_01480,i_21094,i_17924,i_24980,i_31952,i_09009,i_00306,i_00724,i_31946,i_01486
u_08975,i_01111,i_14604,i_00122,i_05394,i_01468,i_02786,i_01810,i_01937,i_12061,i_21094
u_08976,i_10316,i_04504,i_07370,i_14115,i_00468,i_08132,i_12141,i_15851,i_02317,i_09052
u_08977,i_32040,i_31952,i_24980,i_14604,i_00724,i_08895,i_00023,i_02786,i_26940,i_09009
u_08978,i_01111,i_05267,i_04480,i_27051,i_02380,i_14604,i_01810,i_08801,i_00126,i_01485
u_08979,i_24980,i_03773,i_01480,i_17626,i_14115,i_01468,i_08132,i_14808,i_10316,i_21094
u_08980,i_10316,i_03773,i_21094,i_10930,i_05394,i_01480,i_09052,i_01937,i_01111,i_14808
u_08981,i_10316,i_24980,i_21094,i_00122,i_01468,i_23257,i_13084,i_17626,i_01827,i_32048
u_08982,i_21094,i_24980,i_17626,i_31741,i_10316,i_01827,i_00506,i_00724,i_31946,i_18139
u_08983,i_17626,i_03866,i_00755,i_02563,i_00377,i_24980,i_11373,i_09345,i_04679,i_10316
u_08984,i_10316,i_02786,i_24980,i_01111,i_14604,i_06228,i_11154,i_01523,i_01480,i_03773
u_08985,i_11047,i_00492,i_09345,i_05267,i_00062,i_10316,i_07902,i_04277,i_01129,i_03678
u_08986,i_04181,i_04480,i_00492,i_10316,i_06582,i_16499,i_02786,i_01523,i_02031,i_02359
u_08987,i_00122,i_02382,i_09345,i_01135,i_01111,i_08881,i_12430,i_25828,i_02321,i_05786
u_08988,i_10316,i_08132,i_01468,i_04580,i_13690,i_17626,i_10930,i_05394,i_14604,i_01998
u_08989,i_14604,i_05267,i_01937,i_28984,i_14115,i_09842,i_21094,i_00791,i_00365,i_11373
u_08990,i_14808,i_10316,i_08132,i_05267,i_01523,i_05394,i_03819,i_04578,i_00126,i_01480
u_08991,i_01468,i_02317,i_01937,i_02415,i_01523,i_14115,i_10316,i_02596,i_17626,i_24980
u_08992,i_01523,i_14604,i_07089,i_21094,i_01468,i_01937,i_01809,i_02334,i_03151,i_00027
u_08993,i_10316,i_14604,i_06228,i_01468,i_17626,i_02786,i_13084,i_01523,i_00062,i_24980
u_08994,i_00122,i_11373,i_07567,i_01539,i_13084,i_14604,i_02407,i_02382,i_02563,i_00389
u_08995,i_00122,i_01111,i_07904,i_13690,i_11373,i_03397,i_13532,i_17687,i_15077,i_05472
u_08996,i_14604,i_01523,i_01430,i_05267,i_01468,i_05439,i_07171,i_00062,i_02415,i_14115
u_08997,i_02786,i_07263,i_14604,i_02209,i_03319,i_11373,i_03829,i_01479,i_10120,i_17626
u_08998,i_14604,i_01523,i_01111,i_05394,i_17626,i_24980,i_01937,i_01808,i_11365,i_01468
u_08999,i_01937,i_21094,i_14604,i_04578,i_01798,i_00213,i_05103,i_31921,i_00011,i_01480
u_09000,i_14604,i_18681,i_01430,i_17626,i_14808,i_01523,i_01468,i_14115,i_02786,i_10316
u_09001,i_00724,i_24980,i_01480,i_10316,i_06228,i_14604,i_05296,i_00122,i_18681,i_02786
u_09002,i_14604,i_06228,i_01810,i_11373,i_24980,i_21094,i_05267,i_00037,i_05493,i_00122
u_09003,i_31903,i_05188,i_17924,i_00011,i_24980,i_28982,i_00428,i_08881,i_01480,i_31952
u_09004,i_10316,i_02786,i_01486,i_00062,i_01523,i_21094,i_31952,i_26936,i_01937,i_14604
u_09005,i_29600,i_01480,i_24980,i_00457,i_01129,i_11373,i_00621,i_00122,i_05267,i_14808
u_09006,i_05267,i_01523,i_01430,i_14604,i_01937,i_10316,i_01468,i_05394,i_08801,i_01111
u_09007,i_21094,i_08518,i_10316,i_01827,i_24980,i_01486,i_00023,i_00122,i_31921,i_01545
u_09008,i_01486,i_02786,i_10316,i_00155,i_14604,i_01451,i_01468,i_00154,i_04504,i_01849
u_09009,i_18681,i_05267,i_11365,i_11910,i_05394,i_24980,i_02827,i_03819,i_06068,i_02334
u_09010,i_24980,i_10316,i_01111,i_01480,i_01523,i_01937,i_31952,i_21094,i_11373,i_05267
u_09011,i_14604,i_31946,i_01480,i_11373,i_24980,i_00057,i_02786,i_08191,i_00122,i_21094
u_09012,i_10316,i_02786,i_00122,i_31902,i_01523,i_01485,i_00468,i_21094,i_14604,i_02380
u_09013,i_18681,i_05267,i_11365,i_14808,i_04578,i_00791,i_05394,i_01937,i_03819,i_04580
u_09014,i_22515,i_21691,i_19978,i_26255,i_24481,i_21950,i_13290,i_27053,i_11331,i_11923
u_09015,i_00365,i_01480,i_00027,i_08754,i_01868,i_07576,i_05188,i_25535,i_14604,i_14173
u_09016,i_14604,i_05267,i_00755,i_14808,i_03866,i_04580,i_09345,i_14173,i_00791,i_05394
u_09017,i_31903,i_11910,i_31921,i_14604,i_06071,i_02334,i_32048,i_11373,i_17923,i_16877
u_09018,i_01480,i_11373,i_06071,i_17626,i_04130,i_06228,i_00948,i_14604,i_10316,i_21094
u_09019,i_03773,i_14604,i_11910,i_31921,i_09052,i_02079,i_11373,i_04504,i_01937,i_03829
u_09020,i_24980,i_01468,i_11373,i_09345,i_17626,i_05267,i_13705,i_05394,i_01937,i_02711
u_09021,i_14604,i_03773,i_01111,i_05267,i_01523,i_01468,i_21094,i_24980,i_01937,i_17626
u_09022,i_12785,i_11373,i_10081,i_12282,i_15802,i_18032,i_14074,i_20190,i_11107,i_13084
u_09023,i_10518,i_00122,i_01496,i_03567,i_01539,i_01476,i_12430,i_13295,i_31741,i_05778
u_09024,i_01101,i_04578,i_05267,i_18681,i_01129,i_00473,i_01998,i_10316,i_05956,i_04277
u_09025,i_26936,i_01937,i_14604,i_01809,i_17108,i_02136,i_17626,i_03829,i_13031,i_09934
u_09026,i_14604,i_02276,i_08193,i_28593,i_15669,i_11373,i_05212,i_13670,i_02283,i_11910
u_09027,i_21094,i_02380,i_02786,i_14604,i_02136,i_02317,i_00395,i_09345,i_01827,i_00122
u_09028,i_14506,i_14175,i_24331,i_02080,i_19252,i_11386,i_01827,i_25478,i_15902,i_12282
u_09029,i_00122,i_24980,i_32021,i_15615,i_16877,i_03866,i_01542,i_21094,i_01135,i_01937
u_09030,i_05267,i_01480,i_08132,i_05394,i_01998,i_00062,i_03773,i_24980,i_07171,i_10316
u_09031,i_02631,i_08881,i_05877,i_02321,i_06241,i_02563,i_24980,i_02276,i_11373,i_12430
u_09032,i_01111,i_14604,i_24980,i_02786,i_02111,i_10316,i_01480,i_00865,i_17626,i_21033
u_09033,i_24980,i_00122,i_08881,i_12430,i_00716,i_00306,i_00428,i_16877,i_01468,i_02631
u_09034,i_01545,i_06017,i_06228,i_02520,i_24980,i_01827,i_16877,i_07567,i_03302,i_02228
u_09035,i_24980,i_04504,i_01480,i_09052,i_10316,i_02393,i_00852,i_14604,i_07061,i_01523
u_09036,i_00540,i_01535,i_09027,i_02228,i_02382,i_01545,i_02725,i_09345,i_01097,i_08895
u_09037,i_11373,i_12282,i_13761,i_13547,i_06386,i_05213,i_13084,i_01075,i_12430,i_14248
u_09038,i_14604,i_01111,i_05267,i_02786,i_17626,i_24980,i_04580,i_10316,i_01937,i_17108
u_09039,i_00554,i_00506,i_31952,i_01827,i_31741,i_01486,i_02100,i_00075,i_02280,i_21094
u_09040,i_00122,i_01158,i_02228,i_23026,i_31921,i_05786,i_24980,i_08881,i_01111,i_15669
u_09041,i_05187,i_04102,i_28982,i_14604,i_00226,i_00462,i_00795,i_02696,i_00158,i_24980
u_09042,i_01490,i_01468,i_05573,i_05267,i_07263,i_21094,i_11910,i_14604,i_02228,i_00126
u_09043,i_02786,i_14604,i_02415,i_05188,i_01523,i_31903,i_05267,i_00062,i_01480,i_00126
u_09044,i_07323,i_16169,i_11373,i_02246,i_00716,i_02273,i_08596,i_01206,i_12785,i_01545
u_09045,i_14604,i_01937,i_01468,i_01485,i_10316,i_32112,i_04277,i_02786,i_01798,i_01523
u_09046,i_03773,i_24980,i_11373,i_14221,i_09052,i_06228,i_09345,i_08132,i_10120,i_21094
u_09047,i_22515,i_24481,i_23464,i_02786,i_26255,i_22134,i_23033,i_01523,i_14604,i_13690
u_09048,i_24980,i_14604,i_13705,i_13775,i_09345,i_05652,i_18333,i_02120,i_06071,i_08862
u_09049,i_29117,i_00122,i_01476,i_01496,i_24980,i_02382,i_01545,i_02236,i_02413,i_12430
u_09050,i_01937,i_05267,i_14604,i_01480,i_24980,i_11910,i_13651,i_17626,i_02334,i_00540
u_09051,i_04504,i_10316,i_31921,i_22897,i_01099,i_00470,i_05493,i_02317,i_02786,i_00852
u_09052,i_01523,i_14604,i_21094,i_01937,i_17626,i_24980,i_01468,i_01111,i_31921,i_05267
u_09053,i_05267,i_02299,i_14604,i_01937,i_24980,i_01523,i_10316,i_06228,i_01808,i_17626
u_09054,i_10316,i_07263,i_01523,i_02136,i_02786,i_10120,i_14604,i_00930,i_03773,i_05493
u_09055,i_31952,i_03806,i_32108,i_17670,i_00122,i_21094,i_01135,i_12901,i_08895,i_00023
u_09056,i_24980,i_00922,i_01764,i_01523,i_17626,i_00311,i_02683,i_00122,i_01746,i_00930
u_09057,i_05945,i_06491,i_08053,i_00725,i_08642,i_13084,i_21286,i_05651,i_10081,i_13883
u_09058,i_14604,i_02300,i_24980,i_02786,i_10316,i_17626,i_01111,i_04580,i_05267,i_17108
u_09059,i_00724,i_01468,i_31921,i_17626,i_32040,i_00122,i_00163,i_25690,i_21033,i_02786
u_09060,i_02136,i_03829,i_01523,i_01468,i_00428,i_31952,i_01937,i_10316,i_14808,i_02209
u_09061,i_05267,i_01111,i_02786,i_23257,i_04692,i_10100,i_02111,i_02472,i_17108,i_03590
u_09062,i_11373,i_17626,i_24980,i_03866,i_00122,i_10316,i_09345,i_31741,i_01135,i_01937
u_09063,i_31921,i_01523,i_02786,i_17626,i_17108,i_09345,i_21094,i_26936,i_00126,i_01810
u_09064,i_24980,i_01485,i_17626,i_02786,i_05267,i_14604,i_03678,i_11910,i_01480,i_31921
u_09065,i_17626,i_00428,i_31993,i_26940,i_11047,i_17108,i_08895,i_02334,i_05267,i_00724
u_09066,i_02299,i_02317,i_01468,i_14604,i_01486,i_05472,i_02425,i_18139,i_01111,i_10964
u_09067,i_01937,i_07520,i_01849,i_10316,i_01523,i_08132,i_11047,i_03773,i_14115,i_02317
u_09068,i_01480,i_00852,i_21094,i_07061,i_18031,i_03773,i_16920,i_24980,i_02393,i_00922
u_09069,i_00122,i_02316,i_01111,i_10353,i_24980,i_10316,i_04603,i_21094,i_01486,i_31952
u_09070,i_01746,i_01480,i_02683,i_03568,i_10316,i_01736,i_22342,i_01764,i_17626,i_31741
u_09071,i_00163,i_01937,i_00062,i_01486,i_14604,i_03773,i_07499,i_21094,i_03151,i_02786
u_09072,i_24980,i_10518,i_02282,i_17626,i_21094,i_10316,i_14604,i_02786,i_03806,i_31921
u_09073,i_10316,i_11373,i_07263,i_08314,i_04504,i_19194,i_01468,i_01523,i_00122,i_02209
u_09074,i_01746,i_01764,i_17626,i_02786,i_01111,i_04585,i_02950,i_02209,i_03773,i_14604
u_09075,i_02317,i_10120,i_10316,i_01523,i_23257,i_17626,i_01937,i_05394,i_03773,i_14604
u_09076,i_08091,i_06228,i_00776,i_09591,i_02563,i_19432,i_10353,i_11373,i_13841,i_24980
u_09077,i_01135,i_00395,i_17108,i_03866,i_05877,i_01097,i_00057,i_01479,i_02631,i_02563
u_09078,i_14604,i_25535,i_21094,i_17924,i_00062,i_31903,i_05188,i_01468,i_03773,i_04578
u_09079,i_07089,i_13547,i_18333,i_22342,i_11055,i_01545,i_02954,i_04191,i_09009,i_08862
u_09080,i_14808,i_05267,i_02786,i_01937,i_18681,i_01998,i_17626,i_01430,i_00037,i_04580
u_09081,i_05354,i_11373,i_01545,i_04191,i_10781,i_24980,i_06397,i_01827,i_02136,i_03085
u_09082,i_01468,i_21094,i_00037,i_00023,i_06068,i_02209,i_00791,i_00724,i_02415,i_01523
u_09083,i_24980,i_31993,i_17626,i_08895,i_00057,i_00428,i_00037,i_00724,i_01496,i_01545
u_09084,i_14604,i_01430,i_18681,i_01937,i_05267,i_17626,i_01523,i_02786,i_14808,i_11365
u_09085,i_05359,i_07427,i_22091,i_07235,i_17660,i_06228,i_05651,i_14989,i_14000,i_10575
u_09086,i_01468,i_11373,i_03773,i_24980,i_09345,i_10316,i_08801,i_05393,i_14115,i_09948
u_09087,i_08881,i_31952,i_01480,i_00724,i_31741,i_31946,i_12430,i_17626,i_08518,i_00122
u_09088,i_03397,i_05491,i_09070,i_01135,i_12547,i_31952,i_01108,i_01486,i_00724,i_22021
u_09089,i_00776,i_00122,i_06951,i_24980,i_06952,i_21094,i_00057,i_17626,i_00389,i_13841
u_09090,i_24980,i_01645,i_17626,i_14604,i_02786,i_01468,i_02317,i_21094,i_02136,i_01937
u_09091,i_08518,i_06228,i_18312,i_00930,i_01942,i_01827,i_06241,i_00057,i_16877,i_00716
u_09092,i_03781,i_05418,i_15902,i_13084,i_11032,i_14604,i_03797,i_02827,i_07260,i_01937
u_09093,i_10316,i_15890,i_15725,i_19414,i_02786,i_17626,i_02079,i_00389,i_00057,i_01111
u_09094,i_14604,i_09591,i_24980,i_11373,i_10120,i_02317,i_00122,i_10316,i_01849,i_05493
u_09095,i_10316,i_14604,i_17626,i_01849,i_01523,i_21094,i_01468,i_01480,i_00122,i_07370
u_09096,i_01480,i_00204,i_10518,i_24980,i_02022,i_05187,i_17924,i_07576,i_31903,i_09275
u_09097,i_24980,i_02382,i_08895,i_31952,i_09009,i_00122,i_03302,i_04580,i_08881,i_05786
u_09098,i_09027,i_13290,i_08102,i_32048,i_19432,i_10699,i_08063,i_26649,i_11562,i_14120
u_09099,i_05267,i_14604,i_10316,i_00122,i_02786,i_01937,i_02235,i_02631,i_17626,i_05394
u_09100,i_14604,i_24980,i_11910,i_11909,i_03773,i_17626,i_28982,i_13705,i_02120,i_31903
u_09101,i_06228,i_14604,i_09052,i_02136,i_01111,i_09934,i_05267,i_02229,i_03829,i_10930
u_09102,i_01044,i_00023,i_27051,i_17924,i_05212,i_14604,i_21094,i_24980,i_01468,i_04480
u_09103,i_17108,i_02318,i_01480,i_00075,i_22342,i_00389,i_28547,i_02683,i_24302,i_00395
u_09104,i_14604,i_05267,i_01430,i_02786,i_10930,i_01468,i_10316,i_04578,i_14808,i_17626
u_09105,i_14604,i_06228,i_17626,i_10316,i_00122,i_02786,i_01111,i_01523,i_24980,i_02317
u_09106,i_14604,i_10120,i_21094,i_10316,i_00155,i_11373,i_02786,i_02235,i_17626,i_06228
u_09107,i_06228,i_03302,i_02725,i_00122,i_11959,i_00057,i_04221,i_04254,i_11543,i_10995
u_09108,i_01480,i_10316,i_01523,i_11373,i_03262,i_21094,i_14808,i_14115,i_01468,i_00433
u_09109,i_11047,i_11569,i_07062,i_09182,i_03590,i_01849,i_01937,i_01485,i_03926,i_05797
u_09110,i_05212,i_00122,i_02631,i_08193,i_02276,i_02563,i_27051,i_02279,i_03319,i_17626
u_09111,i_01937,i_09124,i_08801,i_02786,i_01523,i_14115,i_06533,i_00473,i_06228,i_03773
u_09112,i_12282,i_06228,i_11373,i_22342,i_15005,i_09345,i_04254,i_04191,i_02720,i_13084
u_09113,i_00122,i_02764,i_00057,i_05714,i_02276,i_02111,i_00716,i_04554,i_17108,i_02228
u_09114,i_25690,i_02731,i_08713,i_02031,i_01937,i_02244,i_00506,i_28278,i_05272,i_05700
u_09115,i_14604,i_14808,i_02786,i_05267,i_09383,i_24980,i_04692,i_01485,i_09436,i_10316
u_09116,i_02380,i_00948,i_24980,i_00057,i_01827,i_08895,i_00468,i_01135,i_01545,i_00865
u_09117,i_14651,i_01479,i_14604,i_03319,i_05416,i_03590,i_14221,i_09442,i_05653,i_12061
u_09118,i_01468,i_01111,i_06228,i_14604,i_17626,i_02786,i_10316,i_11373,i_08895,i_03773
u_09119,i_12061,i_05394,i_10930,i_02229,i_11537,i_14651,i_14115,i_17662,i_02786,i_14728
u_09120,i_01468,i_05267,i_01111,i_14604,i_02786,i_10316,i_01937,i_11910,i_01480,i_17626
u_09121,i_10316,i_22342,i_01202,i_02317,i_04191,i_31921,i_03568,i_00506,i_01468,i_01541
u_09122,i_14604,i_01111,i_21094,i_05267,i_31921,i_31952,i_02229,i_01523,i_02786,i_01468
u_09123,i_10761,i_18801,i_04254,i_02786,i_00716,i_02631,i_00755,i_02790,i_05267,i_12282
u_09124,i_06228,i_05354,i_01923,i_17831,i_13084,i_12320,i_03773,i_15902,i_00306,i_14604
u_09125,i_29117,i_09345,i_00122,i_03485,i_14120,i_12430,i_03397,i_32048,i_02954,i_01535
u_09126,i_02786,i_17924,i_04578,i_05267,i_03773,i_01468,i_11047,i_18681,i_13239,i_03151
u_09127,i_03866,i_01111,i_05786,i_00122,i_17626,i_02631,i_00037,i_09345,i_05034,i_01545
u_09128,i_10316,i_24980,i_14604,i_02786,i_00011,i_11373,i_02382,i_12430,i_17670,i_05778
u_09129,i_14604,i_00027,i_18681,i_11365,i_05267,i_14808,i_00377,i_04580,i_00791,i_05349
u_09130,i_00122,i_10518,i_14604,i_28982,i_11910,i_11909,i_01523,i_06071,i_02407,i_21094
u_09131,i_02080,i_13084,i_01496,i_01545,i_09009,i_02090,i_00716,i_11373,i_01135,i_09635
u_09132,i_11373,i_01135,i_14604,i_02563,i_02313,i_24980,i_02725,i_01476,i_21094,i_10316
u_09133,i_03866,i_24980,i_04578,i_04580,i_14604,i_01937,i_02334,i_00011,i_31921,i_00027
u_09134,i_03468,i_00724,i_01111,i_15669,i_21094,i_01129,i_31921,i_14604,i_01522,i_02299
u_09135,i_24481,i_23464,i_21691,i_22515,i_26255,i_17626,i_22134,i_02136,i_07370,i_06397
u_09136,i_04102,i_17923,i_07576,i_31903,i_31921,i_17924,i_05187,i_00204,i_14604,i_21094
u_09137,i_11373,i_24980,i_06228,i_01523,i_14604,i_10120,i_04580,i_09052,i_03866,i_05354
u_09138,i_32048,i_31952,i_11052,i_01480,i_00395,i_00428,i_06980,i_01468,i_06958,i_00874
u_09139,i_24980,i_14604,i_11373,i_02831,i_02382,i_06383,i_05894,i_29164,i_00765,i_00724
u_09140,i_00122,i_24980,i_05267,i_17626,i_01480,i_01468,i_02786,i_00377,i_14604,i_31903
u_09141,i_21094,i_14604,i_03151,i_01480,i_02334,i_24980,i_02105,i_17924,i_10316,i_01810
u_09142,i_24980,i_01480,i_10316,i_02786,i_14604,i_17626,i_00122,i_01468,i_00523,i_05394
u_09143,i_17108,i_01111,i_00122,i_04181,i_01485,i_00389,i_01135,i_27051,i_09383,i_02415
u_09144,i_01135,i_02382,i_10316,i_01111,i_10120,i_13423,i_01827,i_03397,i_02136,i_11373
u_09145,i_02136,i_02317,i_10316,i_31952,i_02334,i_01523,i_02209,i_14604,i_05103,i_00433
u_09146,i_14604,i_01480,i_02786,i_00011,i_17924,i_08091,i_11373,i_11355,i_00724,i_24980
u_09147,i_09345,i_02313,i_12430,i_17108,i_02111,i_32048,i_02415,i_01535,i_09009,i_01937
u_09148,i_06533,i_09173,i_10354,i_13761,i_01827,i_04256,i_01097,i_04429,i_02862,i_16877
u_09149,i_14604,i_05267,i_10518,i_17626,i_01523,i_02786,i_00122,i_28982,i_31903,i_01111
u_09150,i_04442,i_31741,i_24980,i_22342,i_11386,i_04191,i_01545,i_12785,i_12282,i_02317
u_09151,i_01937,i_01808,i_21094,i_00395,i_05267,i_08862,i_03866,i_28982,i_01480,i_09345
u_09152,i_02786,i_01523,i_14604,i_00062,i_08713,i_17626,i_11910,i_01480,i_04277,i_24980
u_09153,i_17626,i_10316,i_00395,i_02563,i_01111,i_00054,i_02209,i_13670,i_22342,i_14173
u_09154,i_11373,i_01111,i_24980,i_09345,i_14604,i_01480,i_06228,i_17626,i_00122,i_15005
u_09155,i_14604,i_10316,i_01523,i_05267,i_01111,i_01937,i_01468,i_07089,i_05493,i_01480
u_09156,i_06228,i_10316,i_03678,i_02786,i_03773,i_14604,i_08355,i_02882,i_17626,i_24980
u_09157,i_02786,i_14604,i_02079,i_13651,i_01937,i_02676,i_04504,i_10316,i_21094,i_11483
u_09158,i_14604,i_24980,i_10120,i_17626,i_10518,i_03773,i_00122,i_15993,i_02786,i_02882
u_09159,i_14604,i_10509,i_01937,i_14808,i_05267,i_17626,i_02786,i_08132,i_05394,i_05439
u_09160,i_01165,i_09345,i_04480,i_27051,i_00622,i_02120,i_03773,i_01849,i_02541,i_02111
u_09161,i_10316,i_01111,i_09052,i_03773,i_14115,i_05416,i_13998,i_09182,i_31950,i_12430
u_09162,i_02388,i_27675,i_02427,i_00500,i_01477,i_00395,i_21094,i_00122,i_02313,i_00023
u_09163,i_10316,i_01111,i_14115,i_11047,i_01479,i_04692,i_11373,i_14651,i_00062,i_01998
u_09164,i_10930,i_14115,i_09052,i_10316,i_11910,i_05267,i_24980,i_01468,i_17626,i_08132
u_09165,i_31903,i_01480,i_17923,i_04102,i_01822,i_10518,i_09077,i_05188,i_28982,i_17924
u_09166,i_01468,i_01486,i_14604,i_01937,i_05767,i_04504,i_02415,i_02676,i_07520,i_00433
u_09167,i_03319,i_00793,i_10996,i_02359,i_27051,i_04480,i_01940,i_02209,i_10316,i_04181
u_09168,i_01111,i_02111,i_01135,i_02786,i_02285,i_05267,i_01807,i_13690,i_04692,i_05472
u_09169,i_05267,i_00122,i_05394,i_11373,i_01111,i_24980,i_10316,i_02786,i_01523,i_05167
u_09170,i_24980,i_10316,i_17626,i_11373,i_00122,i_21094,i_02105,i_01486,i_01135,i_02321
u_09171,i_01746,i_07263,i_01764,i_02318,i_02136,i_02683,i_01741,i_00586,i_00930,i_00122
u_09172,i_05267,i_17924,i_02786,i_24980,i_01798,i_10518,i_21094,i_10316,i_00791,i_00011
u_09173,i_01523,i_14604,i_01937,i_17626,i_04186,i_18139,i_24980,i_02954,i_25690,i_03866
u_09174,i_15669,i_17544,i_09591,i_08560,i_11154,i_06228,i_13850,i_01827,i_07587,i_09976
u_09175,i_01486,i_01135,i_12141,i_01111,i_14604,i_09124,i_10120,i_03590,i_10316,i_13690
u_09176,i_05439,i_14115,i_08132,i_10316,i_01937,i_00062,i_01468,i_01998,i_17626,i_10930
u_09177,i_00928,i_01523,i_01937,i_03773,i_24980,i_02334,i_13084,i_01111,i_01485,i_00122
u_09178,i_00776,i_03262,i_11373,i_06951,i_13841,i_08132,i_10258,i_10316,i_04580,i_07370
u_09179,i_10353,i_10698,i_09070,i_19432,i_06017,i_04603,i_06952,i_13841,i_08560,i_13850
u_09180,i_14604,i_01523,i_02100,i_03773,i_17626,i_00062,i_13084,i_00037,i_14115,i_05267
u_09181,i_24980,i_10316,i_11373,i_02313,i_01476,i_00057,i_04585,i_06228,i_10057,i_05354
u_09182,i_06228,i_14604,i_11373,i_10316,i_24980,i_09345,i_01523,i_01937,i_03773,i_17626
u_09183,i_17626,i_01111,i_02317,i_09591,i_13670,i_13423,i_10100,i_05103,i_06397,i_12772
u_09184,i_05212,i_00122,i_08193,i_02276,i_02279,i_02090,i_01097,i_04544,i_02228,i_02313
u_09185,i_00922,i_01480,i_21094,i_24980,i_14604,i_31921,i_00724,i_31741,i_00506,i_27675
u_09186,i_01480,i_01111,i_14604,i_04580,i_11910,i_11909,i_05267,i_00122,i_24302,i_02334
u_09187,i_14604,i_24980,i_10316,i_00468,i_01480,i_00126,i_01523,i_11373,i_11910,i_32129
u_09188,i_02105,i_31741,i_02786,i_21094,i_27675,i_00362,i_31952,i_03866,i_00122,i_17626
u_09189,i_01480,i_14604,i_24980,i_28547,i_21094,i_02786,i_00311,i_01645,i_10518,i_02105
u_09190,i_14604,i_02786,i_01468,i_01523,i_03829,i_01937,i_14808,i_03304,i_24980,i_31952
u_09191,i_15669,i_02487,i_11373,i_09591,i_09310,i_07255,i_10226,i_00122,i_03302,i_02321
u_09192,i_02382,i_02321,i_17626,i_09345,i_04679,i_02407,i_07260,i_05267,i_12263,i_02563
u_09193,i_17626,i_01523,i_14604,i_03773,i_04181,i_10316,i_11548,i_02111,i_01849,i_02882
u_09194,i_14604,i_03397,i_06533,i_14120,i_00037,i_06534,i_09345,i_11373,i_08132,i_02317
u_09195,i_15431,i_11924,i_07597,i_08083,i_08491,i_16025,i_09915,i_11331,i_12966,i_17660
u_09196,i_09554,i_16267,i_15565,i_12282,i_12320,i_04123,i_08596,i_15902,i_32048,i_26649
u_09197,i_21094,i_17626,i_14604,i_01111,i_00724,i_02382,i_02786,i_16877,i_02228,i_02313
u_09198,i_09932,i_17660,i_15005,i_15902,i_00725,i_11373,i_15802,i_07567,i_14601,i_24980
u_09199,i_02786,i_01480,i_21094,i_00122,i_14604,i_29639,i_17924,i_31741,i_31946,i_11373
u_09200,i_24980,i_05767,i_01523,i_01480,i_17626,i_05267,i_00122,i_09345,i_08862,i_05394
u_09201,i_09345,i_14604,i_24980,i_00485,i_11373,i_01111,i_17626,i_05267,i_05394,i_29639
u_09202,i_14604,i_01937,i_05267,i_10316,i_24980,i_01468,i_12061,i_02786,i_01523,i_07556
u_09203,i_01480,i_11910,i_14604,i_17626,i_02786,i_01111,i_11909,i_00755,i_00716,i_21094
u_09204,i_14844,i_09345,i_15119,i_00724,i_03665,i_07260,i_14604,i_00428,i_01044,i_32048
u_09205,i_24980,i_14604,i_29600,i_06223,i_03262,i_29639,i_11055,i_11373,i_00122,i_01111
u_09206,i_04623,i_15902,i_02136,i_03397,i_05767,i_14634,i_05677,i_00122,i_01827,i_02725
u_09207,i_01937,i_14808,i_06441,i_07266,i_05267,i_07518,i_03819,i_02827,i_17626,i_10930
u_09208,i_01468,i_01480,i_02786,i_10316,i_10120,i_01998,i_04478,i_08132,i_02317,i_21094
u_09209,i_24980,i_14604,i_02786,i_21094,i_00011,i_02120,i_17626,i_17924,i_00122,i_01480
u_09210,i_14604,i_05267,i_01111,i_11373,i_00377,i_01135,i_17626,i_04580,i_13084,i_01468
u_09211,i_13761,i_10995,i_11373,i_02228,i_11942,i_04254,i_09592,i_13103,i_12562,i_22973
u_09212,i_04692,i_10316,i_02209,i_05416,i_10120,i_03590,i_01111,i_02136,i_02786,i_00062
u_09213,i_08091,i_08560,i_04603,i_01827,i_13850,i_04602,i_11373,i_02228,i_10353,i_05677
u_09214,i_01480,i_04102,i_14604,i_02076,i_24980,i_10518,i_31992,i_31983,i_01741,i_28547
u_09215,i_17108,i_17626,i_25690,i_00433,i_31921,i_01736,i_05267,i_02334,i_08713,i_10316
u_09216,i_05267,i_10316,i_01111,i_18217,i_01937,i_13998,i_03773,i_10120,i_10930,i_09052
u_09217,i_09552,i_05763,i_22973,i_15400,i_04022,i_13103,i_04254,i_15077,i_05761,i_23026
u_09218,i_09595,i_01545,i_10972,i_11373,i_24980,i_01849,i_32048,i_09592,i_16877,i_05213
u_09219,i_02786,i_01523,i_01937,i_10316,i_14604,i_01468,i_05267,i_05103,i_02136,i_24980
u_09220,i_17626,i_14604,i_05103,i_18333,i_11373,i_04181,i_08544,i_21094,i_00122,i_08638
u_09221,i_05472,i_02417,i_00062,i_07172,i_02274,i_11487,i_01523,i_03678,i_11047,i_01923
u_09222,i_03907,i_02003,i_02382,i_01496,i_02228,i_00122,i_08895,i_02725,i_04544,i_02313
u_09223,i_12430,i_09345,i_14604,i_02631,i_02382,i_02563,i_13423,i_02334,i_10761,i_17108
u_09224,i_02786,i_05267,i_01937,i_14604,i_17626,i_10316,i_01430,i_14808,i_10930,i_01468
u_09225,i_03397,i_15902,i_14120,i_10133,i_32048,i_04186,i_02954,i_04221,i_08191,i_01545
u_09226,i_05418,i_03397,i_24980,i_03781,i_32048,i_01496,i_02382,i_00122,i_02276,i_10972
u_09227,i_00011,i_23941,i_28982,i_04102,i_24049,i_31903,i_00795,i_24980,i_02676,i_00155
u_09228,i_21094,i_02786,i_03773,i_14604,i_02297,i_04191,i_01480,i_02299,i_00162,i_31921
u_09229,i_11373,i_01111,i_04580,i_24980,i_11910,i_10316,i_05394,i_14808,i_02317,i_01937
u_09230,i_26227,i_23420,i_23448,i_08831,i_17108,i_01479,i_10316,i_00540,i_15005,i_16660
u_09231,i_02380,i_10316,i_05472,i_02786,i_01523,i_02317,i_02596,i_02136,i_24980,i_05267
u_09232,i_01480,i_00155,i_00724,i_10518,i_32040,i_24980,i_00154,i_17924,i_00506,i_03773
u_09233,i_01523,i_02786,i_14604,i_10316,i_02209,i_00062,i_02380,i_01468,i_05267,i_03773
u_09234,i_11047,i_02786,i_02136,i_11386,i_01545,i_06228,i_05267,i_12282,i_04692,i_00755
u_09235,i_02382,i_00073,i_02631,i_02786,i_09345,i_05267,i_03866,i_01135,i_00037,i_03397
u_09236,i_03302,i_02228,i_10316,i_07567,i_04984,i_10995,i_09345,i_02235,i_02313,i_01523
u_09237,i_24980,i_11373,i_06228,i_06241,i_10972,i_10316,i_02080,i_00306,i_01468,i_05354
u_09238,i_01480,i_24980,i_21094,i_17626,i_10518,i_17924,i_00122,i_14604,i_27675,i_11910
u_09239,i_01741,i_10316,i_14604,i_21094,i_25690,i_01764,i_02786,i_31952,i_00011,i_24980
u_09240,i_00155,i_03773,i_14604,i_10316,i_21094,i_11373,i_18031,i_06228,i_02136,i_05267
u_09241,i_14604,i_10316,i_17626,i_01523,i_01468,i_10930,i_04504,i_03773,i_01937,i_02786
u_09242,i_02786,i_14604,i_01937,i_00037,i_08862,i_09436,i_01523,i_02380,i_02827,i_10964
u_09243,i_14604,i_01430,i_02786,i_01523,i_07171,i_08713,i_00062,i_08052,i_18681,i_02827
u_09244,i_04692,i_00122,i_01807,i_03404,i_13690,i_01485,i_02382,i_02520,i_03319,i_00716
u_09245,i_28238,i_25536,i_17626,i_21094,i_02786,i_10316,i_01486,i_08713,i_00433,i_02235
u_09246,i_08193,i_10781,i_06766,i_05568,i_00145,i_14188,i_10995,i_03302,i_01215,i_13761
u_09247,i_02786,i_14604,i_31952,i_24980,i_00122,i_21094,i_31921,i_12901,i_02022,i_02100
u_09248,i_17626,i_01468,i_01480,i_01111,i_02786,i_10316,i_01523,i_01746,i_21094,i_00011
u_09249,i_02154,i_08193,i_06228,i_02228,i_00428,i_04221,i_02276,i_32108,i_00395,i_17626
u_09250,i_24980,i_21094,i_00122,i_17626,i_09591,i_08881,i_26940,i_01827,i_00023,i_14604
u_09251,i_01480,i_03865,i_07520,i_31903,i_21094,i_01468,i_03773,i_14604,i_00023,i_00011
u_09252,i_14604,i_01523,i_02786,i_05439,i_05694,i_14808,i_10316,i_00468,i_03773,i_05416
u_09253,i_17626,i_10316,i_01480,i_31952,i_21094,i_00122,i_02786,i_14604,i_00075,i_02105
u_09254,i_00506,i_00163,i_21094,i_03773,i_00162,i_00153,i_02105,i_00440,i_02786,i_24980
u_09255,i_14604,i_00126,i_01937,i_04578,i_17626,i_10316,i_01523,i_11365,i_08132,i_14808
u_09256,i_01468,i_31903,i_01480,i_14604,i_01937,i_11910,i_24980,i_00011,i_05187,i_17626
u_09257,i_00462,i_01158,i_00402,i_01129,i_06883,i_21094,i_22342,i_28547,i_01480,i_00311
u_09258,i_02786,i_01937,i_01468,i_01523,i_14604,i_01798,i_04578,i_11910,i_02317,i_17626
u_09259,i_00122,i_14604,i_02831,i_08116,i_02786,i_24980,i_17626,i_11047,i_01480,i_02954
u_09260,i_00755,i_02299,i_01468,i_06228,i_01545,i_01937,i_01135,i_00554,i_05797,i_11543
u_09261,i_13841,i_14604,i_24980,i_10316,i_06228,i_11373,i_10120,i_03262,i_04181,i_05786
u_09262,i_14604,i_03773,i_02786,i_01937,i_08132,i_05439,i_21094,i_10316,i_14808,i_02317
u_09263,i_01111,i_05267,i_04692,i_02786,i_13690,i_09182,i_15630,i_17108,i_05472,i_01402
u_09264,i_04478,i_10120,i_05439,i_09182,i_02882,i_05267,i_01998,i_07520,i_11910,i_11047
u_09265,i_00122,i_14604,i_05267,i_09345,i_11373,i_13084,i_00540,i_10316,i_29117,i_04580
u_09266,i_00776,i_13841,i_06228,i_11373,i_06952,i_17831,i_17626,i_06951,i_08191,i_24980
u_09267,i_10316,i_03773,i_01523,i_02786,i_14115,i_24980,i_01937,i_11373,i_01468,i_02954
u_09268,i_14604,i_01937,i_02827,i_00791,i_01430,i_05167,i_04578,i_02786,i_08132,i_05349
u_09269,i_02786,i_01937,i_13651,i_14604,i_00948,i_00928,i_00062,i_10316,i_24980,i_17626
u_09270,i_21094,i_14604,i_08132,i_10316,i_03773,i_17626,i_14115,i_02213,i_01468,i_02786
u_09271,i_08091,i_14604,i_02316,i_09345,i_11408,i_03829,i_07587,i_04603,i_04221,i_00145
u_09272,i_29117,i_12430,i_09009,i_08518,i_21094,i_17670,i_02703,i_24980,i_05267,i_01476
u_09273,i_02228,i_16877,i_01827,i_02313,i_12869,i_00122,i_02388,i_06766,i_32048,i_24980
u_09274,i_03773,i_25690,i_21094,i_01523,i_17626,i_01746,i_14604,i_00506,i_00023,i_00062
u_09275,i_08193,i_02154,i_14221,i_01135,i_02276,i_04585,i_09442,i_04171,i_03803,i_04181
u_09276,i_00011,i_05188,i_17924,i_01523,i_00468,i_01468,i_14604,i_02676,i_24980,i_31903
u_09277,i_13547,i_17831,i_10316,i_11373,i_15730,i_02080,i_12282,i_02090,i_13084,i_24980
u_09278,i_24980,i_10316,i_00306,i_00057,i_00122,i_02280,i_01496,i_28593,i_02786,i_04033
u_09279,i_11910,i_09052,i_01523,i_01998,i_01937,i_05439,i_04580,i_10316,i_10120,i_13674
u_09280,i_00948,i_13651,i_00468,i_02317,i_14770,i_01523,i_17626,i_02136,i_02299,i_02079
u_09281,i_08784,i_04354,i_15005,i_15902,i_10781,i_14120,i_09591,i_13611,i_06228,i_15802
u_09282,i_00395,i_05212,i_21094,i_24980,i_00057,i_08895,i_32108,i_17626,i_08193,i_00761
u_09283,i_14604,i_02786,i_10316,i_01099,i_17626,i_04478,i_14808,i_09052,i_04504,i_14115
u_09284,i_01645,i_01403,i_04413,i_00540,i_24980,i_00724,i_01490,i_08560,i_02228,i_05677
u_09285,i_02720,i_11348,i_13084,i_02786,i_01523,i_15902,i_11569,i_02136,i_11386,i_10781
u_09286,i_04504,i_17626,i_11373,i_14604,i_24980,i_10316,i_01111,i_14984,i_21094,i_00122
u_09287,i_01479,i_03397,i_10781,i_32048,i_31950,i_00716,i_10057,i_07260,i_02276,i_04585
u_09288,i_17626,i_11373,i_02786,i_24980,i_10316,i_00062,i_09345,i_05267,i_03829,i_14115
u_09289,i_12430,i_01496,i_29117,i_22342,i_00075,i_01424,i_01545,i_03865,i_02720,i_02297
u_09290,i_02334,i_01480,i_02786,i_18681,i_01937,i_05267,i_31903,i_08754,i_24980,i_02317
u_09291,i_17626,i_24980,i_00586,i_01451,i_02786,i_21094,i_27675,i_10518,i_01480,i_12430
u_09292,i_04418,i_02079,i_17269,i_03773,i_00062,i_02282,i_01485,i_01746,i_02136,i_01764
u_09293,i_02786,i_01937,i_05267,i_01808,i_14604,i_02827,i_17626,i_01468,i_18681,i_01111
u_09294,i_14604,i_05267,i_21094,i_32129,i_24980,i_01468,i_17626,i_01998,i_10316,i_00122
u_09295,i_13841,i_07263,i_17626,i_10316,i_03319,i_24980,i_11373,i_14604,i_00122,i_00776
u_09296,i_24980,i_03900,i_01165,i_03302,i_01468,i_00122,i_31952,i_10133,i_10995,i_04221
u_09297,i_00324,i_02209,i_10057,i_17626,i_10316,i_31952,i_00428,i_01468,i_02359,i_08193
u_09298,i_10316,i_05103,i_21094,i_00311,i_22342,i_02786,i_24980,i_14604,i_00310,i_03773
u_09299,i_00122,i_10316,i_14604,i_11373,i_24980,i_24019,i_12430,i_17626,i_01468,i_02786
u_09300,i_05267,i_01523,i_24980,i_18681,i_01480,i_02300,i_01937,i_01468,i_00122,i_17626
u_09301,i_02786,i_01523,i_10316,i_24980,i_05267,i_11910,i_02317,i_01937,i_01480,i_01468
u_09302,i_09066,i_04366,i_17108,i_10316,i_01923,i_00037,i_00468,i_09345,i_01808,i_08103
u_09303,i_22605,i_12565,i_16648,i_17108,i_01537,i_02091,i_04317,i_02111,i_17626,i_00389
u_09304,i_06228,i_01523,i_02786,i_17626,i_09449,i_03302,i_14183,i_04033,i_24980,i_01827
u_09305,i_16025,i_14833,i_23142,i_04659,i_21849,i_12966,i_08476,i_13984,i_11562,i_15854
u_09306,i_01468,i_10316,i_14604,i_13651,i_03773,i_02280,i_24980,i_17924,i_13031,i_15181
u_09307,i_01468,i_10316,i_02031,i_01523,i_00062,i_13998,i_01485,i_08132,i_14115,i_21094
u_09308,i_17626,i_14604,i_02786,i_04315,i_00201,i_21094,i_00122,i_01468,i_01480,i_02282
u_09309,i_02786,i_00928,i_02136,i_00468,i_01523,i_11569,i_05797,i_03678,i_03773,i_03368
u_09310,i_27689,i_05439,i_08862,i_01111,i_11910,i_08754,i_08801,i_04578,i_01937,i_10100
u_09311,i_06228,i_10316,i_17831,i_13841,i_24980,i_00122,i_03262,i_01111,i_17626,i_13084
u_09312,i_05668,i_02111,i_02382,i_12430,i_04692,i_10316,i_32048,i_16877,i_08191,i_02228
u_09313,i_05267,i_03601,i_10316,i_11373,i_08091,i_04580,i_10353,i_02229,i_17626,i_14808
u_09314,i_04191,i_01468,i_17626,i_14604,i_01480,i_08754,i_02596,i_01523,i_17108,i_00395
u_09315,i_00865,i_04181,i_04480,i_10316,i_01485,i_17626,i_02111,i_17108,i_00793,i_01135
u_09316,i_11373,i_24980,i_17626,i_11910,i_10316,i_31921,i_01849,i_01480,i_01468,i_02786
u_09317,i_06228,i_01468,i_09052,i_24980,i_17626,i_05267,i_09182,i_09345,i_03773,i_10120
u_09318,i_14604,i_01468,i_17626,i_24980,i_00155,i_11373,i_18333,i_05267,i_00027,i_00791
u_09319,i_14604,i_09345,i_00724,i_06450,i_03866,i_11373,i_21094,i_03829,i_02209,i_03590
u_09320,i_28982,i_09275,i_10518,i_04102,i_11909,i_14604,i_17924,i_02786,i_12430,i_17626
u_09321,i_13084,i_13423,i_00122,i_11386,i_05034,i_08862,i_05354,i_11373,i_01451,i_02720
u_09322,i_24980,i_21094,i_10316,i_10518,i_32040,i_01849,i_03151,i_14604,i_17626,i_05296
u_09323,i_10316,i_05103,i_02417,i_03689,i_26940,i_03678,i_02274,i_14604,i_13690,i_04181
u_09324,i_01480,i_14604,i_11910,i_10518,i_31903,i_01868,i_01798,i_09275,i_05394,i_18681
u_09325,i_01480,i_01923,i_10518,i_00204,i_17923,i_24980,i_31903,i_04102,i_02334,i_17924
u_09326,i_01937,i_14604,i_05267,i_09345,i_10539,i_18681,i_17626,i_02317,i_00037,i_02786
u_09327,i_14604,i_05267,i_01937,i_11373,i_01523,i_11365,i_05394,i_02334,i_00791,i_01480
u_09328,i_10316,i_01480,i_11910,i_00365,i_02334,i_05267,i_11373,i_09345,i_04197,i_08132
u_09329,i_02786,i_01937,i_05267,i_01523,i_01808,i_10316,i_05472,i_01485,i_04523,i_14604
u_09330,i_14604,i_03773,i_01523,i_31952,i_05267,i_01937,i_00122,i_12430,i_13670,i_14115
u_09331,i_11373,i_13998,i_01468,i_04580,i_10316,i_11910,i_14221,i_10995,i_00062,i_17626
u_09332,i_16877,i_01135,i_01476,i_32018,i_01545,i_00716,i_00057,i_03567,i_01827,i_01988
u_09333,i_07370,i_02105,i_31741,i_01942,i_02318,i_00433,i_02136,i_17626,i_05103,i_02235
u_09334,i_01480,i_14604,i_02786,i_03866,i_11373,i_11910,i_10316,i_11909,i_10518,i_02276
u_09335,i_09591,i_08091,i_06533,i_07524,i_12785,i_19432,i_10353,i_11373,i_00930,i_07587
u_09336,i_06228,i_01523,i_02786,i_12141,i_02954,i_00586,i_02244,i_04692,i_02136,i_02359
u_09337,i_01480,i_10316,i_14604,i_17924,i_31903,i_17626,i_31952,i_07520,i_00011,i_01486
u_09338,i_14604,i_28982,i_02786,i_01480,i_00122,i_24980,i_02334,i_31741,i_05778,i_22342
u_09339,i_04191,i_17626,i_11373,i_10316,i_04091,i_01480,i_02297,i_10409,i_18032,i_02734
u_09340,i_02136,i_01468,i_02786,i_02317,i_01937,i_02079,i_10316,i_00075,i_31921,i_00037
u_09341,i_05267,i_21094,i_02317,i_05394,i_01937,i_03397,i_01480,i_06068,i_08754,i_05167
u_09342,i_01937,i_05439,i_01523,i_11910,i_03773,i_05267,i_06228,i_08132,i_24980,i_14115
u_09343,i_24980,i_14604,i_10316,i_31952,i_02786,i_00122,i_10120,i_01523,i_11910,i_01468
u_09344,i_15957,i_17819,i_18921,i_19943,i_19916,i_20520,i_17536,i_17818,i_17984,i_17764
u_09345,i_01111,i_04341,i_10316,i_01807,i_02274,i_05267,i_02111,i_11047,i_03590,i_01523
u_09346,i_10316,i_14604,i_02209,i_07370,i_17831,i_02317,i_00930,i_04418,i_01111,i_01523
u_09347,i_17626,i_31921,i_02954,i_13690,i_14604,i_01111,i_02136,i_01135,i_01523,i_03866
u_09348,i_14604,i_00507,i_10316,i_02786,i_17924,i_21094,i_31952,i_08592,i_28982,i_24980
u_09349,i_31921,i_08518,i_00870,i_18031,i_21094,i_01849,i_00091,i_00155,i_02136,i_03773
u_09350,i_00279,i_22342,i_10026,i_02317,i_01486,i_17626,i_03829,i_05103,i_13031,i_04527
u_09351,i_24980,i_17626,i_01480,i_02786,i_10316,i_11910,i_01468,i_14808,i_00122,i_01937
u_09352,i_02764,i_11940,i_01095,i_11373,i_04675,i_11861,i_02228,i_09563,i_04221,i_07567
u_09353,i_10316,i_21094,i_24980,i_01111,i_11373,i_06228,i_02235,i_01206,i_02382,i_09124
u_09354,i_17626,i_10316,i_06228,i_21094,i_24980,i_01480,i_06952,i_02276,i_07370,i_00870
u_09355,i_11055,i_14604,i_02120,i_24980,i_11373,i_18333,i_03389,i_02334,i_11910,i_28982
u_09356,i_05034,i_03397,i_09141,i_05704,i_03970,i_00771,i_04190,i_02029,i_00136,i_01833
u_09357,i_03480,i_05418,i_04434,i_01937,i_09345,i_27051,i_24561,i_03866,i_02317,i_10316
u_09358,i_06882,i_02634,i_00122,i_17687,i_02317,i_07580,i_02136,i_02209,i_05472,i_10316
u_09359,i_00155,i_31952,i_31993,i_25690,i_22342,i_01468,i_14604,i_10316,i_01534,i_08518
u_09360,i_03806,i_09072,i_05664,i_05786,i_16487,i_11918,i_01479,i_01827,i_03302,i_11543
u_09361,i_01523,i_02415,i_10316,i_11483,i_01468,i_14604,i_05472,i_01937,i_21094,i_00062
u_09362,i_05267,i_01937,i_10316,i_14604,i_00062,i_00122,i_08801,i_11373,i_01111,i_01468
u_09363,i_01111,i_10316,i_11373,i_21094,i_06228,i_31921,i_14604,i_01937,i_09934,i_00724
u_09364,i_24980,i_31993,i_17626,i_21094,i_02228,i_08091,i_02703,i_29639,i_00122,i_26940
u_09365,i_00506,i_01486,i_02786,i_00922,i_01468,i_18031,i_25690,i_00554,i_21094,i_02235
u_09366,i_01480,i_17923,i_31903,i_28982,i_00306,i_11373,i_04102,i_31952,i_02283,i_07576
u_09367,i_14604,i_05267,i_31903,i_04578,i_00365,i_11365,i_11910,i_03819,i_03773,i_10518
u_09368,i_10316,i_01523,i_01468,i_02786,i_02244,i_02406,i_17626,i_14604,i_24980,i_02136
u_09369,i_14604,i_11373,i_24980,i_00122,i_02786,i_01111,i_00540,i_01451,i_10120,i_14808
u_09370,i_26940,i_21094,i_00023,i_31952,i_08895,i_00395,i_01827,i_02228,i_08881,i_01044
u_09371,i_01480,i_01523,i_07370,i_00037,i_01468,i_17626,i_09275,i_24980,i_00027,i_02786
u_09372,i_05267,i_14808,i_05394,i_05797,i_01937,i_31921,i_01111,i_14604,i_00377,i_05439
u_09373,i_01849,i_06228,i_02136,i_00776,i_03262,i_00091,i_00922,i_10316,i_04191,i_00122
u_09374,i_08638,i_08091,i_09976,i_08881,i_09070,i_04603,i_13850,i_04221,i_06241,i_02316
u_09375,i_14604,i_06466,i_01937,i_10316,i_21094,i_01468,i_17626,i_00922,i_02786,i_05573
u_09376,i_00462,i_21094,i_00506,i_28278,i_18139,i_08518,i_02683,i_02786,i_00091,i_31946
u_09377,i_17901,i_02954,i_02786,i_10100,i_10316,i_09345,i_32048,i_14604,i_11569,i_06534
u_09378,i_12562,i_02100,i_31741,i_03397,i_02297,i_02317,i_00122,i_12426,i_18139,i_02079
u_09379,i_02334,i_00468,i_00011,i_01937,i_00948,i_17626,i_01523,i_02786,i_00433,i_01111
u_09380,i_02079,i_17626,i_03829,i_14604,i_01468,i_02136,i_03773,i_02786,i_03590,i_08132
u_09381,i_19978,i_24481,i_23464,i_26255,i_04442,i_09842,i_21691,i_03480,i_11107,i_09595
u_09382,i_01523,i_02786,i_05394,i_01111,i_01937,i_14604,i_03389,i_01468,i_11569,i_05167
u_09383,i_01937,i_14604,i_05267,i_01430,i_02786,i_28984,i_01798,i_05394,i_17626,i_24980
u_09384,i_10316,i_14604,i_28547,i_01849,i_24980,i_00091,i_21094,i_11373,i_00870,i_00075
u_09385,i_01480,i_05187,i_28982,i_14604,i_01468,i_11910,i_25535,i_31921,i_05188,i_11534
u_09386,i_09182,i_02786,i_04679,i_10100,i_04692,i_08132,i_01111,i_05472,i_05203,i_09345
u_09387,i_10316,i_24980,i_01523,i_21094,i_14604,i_01468,i_08132,i_01998,i_14115,i_09948
u_09388,i_10518,i_24980,i_08881,i_00011,i_17924,i_01937,i_14604,i_02786,i_17626,i_21094
u_09389,i_05267,i_24980,i_17626,i_11910,i_10316,i_01468,i_00037,i_02786,i_01480,i_01523
u_09390,i_07370,i_03773,i_24980,i_21094,i_02317,i_01468,i_00433,i_17626,i_01486,i_14604
u_09391,i_10094,i_04295,i_02874,i_03397,i_01199,i_02090,i_13084,i_04301,i_07567,i_01111
u_09392,i_00122,i_02786,i_11373,i_17626,i_00470,i_00395,i_01468,i_18031,i_31921,i_01486
u_09393,i_24980,i_11373,i_01480,i_17626,i_10316,i_01468,i_04580,i_01523,i_21094,i_11910
u_09394,i_00122,i_01827,i_01496,i_01129,i_05354,i_02276,i_06228,i_00725,i_02413,i_02228
u_09395,i_21309,i_14604,i_14120,i_01111,i_05267,i_02725,i_02317,i_32048,i_00724,i_08116
u_09396,i_14604,i_02786,i_14115,i_01937,i_05267,i_05439,i_02229,i_00062,i_05394,i_18217
u_09397,i_04480,i_05212,i_08193,i_02680,i_04585,i_02359,i_03319,i_00389,i_27051,i_04646
u_09398,i_02786,i_13841,i_14604,i_00776,i_03262,i_02209,i_00930,i_14115,i_01523,i_07171
u_09399,i_01523,i_01111,i_01468,i_03773,i_01937,i_10316,i_18031,i_03678,i_00062,i_14115
u_09400,i_10316,i_03803,i_06951,i_04585,i_01545,i_01993,i_01849,i_00776,i_13841,i_01827
u_09401,i_02111,i_01111,i_04692,i_01485,i_27051,i_01993,i_02382,i_02417,i_03590,i_00389
u_09402,i_00504,i_09594,i_03480,i_32048,i_09345,i_08539,i_02407,i_01439,i_00428,i_02228
u_09403,i_01468,i_17626,i_03865,i_10316,i_00928,i_21094,i_14604,i_06951,i_02786,i_09934
u_09404,i_01746,i_07587,i_04602,i_11355,i_01764,i_02098,i_08091,i_05775,i_07344,i_00395
u_09405,i_10316,i_13841,i_10120,i_10258,i_17626,i_14604,i_06228,i_01468,i_21094,i_14115
u_09406,i_01480,i_14604,i_24980,i_00468,i_31903,i_00122,i_01468,i_28982,i_02786,i_02334
u_09407,i_09670,i_02313,i_04093,i_01545,i_06228,i_02954,i_06951,i_01535,i_05714,i_02764
u_09408,i_14604,i_11910,i_24980,i_01480,i_14808,i_02786,i_10316,i_06228,i_17626,i_10120
u_09409,i_00428,i_01468,i_03151,i_29639,i_00724,i_01485,i_00037,i_00395,i_21094,i_01044
u_09410,i_02786,i_10316,i_01523,i_02317,i_06882,i_02299,i_02596,i_07263,i_01468,i_02136
u_09411,i_10316,i_14604,i_00586,i_01468,i_02079,i_02136,i_05267,i_07370,i_01849,i_01480
u_09412,i_07926,i_03829,i_09345,i_14604,i_08754,i_05786,i_32048,i_10316,i_02079,i_05394
u_09413,i_00122,i_21094,i_10316,i_00755,i_24980,i_01044,i_00155,i_29639,i_31921,i_11373
u_09414,i_01764,i_04418,i_01849,i_01523,i_01746,i_14604,i_02317,i_03773,i_24980,i_31952
u_09415,i_24980,i_01480,i_17626,i_12430,i_31741,i_31952,i_05778,i_00389,i_08881,i_28547
u_09416,i_11548,i_11373,i_04692,i_08132,i_23257,i_06228,i_01937,i_14808,i_03773,i_09345
u_09417,i_00468,i_01468,i_08713,i_14604,i_03829,i_00011,i_01937,i_01739,i_02136,i_10316
u_09418,i_24980,i_14604,i_11373,i_01480,i_01545,i_01827,i_28982,i_02954,i_11910,i_31903
u_09419,i_31741,i_10316,i_07524,i_11373,i_01468,i_00506,i_14115,i_01523,i_17626,i_00122
u_09420,i_14604,i_01480,i_05439,i_04578,i_11145,i_01523,i_01468,i_10316,i_04580,i_14808
u_09421,i_05188,i_31903,i_01480,i_17924,i_25690,i_11910,i_08713,i_02786,i_02334,i_00365
u_09422,i_03592,i_01477,i_06754,i_01496,i_05899,i_06228,i_02388,i_01827,i_02427,i_01199
u_09423,i_02393,i_03806,i_05710,i_04504,i_00057,i_02380,i_04191,i_14984,i_10316,i_18031
u_09424,i_21094,i_06228,i_21033,i_08518,i_08831,i_14984,i_07524,i_02105,i_04413,i_00122
u_09425,i_00377,i_02954,i_12430,i_28984,i_01480,i_00037,i_03819,i_08754,i_02317,i_14604
u_09426,i_01480,i_17924,i_31903,i_10316,i_31952,i_04102,i_01746,i_09077,i_05188,i_31741
u_09427,i_04480,i_27051,i_03590,i_02380,i_02680,i_21094,i_04585,i_31952,i_02634,i_04181
u_09428,i_07370,i_12141,i_02244,i_02235,i_10316,i_02079,i_00433,i_04254,i_01202,i_28880
u_09429,i_10316,i_15802,i_05439,i_03819,i_03773,i_02399,i_07260,i_21094,i_12407,i_14808
u_09430,i_14604,i_11373,i_17626,i_06228,i_01111,i_18217,i_02786,i_04580,i_09659,i_14808
u_09431,i_00122,i_02321,i_03865,i_01135,i_17108,i_21094,i_02764,i_01111,i_03866,i_02725
u_09432,i_02080,i_13841,i_03302,i_00776,i_07370,i_01827,i_23026,i_03085,i_02725,i_10781
u_09433,i_01937,i_05267,i_02786,i_01523,i_01468,i_01111,i_01480,i_03866,i_02334,i_00122
u_09434,i_02111,i_04692,i_15119,i_03404,i_09345,i_00037,i_00395,i_05267,i_05394,i_01937
u_09435,i_18333,i_11055,i_05439,i_02786,i_10316,i_01937,i_09345,i_08862,i_17626,i_13705
u_09436,i_17108,i_01485,i_09247,i_08831,i_05493,i_16499,i_04692,i_01523,i_10120,i_01468
u_09437,i_00122,i_17108,i_02417,i_03404,i_01439,i_06228,i_01545,i_01476,i_02725,i_01485
u_09438,i_02954,i_32048,i_07567,i_05786,i_03310,i_00129,i_10895,i_13489,i_02415,i_01111
u_09439,i_00428,i_17108,i_00791,i_03866,i_00395,i_26940,i_06951,i_01849,i_03829,i_02380
u_09440,i_32040,i_12901,i_00428,i_14604,i_00724,i_10316,i_31952,i_00122,i_08895,i_17626
u_09441,i_01111,i_05267,i_14604,i_01523,i_10120,i_01485,i_05493,i_05394,i_02317,i_03590
u_09442,i_00037,i_01523,i_02299,i_01826,i_04413,i_05786,i_02209,i_08862,i_00724,i_05267
u_09443,i_06533,i_10808,i_02407,i_03616,i_03397,i_32048,i_02634,i_07488,i_03355,i_13423
u_09444,i_05267,i_14604,i_10316,i_01523,i_04578,i_02786,i_01468,i_06397,i_01998,i_21094
u_09445,i_06533,i_24302,i_03773,i_32048,i_03866,i_11483,i_02415,i_21094,i_05786,i_02541
u_09446,i_00122,i_01539,i_01476,i_03654,i_05762,i_12320,i_01827,i_00057,i_29117,i_02954
u_09447,i_01476,i_24980,i_00725,i_03567,i_12430,i_00506,i_03085,i_16877,i_01486,i_10781
u_09448,i_13295,i_15902,i_00725,i_02228,i_10316,i_02080,i_06228,i_01496,i_05354,i_24980
u_09449,i_14604,i_21094,i_10316,i_01937,i_01111,i_14808,i_24980,i_10120,i_01480,i_11910
u_09450,i_02228,i_08116,i_04221,i_13761,i_01827,i_08560,i_13122,i_04622,i_09345,i_08518
u_09451,i_10316,i_11373,i_01523,i_02786,i_01111,i_24980,i_19432,i_31921,i_02209,i_07587
u_09452,i_13023,i_10781,i_11800,i_06766,i_04190,i_03907,i_02770,i_04179,i_03950,i_05491
u_09453,i_10316,i_21094,i_00091,i_02136,i_02380,i_03773,i_14604,i_01849,i_17626,i_15181
u_09454,i_14604,i_03468,i_01645,i_02079,i_01522,i_03829,i_31921,i_10316,i_02299,i_00428
u_09455,i_02280,i_11373,i_08091,i_21094,i_29164,i_00075,i_14604,i_00122,i_02786,i_10353
u_09456,i_09345,i_01937,i_00122,i_08895,i_11910,i_02317,i_07260,i_02321,i_02382,i_03829
u_09457,i_01827,i_03302,i_04984,i_10995,i_02235,i_08518,i_10781,i_24980,i_00075,i_16877
u_09458,i_08544,i_15818,i_13670,i_22265,i_06951,i_12927,i_03468,i_04377,i_00776,i_01403
u_09459,i_01827,i_01545,i_24980,i_02954,i_17626,i_16877,i_05652,i_05354,i_15005,i_14604
u_09460,i_01522,i_01645,i_03468,i_00037,i_02683,i_02380,i_14604,i_02136,i_00311,i_24302
u_09461,i_14604,i_08754,i_05439,i_11910,i_05267,i_24980,i_05394,i_31903,i_01480,i_00027
u_09462,i_01111,i_01937,i_02676,i_10316,i_17626,i_00037,i_02136,i_00062,i_05267,i_00122
u_09463,i_01486,i_02786,i_14604,i_00468,i_17626,i_00011,i_00470,i_00091,i_00062,i_21094
u_09464,i_00485,i_13670,i_29639,i_23026,i_15677,i_02209,i_01158,i_00402,i_06450,i_14120
u_09465,i_24980,i_08476,i_03262,i_21094,i_31952,i_10353,i_12430,i_01496,i_01545,i_17831
u_09466,i_02786,i_01468,i_05267,i_02317,i_00062,i_10316,i_14115,i_01480,i_01486,i_17626
u_09467,i_10941,i_08813,i_12353,i_09429,i_01923,i_13435,i_11675,i_15005,i_15802,i_06829
u_09468,i_10316,i_10995,i_09934,i_14074,i_11537,i_11047,i_04504,i_11373,i_09124,i_10100
u_09469,i_01534,i_04191,i_22342,i_02319,i_01468,i_02317,i_02235,i_02596,i_01202,i_11386
u_09470,i_14604,i_00037,i_05267,i_02786,i_24980,i_01111,i_06474,i_01523,i_04580,i_11373
u_09471,i_08895,i_24980,i_00122,i_09345,i_01135,i_16877,i_00057,i_02276,i_03302,i_29117
u_09472,i_14604,i_05267,i_02334,i_12407,i_02786,i_01937,i_17924,i_08713,i_28982,i_14115
u_09473,i_02786,i_10316,i_02209,i_02380,i_02317,i_01468,i_17626,i_00395,i_14604,i_02136
u_09474,i_01937,i_07520,i_02786,i_05267,i_01523,i_14604,i_01468,i_01111,i_00126,i_00468
u_09475,i_02786,i_01937,i_01111,i_02079,i_01523,i_10316,i_02596,i_14604,i_14115,i_24980
u_09476,i_14604,i_24980,i_01480,i_01111,i_05439,i_03819,i_05188,i_11373,i_06223,i_05267
u_09477,i_13841,i_03372,i_09504,i_05780,i_13761,i_10081,i_17923,i_04623,i_31983,i_09934
u_09478,i_31993,i_21094,i_24980,i_25535,i_02786,i_10316,i_31952,i_08895,i_14604,i_31921
u_09479,i_31993,i_21094,i_17626,i_24980,i_02282,i_00023,i_31952,i_03829,i_25535,i_01912
u_09480,i_14604,i_00724,i_17924,i_01480,i_32129,i_31952,i_02334,i_06450,i_08355,i_08895
u_09481,i_01923,i_21094,i_11373,i_07520,i_17108,i_10316,i_31921,i_02786,i_01111,i_02080
u_09482,i_14604,i_11373,i_10316,i_17626,i_01480,i_00122,i_10120,i_04580,i_05439,i_06228
u_09483,i_24980,i_28982,i_10316,i_10518,i_01111,i_01937,i_14604,i_02786,i_01764,i_21094
u_09484,i_14604,i_01937,i_14808,i_02786,i_24980,i_02415,i_01998,i_08713,i_01523,i_04578
u_09485,i_01480,i_31903,i_02282,i_05187,i_02334,i_17626,i_24302,i_14604,i_00365,i_02786
u_09486,i_01480,i_08895,i_31952,i_17626,i_11909,i_31741,i_03567,i_21094,i_09009,i_31921
u_09487,i_01827,i_05354,i_01545,i_11107,i_18032,i_12282,i_15902,i_09471,i_05109,i_00725
u_09488,i_02380,i_09442,i_02541,i_00073,i_03404,i_04692,i_01521,i_01537,i_02111,i_02417
u_09489,i_10316,i_00468,i_13651,i_17626,i_00948,i_07089,i_07263,i_14604,i_02136,i_02786
u_09490,i_10930,i_18217,i_03773,i_07171,i_04580,i_14115,i_24980,i_06228,i_01998,i_10316
u_09491,i_13547,i_05786,i_02786,i_01545,i_12282,i_11386,i_09345,i_10972,i_02954,i_13423
u_09492,i_01480,i_04102,i_31903,i_28982,i_10518,i_05188,i_09077,i_07576,i_11908,i_17924
u_09493,i_01111,i_10316,i_11373,i_02631,i_01523,i_02154,i_02111,i_05213,i_00395,i_01545
u_09494,i_08895,i_17626,i_00057,i_32108,i_01468,i_04191,i_01135,i_01202,i_21094,i_26940
u_09495,i_17626,i_11548,i_00062,i_10316,i_02786,i_21094,i_17108,i_01998,i_11373,i_06228
u_09496,i_09275,i_17924,i_04549,i_17626,i_31903,i_00155,i_00011,i_11909,i_11373,i_02334
u_09497,i_10316,i_02786,i_01937,i_11373,i_03773,i_10120,i_01480,i_01468,i_14115,i_24980
u_09498,i_11373,i_00122,i_12282,i_05852,i_12430,i_02228,i_06951,i_12320,i_09635,i_03866
u_09499,i_01111,i_00377,i_09383,i_05394,i_14604,i_10316,i_05267,i_08091,i_10353,i_09345
u_09500,i_01480,i_10316,i_24980,i_09275,i_11373,i_11910,i_00506,i_00724,i_13423,i_02105
u_09501,i_07370,i_00433,i_02786,i_00586,i_01480,i_02136,i_02280,i_31741,i_01764,i_00462
u_09502,i_24980,i_01523,i_12282,i_02786,i_05109,i_14074,i_01937,i_06228,i_11373,i_04692
u_09503,i_02954,i_21691,i_17901,i_10781,i_11800,i_24980,i_09594,i_17660,i_01075,i_01827
u_09504,i_00122,i_25690,i_01912,i_02786,i_05272,i_02334,i_01111,i_02382,i_00716,i_00597
u_09505,i_01480,i_28982,i_00365,i_14604,i_02334,i_05188,i_02022,i_01938,i_02076,i_31903
u_09506,i_10316,i_01480,i_21094,i_00922,i_31952,i_14604,i_00077,i_02786,i_10518,i_12566
u_09507,i_10316,i_05493,i_14604,i_07089,i_06228,i_11055,i_02786,i_03829,i_01480,i_01111
u_09508,i_02786,i_01523,i_00468,i_17626,i_14604,i_10316,i_00948,i_01937,i_11373,i_24980
u_09509,i_01480,i_00153,i_17923,i_02334,i_00163,i_14604,i_10518,i_17924,i_32040,i_05188
u_09510,i_02136,i_05877,i_00037,i_02317,i_00395,i_24980,i_03397,i_02563,i_01479,i_03302
u_09511,i_10316,i_11910,i_01523,i_01480,i_08132,i_05267,i_01111,i_00122,i_14074,i_10120
u_09512,i_05267,i_21094,i_03678,i_02697,i_00062,i_01523,i_31903,i_10316,i_11373,i_01468
u_09513,i_01111,i_01480,i_17626,i_14604,i_21094,i_01937,i_11910,i_09345,i_11373,i_10316
u_09514,i_05267,i_11373,i_02786,i_01480,i_24980,i_10316,i_05394,i_00122,i_11910,i_17626
u_09515,i_11373,i_14604,i_13084,i_14173,i_28982,i_00365,i_17924,i_31903,i_13850,i_08862
u_09516,i_00377,i_01111,i_03866,i_17626,i_24980,i_05394,i_11910,i_02786,i_00122,i_10316
u_09517,i_14844,i_02111,i_05267,i_01485,i_14604,i_11373,i_01111,i_13690,i_00062,i_05394
u_09518,i_11373,i_11923,i_11145,i_24980,i_17626,i_32040,i_13084,i_31921,i_07567,i_07260
u_09519,i_14604,i_01810,i_01430,i_05167,i_06071,i_05349,i_01937,i_06228,i_01480,i_01523
u_09520,i_01480,i_17626,i_10518,i_01523,i_28982,i_02334,i_31903,i_10316,i_02786,i_00791
u_09521,i_01937,i_01523,i_31902,i_08713,i_05267,i_14604,i_01468,i_24980,i_21094,i_02786
u_09522,i_01480,i_00122,i_10316,i_24980,i_00724,i_06450,i_14604,i_10120,i_01111,i_02786
u_09523,i_11373,i_01111,i_32048,i_09383,i_03866,i_00062,i_02136,i_13423,i_03397,i_10808
u_09524,i_14604,i_02786,i_24980,i_01480,i_01486,i_14526,i_10316,i_14808,i_31903,i_01849
u_09525,i_01135,i_01111,i_00523,i_02228,i_01496,i_03397,i_29117,i_01485,i_01827,i_02634
u_09526,i_05267,i_01937,i_00062,i_10316,i_21094,i_01468,i_00122,i_01111,i_17626,i_03151
u_09527,i_01111,i_10316,i_06882,i_01486,i_17626,i_14604,i_09934,i_02274,i_03319,i_01937
u_09528,i_10316,i_14604,i_06228,i_04181,i_02136,i_10120,i_11373,i_02317,i_00062,i_01468
u_09529,i_14604,i_00310,i_10316,i_21094,i_17626,i_01480,i_02786,i_00038,i_24980,i_00309
u_09530,i_02786,i_24980,i_01480,i_14115,i_10316,i_03773,i_01468,i_09052,i_01111,i_02334
u_09531,i_28982,i_10518,i_00011,i_06071,i_06228,i_00365,i_01868,i_00122,i_12430,i_21094
u_09532,i_08099,i_05945,i_04354,i_13883,i_06228,i_06297,i_13084,i_11373,i_13939,i_10348
u_09533,i_02831,i_06228,i_04413,i_02228,i_11373,i_02246,i_03302,i_00725,i_13761,i_16877
u_09534,i_02382,i_02313,i_13295,i_04480,i_02279,i_01476,i_32108,i_08895,i_00716,i_00057
u_09535,i_10316,i_14604,i_17626,i_19432,i_01523,i_02209,i_00122,i_11373,i_02297,i_24980
u_09536,i_08895,i_24980,i_00428,i_21094,i_14604,i_00122,i_31921,i_26940,i_17626,i_31952
u_09537,i_00091,i_01054,i_21094,i_00922,i_00462,i_00155,i_00023,i_16877,i_02425,i_12901
u_09538,i_10316,i_01480,i_17626,i_14604,i_24980,i_21094,i_28547,i_03151,i_01485,i_00122
u_09539,i_01480,i_14604,i_10316,i_17626,i_02786,i_01523,i_00062,i_11373,i_00122,i_11910
u_09540,i_10316,i_01451,i_00154,i_00163,i_14604,i_05700,i_02786,i_24980,i_21094,i_01480
u_09541,i_14221,i_02276,i_02786,i_14604,i_02631,i_03397,i_02407,i_09345,i_01111,i_06071
u_09542,i_00761,i_17626,i_22738,i_14604,i_02100,i_21094,i_01486,i_08091,i_01774,i_24980
u_09543,i_14120,i_13571,i_15005,i_09948,i_11386,i_03869,i_12785,i_17764,i_19916,i_20520
u_09544,i_10316,i_00362,i_01206,i_21094,i_01523,i_31952,i_00470,i_00122,i_00930,i_00011
u_09545,i_18801,i_21480,i_11800,i_05034,i_09141,i_19360,i_05213,i_20946,i_11569,i_23830
u_09546,i_22342,i_02297,i_08862,i_05354,i_03397,i_06228,i_05472,i_02136,i_05034,i_11386
u_09547,i_01486,i_10316,i_21094,i_01111,i_09934,i_05296,i_02786,i_24980,i_01849,i_09461
u_09548,i_14604,i_17626,i_02786,i_05267,i_01764,i_08132,i_24980,i_00062,i_01480,i_03773
u_09549,i_11055,i_24980,i_11373,i_14604,i_12430,i_18333,i_00755,i_02317,i_02786,i_00122
u_09550,i_00506,i_00091,i_31952,i_00075,i_00155,i_00057,i_10316,i_16877,i_09009,i_02683
u_09551,i_02388,i_01097,i_01495,i_05365,i_08862,i_07926,i_02120,i_32048,i_01849,i_14604
u_09552,i_01111,i_10316,i_01523,i_14604,i_11355,i_01937,i_17626,i_02596,i_01810,i_05267
u_09553,i_14604,i_01523,i_01937,i_05493,i_10316,i_03773,i_24980,i_01135,i_10120,i_13705
u_09554,i_01937,i_04181,i_10316,i_02415,i_07520,i_01523,i_02786,i_02031,i_03773,i_11483
u_09555,i_02285,i_14604,i_03590,i_05797,i_02274,i_01807,i_24980,i_03404,i_11569,i_10316
u_09556,i_03136,i_10316,i_00492,i_16499,i_02786,i_11548,i_27051,i_11177,i_02978,i_00793
u_09557,i_08881,i_08895,i_17626,i_00395,i_08518,i_21094,i_01476,i_02228,i_00075,i_03567
u_09558,i_14604,i_01111,i_11373,i_00377,i_24980,i_13084,i_04580,i_00037,i_07260,i_08191
u_09559,i_00122,i_24980,i_00724,i_14604,i_10316,i_32040,i_01468,i_02786,i_06228,i_11373
u_09560,i_24980,i_06228,i_02276,i_17626,i_00122,i_11373,i_06952,i_03262,i_02228,i_14604
u_09561,i_14221,i_04254,i_03803,i_02359,i_09072,i_10057,i_07583,i_05664,i_00428,i_04480
u_09562,i_01480,i_10316,i_14604,i_10518,i_31946,i_00586,i_11910,i_06228,i_17626,i_02786
u_09563,i_11373,i_21094,i_10316,i_06951,i_13084,i_01111,i_05354,i_01523,i_03262,i_14604
u_09564,i_01135,i_08191,i_00126,i_13084,i_27051,i_31950,i_11910,i_02111,i_05786,i_05267
u_09565,i_21033,i_02136,i_21094,i_03773,i_10316,i_31921,i_01827,i_00506,i_00023,i_05569
u_09566,i_06533,i_08355,i_09591,i_02209,i_17831,i_06397,i_06241,i_02100,i_09934,i_05354
u_09567,i_01468,i_14604,i_17924,i_01480,i_02786,i_17923,i_01937,i_00365,i_01537,i_11908
u_09568,i_12061,i_14604,i_11342,i_21849,i_01479,i_02631,i_03829,i_10100,i_05267,i_10316
u_09569,i_09345,i_01111,i_03397,i_17108,i_11959,i_02954,i_27051,i_01485,i_02111,i_07567
u_09570,i_10518,i_28982,i_04102,i_24980,i_17923,i_00204,i_00306,i_02334,i_17924,i_31741
u_09571,i_00155,i_08539,i_04221,i_06228,i_17660,i_21094,i_05786,i_14604,i_13084,i_14115
u_09572,i_24980,i_00395,i_10518,i_14604,i_08881,i_21094,i_09009,i_22342,i_12430,i_01827
u_09573,i_17108,i_00389,i_01479,i_00122,i_00091,i_03319,i_00158,i_03590,i_02244,i_09124
u_09574,i_02382,i_07524,i_21094,i_02276,i_02228,i_08895,i_02563,i_10316,i_11373,i_02235
u_09575,i_21094,i_01937,i_01468,i_02136,i_00506,i_19432,i_02282,i_00062,i_03829,i_10316
u_09576,i_03866,i_01135,i_03590,i_02631,i_00122,i_01111,i_00395,i_31950,i_02407,i_02623
u_09577,i_14604,i_01998,i_00310,i_17626,i_21094,i_01480,i_24980,i_10316,i_03590,i_02280
u_09578,i_01480,i_17626,i_06466,i_11373,i_04548,i_02683,i_21094,i_14604,i_11909,i_01545
u_09579,i_24980,i_29600,i_29639,i_12430,i_14604,i_00402,i_00755,i_31921,i_01480,i_02334
u_09580,i_05267,i_01523,i_07370,i_01430,i_11373,i_17108,i_11910,i_02827,i_02786,i_00126
u_09581,i_14604,i_21094,i_24980,i_00126,i_17108,i_01496,i_03302,i_08862,i_12430,i_05786
u_09582,i_03262,i_01923,i_06951,i_14554,i_14955,i_00776,i_17831,i_02136,i_06952,i_02720
u_09583,i_10316,i_02786,i_01111,i_04480,i_17626,i_00062,i_14604,i_13690,i_00073,i_02415
u_09584,i_14604,i_24980,i_05267,i_01523,i_10316,i_09345,i_06228,i_17626,i_11373,i_01468
u_09585,i_24980,i_14604,i_03304,i_10518,i_02300,i_11910,i_01111,i_21094,i_02786,i_10316
u_09586,i_10316,i_24980,i_01937,i_04504,i_01486,i_02393,i_02683,i_17626,i_01764,i_00554
u_09587,i_00506,i_08881,i_21094,i_00091,i_16877,i_00075,i_31952,i_00470,i_18031,i_08518
u_09588,i_02786,i_10316,i_14604,i_31903,i_24980,i_00011,i_01486,i_21094,i_05267,i_01480
u_09589,i_01111,i_02209,i_05472,i_27051,i_02634,i_04585,i_08132,i_02786,i_11373,i_11409
u_09590,i_14604,i_14808,i_10316,i_05267,i_24980,i_09052,i_21094,i_11910,i_05394,i_06228
u_09591,i_02720,i_08596,i_05354,i_24980,i_02786,i_01523,i_22342,i_10316,i_04191,i_02080
u_09592,i_01111,i_21094,i_11373,i_06441,i_24980,i_09345,i_01545,i_14604,i_00395,i_10930
u_09593,i_31952,i_00540,i_24980,i_02276,i_01480,i_21094,i_10316,i_00122,i_01535,i_01496
u_09594,i_17924,i_01480,i_02786,i_15181,i_08713,i_14604,i_01054,i_00011,i_01468,i_01076
u_09595,i_00724,i_02136,i_02228,i_02563,i_01523,i_00122,i_01764,i_10120,i_01485,i_02079
u_09596,i_10316,i_31921,i_21094,i_24980,i_10518,i_17626,i_14604,i_02786,i_01937,i_04603
u_09597,i_11800,i_13423,i_04197,i_09592,i_01849,i_23026,i_14074,i_09659,i_01545,i_09275
u_09598,i_05267,i_18681,i_02786,i_05439,i_00062,i_11365,i_01523,i_08713,i_02031,i_08132
u_09599,i_00122,i_24980,i_11373,i_04692,i_01871,i_02380,i_10120,i_02631,i_11910,i_03404
u_09600,i_14604,i_01480,i_05786,i_05267,i_11910,i_11909,i_02786,i_14808,i_02334,i_00540
u_09601,i_00011,i_21094,i_14604,i_02676,i_02786,i_05700,i_00155,i_17626,i_02593,i_00506
u_09602,i_14604,i_01937,i_05394,i_05267,i_14808,i_08191,i_05439,i_14844,i_09345,i_04580
u_09603,i_05472,i_02507,i_21094,i_02786,i_14604,i_01485,i_02417,i_00122,i_00073,i_10316
u_09604,i_00011,i_17924,i_01480,i_17626,i_00468,i_02786,i_14604,i_21094,i_05188,i_02676
u_09605,i_11355,i_10698,i_24980,i_00122,i_29117,i_00057,i_05354,i_29164,i_02725,i_16877
u_09606,i_01937,i_14115,i_11373,i_08191,i_24980,i_11145,i_01998,i_02786,i_04580,i_05267
u_09607,i_01468,i_14604,i_21094,i_03773,i_11373,i_10120,i_02136,i_10316,i_00062,i_00155
u_09608,i_01468,i_10316,i_31921,i_02399,i_31903,i_14604,i_25690,i_07520,i_24980,i_00155
u_09609,i_01942,i_00922,i_31921,i_21094,i_00554,i_00724,i_00122,i_01849,i_05267,i_00126
u_09610,i_11373,i_02631,i_02276,i_01135,i_02725,i_00122,i_03866,i_06383,i_01451,i_00725
u_09611,i_08518,i_17626,i_21094,i_31921,i_18031,i_00870,i_03773,i_00091,i_02393,i_02136
u_09612,i_01468,i_02786,i_01523,i_01937,i_01537,i_02111,i_17626,i_14604,i_10316,i_31921
u_09613,i_00948,i_21094,i_17626,i_32040,i_00468,i_00011,i_13651,i_01468,i_24980,i_09124
u_09614,i_05267,i_07171,i_14808,i_00468,i_17924,i_10316,i_02786,i_02079,i_00122,i_11373
u_09615,i_03781,i_15005,i_13253,i_10781,i_08173,i_17831,i_02976,i_11373,i_01535,i_06228
u_09616,i_00506,i_02786,i_22738,i_05778,i_31952,i_17626,i_31741,i_14604,i_00155,i_00037
u_09617,i_01111,i_10316,i_14604,i_11373,i_02111,i_01523,i_00122,i_10120,i_02786,i_09052
u_09618,i_02786,i_02317,i_01937,i_10316,i_02393,i_00062,i_09052,i_14115,i_01486,i_08713
u_09619,i_05103,i_02786,i_02105,i_17108,i_10316,i_01293,i_02213,i_18139,i_00586,i_09934
u_09620,i_24980,i_02786,i_05267,i_01480,i_05394,i_01111,i_00037,i_17626,i_01937,i_10316
u_09621,i_01545,i_06228,i_02080,i_01827,i_10316,i_04442,i_07567,i_12282,i_03654,i_09635
u_09622,i_02786,i_21094,i_01111,i_01468,i_10316,i_01523,i_31952,i_14604,i_00126,i_11373
u_09623,i_12786,i_03678,i_01523,i_08638,i_08132,i_05439,i_14604,i_03773,i_10316,i_14808
u_09624,i_01430,i_08713,i_24302,i_00062,i_03829,i_01523,i_10316,i_02031,i_07171,i_01998
u_09625,i_02786,i_14115,i_00062,i_01937,i_01111,i_02317,i_17626,i_05267,i_02136,i_24980
u_09626,i_02786,i_10316,i_24980,i_01111,i_01523,i_14604,i_06228,i_01486,i_11373,i_00122
u_09627,i_03590,i_04585,i_04480,i_11548,i_04478,i_02244,i_02209,i_03773,i_10120,i_02359
u_09628,i_07255,i_17626,i_00122,i_01827,i_08116,i_05668,i_10316,i_21309,i_02100,i_07050
u_09629,i_02541,i_11373,i_02407,i_03404,i_03397,i_24980,i_17626,i_02382,i_12282,i_32048
u_09630,i_01480,i_02786,i_21094,i_10518,i_00155,i_17924,i_00122,i_17626,i_00057,i_01468
u_09631,i_01111,i_06228,i_03865,i_03397,i_02111,i_01937,i_14074,i_07567,i_01539,i_10891
u_09632,i_02393,i_16920,i_10316,i_07061,i_21094,i_05103,i_00226,i_02105,i_02786,i_04504
u_09633,i_24980,i_01480,i_14604,i_25535,i_02786,i_01468,i_10316,i_29117,i_01439,i_11373
u_09634,i_02786,i_14604,i_14115,i_04578,i_14808,i_01937,i_00062,i_02334,i_31952,i_05267
u_09635,i_01480,i_21094,i_08895,i_02228,i_00122,i_09009,i_17660,i_12901,i_21033,i_05213
u_09636,i_01424,i_00122,i_12430,i_14604,i_24980,i_03866,i_10316,i_25822,i_00395,i_00023
u_09637,i_17626,i_31946,i_21094,i_10316,i_02786,i_31952,i_01480,i_24980,i_31921,i_01486
u_09638,i_02786,i_16920,i_04504,i_00226,i_01937,i_00062,i_02393,i_02435,i_01523,i_10316
u_09639,i_14604,i_01468,i_00523,i_21094,i_17626,i_10316,i_32108,i_02382,i_12430,i_08895
u_09640,i_04171,i_00776,i_17831,i_10316,i_14604,i_21094,i_00122,i_24980,i_02380,i_00930
u_09641,i_01545,i_01476,i_14604,i_12430,i_01486,i_00306,i_22342,i_31921,i_02313,i_13084
u_09642,i_02786,i_01523,i_01937,i_04523,i_01810,i_01468,i_00037,i_02380,i_08617,i_05976
u_09643,i_16279,i_09711,i_14452,i_13845,i_01937,i_09303,i_12365,i_01523,i_11904,i_17660
u_09644,i_32040,i_00011,i_24980,i_02676,i_31741,i_02105,i_01486,i_31952,i_31921,i_00470
u_09645,i_01937,i_24980,i_02079,i_09436,i_05439,i_01485,i_03678,i_03397,i_03151,i_02136
u_09646,i_26255,i_21950,i_02299,i_24980,i_04033,i_00037,i_00554,i_05694,i_23279,i_02415
u_09647,i_21094,i_00554,i_00724,i_00091,i_00122,i_00155,i_02786,i_24980,i_00470,i_00362
u_09648,i_02320,i_02105,i_03302,i_01443,i_00023,i_02313,i_02725,i_08895,i_32048,i_03866
u_09649,i_14604,i_01468,i_05267,i_01523,i_10316,i_01430,i_01130,i_17626,i_09461,i_02317
u_09650,i_01468,i_14604,i_01485,i_01480,i_24980,i_01111,i_02111,i_07520,i_02415,i_01937
u_09651,i_01523,i_02235,i_14604,i_10316,i_17626,i_08713,i_01937,i_14115,i_00122,i_24980
u_09652,i_06228,i_04191,i_11386,i_01827,i_01523,i_22342,i_10995,i_08596,i_02380,i_11047
u_09653,i_06228,i_11373,i_02276,i_00075,i_17626,i_01097,i_01480,i_01476,i_00122,i_00922
u_09654,i_21094,i_01480,i_31993,i_10316,i_04578,i_03829,i_14808,i_17626,i_01798,i_10930
u_09655,i_01111,i_00122,i_02634,i_11373,i_11409,i_10316,i_04679,i_04692,i_24980,i_13761
u_09656,i_05109,i_02535,i_22342,i_05439,i_02079,i_09345,i_02317,i_10316,i_02954,i_17626
u_09657,i_01808,i_05267,i_21094,i_02786,i_14604,i_32129,i_31921,i_04578,i_05394,i_01468
u_09658,i_14604,i_05267,i_01468,i_00062,i_03773,i_02786,i_01523,i_01430,i_04578,i_02415
u_09659,i_01480,i_04191,i_14604,i_02786,i_17626,i_03773,i_02319,i_24980,i_02297,i_00208
u_09660,i_01044,i_10202,i_01496,i_24562,i_17670,i_17626,i_00136,i_04033,i_02228,i_01827
u_09661,i_00122,i_01111,i_02313,i_24980,i_10316,i_17626,i_02111,i_02382,i_01485,i_11373
u_09662,i_01480,i_24980,i_14604,i_00377,i_01111,i_01135,i_10316,i_21094,i_05267,i_11373
u_09663,i_02703,i_08116,i_02317,i_02268,i_09504,i_02297,i_02725,i_02563,i_09552,i_01111
u_09664,i_08091,i_05493,i_04504,i_05103,i_01849,i_17626,i_24980,i_01523,i_00852,i_04603
u_09665,i_05899,i_10781,i_09591,i_02427,i_01827,i_02080,i_00039,i_02228,i_03592,i_07567
u_09666,i_00122,i_08895,i_16877,i_00057,i_12901,i_00395,i_31741,i_00075,i_03567,i_04191
u_09667,i_01937,i_14604,i_31921,i_00724,i_28984,i_22342,i_32040,i_00062,i_01545,i_16877
u_09668,i_01480,i_01468,i_02334,i_01111,i_17626,i_11910,i_03151,i_00122,i_31921,i_05267
u_09669,i_05835,i_08518,i_24980,i_06510,i_01152,i_01094,i_01849,i_07062,i_00575,i_32040
u_09670,i_13841,i_00725,i_09380,i_06952,i_01545,i_01827,i_01202,i_02273,i_24980,i_05354
u_09671,i_10316,i_24980,i_00922,i_09124,i_01849,i_14526,i_05573,i_07370,i_01523,i_11373
u_09672,i_07089,i_11055,i_24980,i_11373,i_29639,i_29600,i_01545,i_01158,i_18333,i_01439
u_09673,i_02786,i_01937,i_14115,i_05267,i_03773,i_08052,i_05439,i_14808,i_09052,i_02317
u_09674,i_17269,i_11373,i_13084,i_05762,i_03866,i_09345,i_08862,i_01111,i_14173,i_03865
u_09675,i_08355,i_07524,i_14604,i_10316,i_05407,i_15818,i_03773,i_11373,i_02786,i_24980
u_09676,i_02741,i_06926,i_00389,i_17108,i_04732,i_05763,i_04221,i_17626,i_14604,i_02228
u_09677,i_13023,i_09009,i_25630,i_01496,i_09345,i_08491,i_01432,i_02228,i_00755,i_04984
u_09678,i_01468,i_11373,i_21094,i_10316,i_01937,i_05267,i_02786,i_17626,i_00395,i_01998
u_09679,i_01468,i_14983,i_04585,i_03678,i_02882,i_02417,i_00062,i_14604,i_02136,i_03829
u_09680,i_01937,i_31903,i_02299,i_07520,i_05188,i_17924,i_05267,i_25535,i_31921,i_21094
u_09681,i_13670,i_08355,i_04221,i_08099,i_05677,i_07567,i_09976,i_04580,i_09345,i_27097
u_09682,i_02317,i_14604,i_01111,i_03773,i_14808,i_11569,i_10316,i_01523,i_00122,i_03829
u_09683,i_08051,i_10995,i_02631,i_02276,i_02725,i_29164,i_00725,i_07912,i_05034,i_16660
u_09684,i_01937,i_14115,i_04578,i_21094,i_18681,i_00155,i_14604,i_05267,i_01523,i_11365
u_09685,i_21094,i_31903,i_24980,i_02786,i_05188,i_00468,i_01468,i_14604,i_01480,i_13651
u_09686,i_14604,i_05267,i_01111,i_01430,i_02786,i_18681,i_01523,i_00122,i_00037,i_01937
u_09687,i_00776,i_17626,i_11373,i_06228,i_06951,i_24980,i_00122,i_14604,i_21094,i_02786
u_09688,i_10316,i_01849,i_01746,i_17626,i_02136,i_14604,i_24980,i_06017,i_00724,i_02209
u_09689,i_17626,i_01523,i_09052,i_08132,i_11910,i_31921,i_01468,i_21094,i_17108,i_07520
u_09690,i_24980,i_17924,i_00122,i_09009,i_21094,i_08881,i_12901,i_01044,i_02703,i_17670
u_09691,i_14604,i_14808,i_01937,i_06450,i_01523,i_01468,i_00126,i_03807,i_02786,i_05167
u_09692,i_03397,i_05439,i_24980,i_04978,i_01480,i_05786,i_03665,i_05927,i_04692,i_16877
u_09693,i_04548,i_01545,i_02073,i_03319,i_01135,i_02382,i_02954,i_07567,i_09635,i_02725
u_09694,i_14604,i_02786,i_01480,i_24980,i_31921,i_32040,i_03773,i_03865,i_07520,i_10316
u_09695,i_01480,i_31903,i_02334,i_21094,i_14604,i_31952,i_01468,i_10316,i_05188,i_00011
u_09696,i_01485,i_01937,i_02786,i_10316,i_11483,i_00073,i_02415,i_08713,i_02541,i_05797
u_09697,i_02827,i_14604,i_02334,i_01937,i_00037,i_06068,i_05786,i_02317,i_04578,i_21094
u_09698,i_21094,i_00122,i_14604,i_06228,i_24980,i_10316,i_04191,i_01468,i_02319,i_00303
u_09699,i_02276,i_00122,i_00428,i_32108,i_17670,i_21094,i_00389,i_12901,i_17626,i_32048
u_09700,i_14604,i_14808,i_02300,i_04580,i_05267,i_11365,i_02786,i_05349,i_01998,i_11373
u_09701,i_14808,i_02276,i_17626,i_32129,i_14604,i_01479,i_02229,i_09948,i_01993,i_00037
u_09702,i_01111,i_14604,i_02786,i_24980,i_10316,i_01135,i_00122,i_01798,i_24302,i_00126
u_09703,i_14604,i_10316,i_11373,i_05267,i_11910,i_14554,i_13084,i_01937,i_08132,i_00062
u_09704,i_14604,i_02786,i_10518,i_31903,i_01937,i_01810,i_10316,i_00011,i_25690,i_31921
u_09705,i_21094,i_31952,i_00054,i_00011,i_31921,i_18031,i_00506,i_00724,i_03829,i_31741
u_09706,i_06068,i_17923,i_28982,i_02334,i_00204,i_01868,i_32048,i_05109,i_03310,i_04033
u_09707,i_14604,i_28982,i_11910,i_08754,i_24980,i_31903,i_04102,i_01937,i_00027,i_10518
u_09708,i_00122,i_13084,i_01535,i_09345,i_10133,i_00725,i_11373,i_10316,i_02563,i_06951
u_09709,i_00122,i_01480,i_14604,i_31952,i_00395,i_17924,i_10316,i_25535,i_31741,i_11373
u_09710,i_14604,i_01468,i_24980,i_01111,i_05267,i_10316,i_01937,i_10894,i_14808,i_03773
u_09711,i_05267,i_09182,i_10316,i_09948,i_14651,i_04692,i_01523,i_08801,i_14115,i_03829
u_09712,i_00122,i_01111,i_10120,i_14604,i_10316,i_01468,i_02228,i_21094,i_06466,i_11373
u_09713,i_10316,i_00793,i_10057,i_00122,i_02359,i_14604,i_05653,i_00389,i_01937,i_27051
u_09714,i_09052,i_14808,i_11910,i_05394,i_08132,i_02415,i_11483,i_01430,i_14115,i_05439
u_09715,i_04102,i_28982,i_00365,i_05188,i_17626,i_17924,i_31903,i_02334,i_31741,i_04549
u_09716,i_21094,i_17626,i_24980,i_14604,i_02786,i_00122,i_01937,i_10316,i_01044,i_02209
u_09717,i_10316,i_01746,i_05493,i_01111,i_01485,i_02136,i_01764,i_09345,i_00389,i_01736
u_09718,i_18217,i_03773,i_08132,i_04692,i_01937,i_05439,i_05652,i_14115,i_01523,i_09436
u_09719,i_01468,i_03678,i_00948,i_10316,i_10353,i_17626,i_05267,i_14604,i_21094,i_00062
u_09720,i_10316,i_14604,i_24980,i_14808,i_11373,i_17626,i_01523,i_01937,i_03773,i_29639
u_09721,i_06228,i_00948,i_00468,i_04413,i_01202,i_02334,i_18139,i_17924,i_08518,i_05573
u_09722,i_00122,i_08881,i_00849,i_01135,i_03302,i_01480,i_02228,i_08895,i_00761,i_01097
u_09723,i_08713,i_01468,i_01937,i_14604,i_01523,i_10316,i_00470,i_00011,i_21094,i_01753
u_09724,i_00575,i_05267,i_01912,i_10316,i_00554,i_05272,i_00037,i_21094,i_01937,i_02317
u_09725,i_10316,i_00122,i_06228,i_21094,i_31921,i_02786,i_31952,i_05354,i_08132,i_01937
u_09726,i_11924,i_05171,i_04978,i_03397,i_02334,i_32048,i_00523,i_01480,i_28982,i_06450
u_09727,i_01937,i_14604,i_01523,i_01998,i_11145,i_01798,i_14115,i_00791,i_10316,i_02786
u_09728,i_02111,i_01111,i_02417,i_00492,i_12101,i_11758,i_22605,i_01135,i_05267,i_27051
u_09729,i_00062,i_07520,i_01937,i_01468,i_01430,i_02786,i_01111,i_04578,i_24302,i_10316
u_09730,i_01479,i_02317,i_01111,i_02079,i_02209,i_02235,i_07451,i_14604,i_02255,i_14115
u_09731,i_21094,i_10316,i_04585,i_01849,i_02359,i_31240,i_26940,i_31921,i_09345,i_09591
u_09732,i_02786,i_01523,i_10316,i_00126,i_02209,i_05267,i_02415,i_01111,i_01468,i_07520
u_09733,i_19978,i_26255,i_21950,i_24481,i_26996,i_24561,i_23279,i_15922,i_17901,i_09595
u_09734,i_02786,i_01523,i_01937,i_08713,i_14604,i_08132,i_05188,i_00062,i_25535,i_03773
u_09735,i_10316,i_24019,i_02136,i_03468,i_02244,i_07370,i_05267,i_10713,i_24696,i_01202
u_09736,i_14604,i_00122,i_02631,i_25828,i_00523,i_04580,i_05394,i_02487,i_24980,i_00037
u_09737,i_02136,i_04578,i_24980,i_02079,i_01523,i_11537,i_00037,i_02297,i_02380,i_15902
u_09738,i_24980,i_17923,i_10518,i_04549,i_09275,i_04102,i_14604,i_10316,i_13031,i_02076
u_09739,i_01111,i_03616,i_05394,i_28982,i_05267,i_09009,i_14604,i_14115,i_03773,i_10120
u_09740,i_01480,i_02282,i_26936,i_01468,i_02334,i_05272,i_01523,i_05187,i_01937,i_14115
u_09741,i_01480,i_14604,i_10316,i_01523,i_14115,i_05267,i_11373,i_06228,i_02334,i_08132
u_09742,i_02154,i_10316,i_11373,i_24980,i_02276,i_04585,i_00433,i_06228,i_00761,i_04191
u_09743,i_01480,i_31952,i_31946,i_00362,i_00311,i_17626,i_00585,i_24980,i_00077,i_00122
u_09744,i_14604,i_00011,i_24980,i_01480,i_31903,i_00037,i_01545,i_32048,i_02334,i_01135
u_09745,i_14604,i_24980,i_01480,i_11910,i_11373,i_05394,i_05267,i_31903,i_17924,i_05439
u_09746,i_01480,i_31903,i_28982,i_10518,i_02334,i_05188,i_32040,i_02786,i_01468,i_00011
u_09747,i_21094,i_14604,i_02235,i_10316,i_08132,i_02786,i_31952,i_17626,i_24302,i_24980
u_09748,i_14984,i_07260,i_14115,i_14808,i_09659,i_00129,i_08132,i_24980,i_31903,i_01808
u_09749,i_00468,i_21094,i_25690,i_31952,i_00011,i_01480,i_31921,i_17924,i_01044,i_01523
u_09750,i_11368,i_17660,i_14120,i_17036,i_09345,i_03397,i_14844,i_15902,i_11373,i_01135
u_09751,i_01937,i_01468,i_03678,i_02415,i_14604,i_10316,i_01523,i_00062,i_02111,i_03650
u_09752,i_00011,i_01937,i_10930,i_01480,i_05267,i_00468,i_11910,i_02334,i_24980,i_17626
u_09753,i_14604,i_05394,i_11373,i_17626,i_08191,i_00027,i_07260,i_05786,i_14808,i_08862
u_09754,i_14604,i_10353,i_10316,i_08091,i_09070,i_24980,i_31993,i_08881,i_25535,i_21094
u_09755,i_31903,i_02282,i_01523,i_01937,i_00037,i_00365,i_25535,i_00468,i_01468,i_14604
u_09756,i_01480,i_00311,i_31946,i_00428,i_08518,i_24980,i_12430,i_21094,i_08895,i_27675
u_09757,i_23464,i_21691,i_24481,i_22515,i_11055,i_24642,i_13290,i_07089,i_11923,i_05365
u_09758,i_14604,i_05267,i_08754,i_01937,i_01480,i_17626,i_05394,i_02786,i_04578,i_00027
u_09759,i_05267,i_02786,i_24980,i_14604,i_01523,i_05493,i_01798,i_00062,i_10316,i_08132
u_09760,i_01480,i_11373,i_17626,i_11910,i_01111,i_01798,i_10316,i_02334,i_00377,i_01937
u_09761,i_10930,i_05267,i_14604,i_01810,i_00122,i_01937,i_07171,i_08132,i_00126,i_00724
u_09762,i_24980,i_17924,i_21094,i_28982,i_01645,i_08677,i_01522,i_13670,i_09009,i_16920
u_09763,i_14604,i_01523,i_18681,i_05267,i_01111,i_00122,i_02334,i_01937,i_01808,i_03819
u_09764,i_01937,i_02415,i_14604,i_02786,i_04578,i_00122,i_02334,i_03829,i_01485,i_01523
u_09765,i_14604,i_01480,i_01486,i_11373,i_21094,i_01523,i_03866,i_02790,i_28982,i_10316
u_09766,i_14604,i_09275,i_31921,i_00011,i_03151,i_21094,i_00468,i_28982,i_07576,i_03368
u_09767,i_05267,i_18681,i_01468,i_10316,i_05349,i_01523,i_14808,i_01798,i_03819,i_01111
u_09768,i_01937,i_11365,i_00027,i_14808,i_07171,i_01868,i_02334,i_01798,i_11910,i_04578
u_09769,i_21094,i_31952,i_00395,i_01480,i_00428,i_17626,i_00057,i_22342,i_12430,i_00523
u_09770,i_01111,i_00122,i_01523,i_14604,i_11373,i_01480,i_10316,i_05267,i_17626,i_01539
u_09771,i_01480,i_06228,i_14604,i_11373,i_10316,i_10781,i_21094,i_04130,i_04191,i_03302
u_09772,i_10316,i_02786,i_08132,i_03829,i_00062,i_05493,i_02079,i_05439,i_01998,i_01937
u_09773,i_01937,i_01485,i_14221,i_18217,i_00062,i_09052,i_05416,i_07520,i_03678,i_01998
u_09774,i_01480,i_08518,i_00122,i_03389,i_00306,i_01486,i_16877,i_01545,i_01496,i_31952
u_09775,i_01937,i_14604,i_01468,i_10316,i_02786,i_03829,i_01523,i_02415,i_05267,i_04523
u_09776,i_25690,i_02282,i_00870,i_09124,i_01937,i_14115,i_00506,i_02136,i_02244,i_02213
u_09777,i_10316,i_01523,i_11373,i_01486,i_05267,i_31921,i_04033,i_14604,i_02300,i_02786
u_09778,i_01480,i_02415,i_14604,i_01468,i_01430,i_02031,i_17924,i_02334,i_09275,i_00468
u_09779,i_31921,i_01849,i_14604,i_21094,i_03773,i_02786,i_00724,i_05267,i_01480,i_17108
u_09780,i_14604,i_17626,i_10316,i_14808,i_04580,i_05394,i_01480,i_11373,i_01523,i_09345
u_09781,i_14604,i_24980,i_09275,i_10518,i_11373,i_04549,i_02786,i_04102,i_01485,i_00122
u_09782,i_00122,i_11373,i_09635,i_08881,i_01199,i_01496,i_01215,i_12282,i_02090,i_32018
u_09783,i_14604,i_10316,i_03773,i_01523,i_00155,i_01468,i_00062,i_24980,i_03151,i_17626
u_09784,i_03773,i_00154,i_21094,i_00163,i_01523,i_14604,i_00126,i_14808,i_00395,i_01849
u_09785,i_01468,i_03773,i_10316,i_24980,i_01523,i_00155,i_21094,i_01937,i_01798,i_02334
u_09786,i_05267,i_14604,i_02786,i_24980,i_01798,i_01523,i_10518,i_00122,i_06228,i_05394
u_09787,i_07370,i_00433,i_07524,i_03773,i_01523,i_31921,i_24980,i_01480,i_13084,i_01937
u_09788,i_01480,i_04102,i_08754,i_05778,i_00315,i_24980,i_06068,i_01868,i_00468,i_00298
u_09789,i_01468,i_14604,i_14808,i_12061,i_01937,i_17626,i_10316,i_02209,i_04181,i_02786
u_09790,i_04679,i_13489,i_02300,i_03616,i_17626,i_10978,i_09345,i_02321,i_10120,i_00377
u_09791,i_02786,i_10316,i_11373,i_00062,i_14115,i_17626,i_10120,i_08132,i_24980,i_02317
u_09792,i_21094,i_00922,i_02786,i_00011,i_14604,i_02676,i_31921,i_25690,i_10316,i_17626
u_09793,i_01480,i_01076,i_24980,i_17923,i_31741,i_17626,i_10518,i_00075,i_31983,i_00506
u_09794,i_10316,i_01111,i_05267,i_01430,i_21094,i_02274,i_02233,i_02111,i_02380,i_01135
u_09795,i_00037,i_06228,i_01937,i_00724,i_03829,i_06397,i_10133,i_02317,i_01485,i_02276
u_09796,i_01937,i_10316,i_02786,i_01523,i_14604,i_10972,i_01480,i_00062,i_08132,i_03773
u_09797,i_02786,i_01523,i_10316,i_24980,i_01937,i_09345,i_01810,i_23257,i_05797,i_14604
u_09798,i_02634,i_17626,i_12901,i_01111,i_00395,i_10316,i_08518,i_07263,i_10120,i_00761
u_09799,i_10316,i_01486,i_24980,i_00506,i_02136,i_02282,i_02280,i_00930,i_00575,i_00062
u_09800,i_03865,i_24980,i_02786,i_11373,i_12263,i_17626,i_10316,i_05267,i_07171,i_01523
u_09801,i_14604,i_10316,i_01111,i_05267,i_01937,i_01480,i_21094,i_31952,i_17626,i_00037
u_09802,i_01111,i_00122,i_24980,i_01937,i_03302,i_01097,i_14604,i_11373,i_17626,i_05472
u_09803,i_01111,i_14808,i_14115,i_05267,i_05653,i_01937,i_03601,i_10316,i_02786,i_01998
u_09804,i_05267,i_01523,i_11910,i_01480,i_21094,i_17626,i_01111,i_00791,i_01998,i_02786
u_09805,i_02334,i_11365,i_14808,i_05394,i_01798,i_01111,i_18681,i_31921,i_04578,i_11373
u_09806,i_01480,i_10316,i_21094,i_14604,i_18333,i_08518,i_13670,i_24019,i_04191,i_11373
u_09807,i_01937,i_05167,i_14604,i_08801,i_05349,i_05976,i_08396,i_02827,i_05786,i_08862
u_09808,i_14604,i_01764,i_01111,i_05493,i_02786,i_24980,i_11373,i_03926,i_03590,i_05439
u_09809,i_03302,i_08881,i_17660,i_23026,i_03866,i_06533,i_32048,i_00489,i_01849,i_09436
u_09810,i_01937,i_17626,i_18333,i_10316,i_00377,i_09345,i_10120,i_18217,i_21094,i_14115
u_09811,i_31903,i_01480,i_05188,i_00468,i_17924,i_00298,i_00011,i_25535,i_00433,i_04578
u_09812,i_02786,i_10316,i_21094,i_02111,i_11373,i_01764,i_01937,i_01523,i_31950,i_00122
u_09813,i_10316,i_17626,i_00433,i_00122,i_21094,i_02235,i_01746,i_14604,i_01523,i_01111
u_09814,i_01480,i_24980,i_17626,i_11373,i_01135,i_25535,i_10316,i_02786,i_02631,i_31903
u_09815,i_15119,i_02228,i_09345,i_17108,i_04186,i_17626,i_00122,i_00724,i_03397,i_05267
u_09816,i_00462,i_10316,i_09124,i_04418,i_02136,i_00506,i_12141,i_02280,i_02317,i_27675
u_09817,i_24980,i_01938,i_04102,i_11055,i_28982,i_02022,i_14604,i_00204,i_10518,i_01952
u_09818,i_09591,i_03319,i_02786,i_02209,i_10316,i_12860,i_06776,i_10120,i_04191,i_08831
u_09819,i_01937,i_02786,i_01523,i_02827,i_05267,i_00062,i_14604,i_01923,i_01468,i_08713
u_09820,i_24980,i_11373,i_21094,i_00122,i_14604,i_10316,i_02725,i_03865,i_02313,i_14120
u_09821,i_06228,i_05267,i_09563,i_05493,i_01334,i_00122,i_01111,i_02228,i_09032,i_27097
u_09822,i_14604,i_10316,i_01523,i_01937,i_05267,i_11373,i_01480,i_11055,i_02786,i_05394
u_09823,i_01480,i_04102,i_10518,i_00154,i_03773,i_24980,i_24302,i_00204,i_31921,i_17923
u_09824,i_10316,i_10894,i_02786,i_03829,i_05103,i_02280,i_01523,i_01937,i_02827,i_02317
u_09825,i_17626,i_14808,i_05394,i_24980,i_04580,i_00122,i_07171,i_05349,i_01480,i_02786
u_09826,i_14604,i_21094,i_00122,i_24980,i_10316,i_01468,i_02786,i_11373,i_00724,i_01480
u_09827,i_01480,i_22342,i_02786,i_04418,i_02297,i_10316,i_00585,i_04191,i_02425,i_00795
u_09828,i_01468,i_03773,i_17626,i_14115,i_00062,i_10120,i_08132,i_11910,i_09934,i_24980
u_09829,i_02786,i_01937,i_14604,i_01912,i_02317,i_02596,i_00062,i_05472,i_25690,i_02380
u_09830,i_14604,i_17626,i_00122,i_10316,i_00716,i_05267,i_03866,i_01480,i_12018,i_03404
u_09831,i_01480,i_02786,i_06071,i_11909,i_01111,i_10316,i_11910,i_00724,i_00122,i_01827
u_09832,i_31903,i_01798,i_11910,i_14604,i_01808,i_00037,i_00468,i_05439,i_14115,i_09052
u_09833,i_14604,i_05267,i_32129,i_21849,i_10930,i_07260,i_00763,i_01998,i_09345,i_08132
u_09834,i_10316,i_00155,i_03773,i_11373,i_06228,i_01486,i_00162,i_31921,i_05267,i_02213
u_09835,i_13084,i_24980,i_10895,i_11373,i_00037,i_06865,i_05108,i_21849,i_03378,i_14115
u_09836,i_00122,i_00395,i_17626,i_05267,i_02136,i_04580,i_09345,i_00037,i_25535,i_03678
u_09837,i_01937,i_14604,i_05267,i_02334,i_24980,i_01468,i_05439,i_01430,i_01480,i_17626
u_09838,i_05394,i_02827,i_08754,i_25535,i_17626,i_18681,i_01430,i_01868,i_06068,i_09345
u_09839,i_00011,i_31952,i_21094,i_31902,i_02334,i_24980,i_31741,i_17924,i_31921,i_25535
u_09840,i_00468,i_00948,i_03829,i_14604,i_02676,i_10316,i_17626,i_13651,i_01523,i_00433
u_09841,i_01937,i_05267,i_14308,i_02786,i_02415,i_11910,i_14604,i_05191,i_01523,i_10316
u_09842,i_10316,i_08132,i_03773,i_09052,i_14115,i_10120,i_09345,i_01937,i_05439,i_11365
u_09843,i_05267,i_08132,i_05786,i_03302,i_01827,i_03389,i_02228,i_03773,i_05365,i_04340
u_09844,i_02786,i_05187,i_31903,i_05188,i_24302,i_14604,i_28984,i_25690,i_31921,i_05272
u_09845,i_00122,i_01480,i_17626,i_24980,i_01541,i_02334,i_02786,i_04191,i_02319,i_10316
u_09846,i_01479,i_00724,i_21094,i_09591,i_01849,i_02136,i_10781,i_01827,i_01535,i_00145
u_09847,i_05267,i_11373,i_24980,i_17626,i_14808,i_01111,i_01480,i_21094,i_11910,i_01468
u_09848,i_04254,i_05786,i_03302,i_03397,i_10120,i_15902,i_10781,i_11373,i_02276,i_02228
u_09849,i_17626,i_24980,i_21094,i_02786,i_01480,i_10316,i_01468,i_05394,i_01937,i_02827
u_09850,i_05267,i_02334,i_31903,i_00377,i_00155,i_07576,i_01111,i_24302,i_24980,i_01798
u_09851,i_02786,i_05267,i_01937,i_18681,i_01111,i_08801,i_11365,i_10316,i_14808,i_14604
u_09852,i_01523,i_14604,i_05188,i_05267,i_01480,i_00062,i_10316,i_02415,i_01430,i_07520
u_09853,i_01480,i_31741,i_00226,i_18312,i_00462,i_31946,i_27675,i_21094,i_00122,i_12901
u_09854,i_05267,i_11373,i_17626,i_01111,i_14808,i_24980,i_00122,i_05394,i_01468,i_09345
u_09855,i_09591,i_08091,i_31741,i_11075,i_27675,i_21094,i_00077,i_01827,i_22738,i_00922
u_09856,i_05267,i_14808,i_05394,i_11910,i_08754,i_09345,i_17626,i_01480,i_24980,i_07171
u_09857,i_14604,i_05394,i_24980,i_07171,i_14808,i_10316,i_04580,i_01111,i_09345,i_11373
u_09858,i_14604,i_02334,i_00468,i_31903,i_17626,i_10518,i_00011,i_28982,i_01468,i_31952
u_09859,i_10316,i_17626,i_24302,i_01998,i_31741,i_02076,i_31952,i_00298,i_17108,i_17924
u_09860,i_14604,i_05267,i_09345,i_13705,i_05394,i_01111,i_11373,i_14808,i_01468,i_13084
u_09861,i_01937,i_01430,i_00027,i_01523,i_05394,i_11373,i_10316,i_01111,i_11365,i_07266
u_09862,i_14808,i_27097,i_14604,i_11047,i_05439,i_18801,i_11145,i_21849,i_05167,i_15669
u_09863,i_11373,i_08091,i_00057,i_07587,i_00122,i_17626,i_24980,i_06228,i_10353,i_13850
u_09864,i_24980,i_28982,i_01480,i_02022,i_31952,i_14604,i_10518,i_31946,i_10316,i_11908
u_09865,i_12157,i_01468,i_06466,i_17119,i_17626,i_01519,i_00930,i_00122,i_02683,i_00389
u_09866,i_02786,i_01937,i_01523,i_01480,i_10316,i_03678,i_11373,i_06228,i_14983,i_11910
u_09867,i_01480,i_03865,i_00122,i_24980,i_28982,i_10518,i_17626,i_02280,i_01486,i_10316
u_09868,i_01480,i_24980,i_21094,i_01937,i_10316,i_01468,i_11373,i_01111,i_05267,i_18333
u_09869,i_14604,i_02786,i_02031,i_04578,i_18681,i_05267,i_10316,i_00492,i_01468,i_11373
u_09870,i_07263,i_02786,i_10518,i_10316,i_09275,i_01099,i_12567,i_24980,i_01523,i_28982
u_09871,i_01480,i_10518,i_02076,i_31946,i_14604,i_17924,i_28982,i_31983,i_17923,i_02334
u_09872,i_09275,i_03773,i_10316,i_01523,i_24980,i_03151,i_00155,i_11910,i_17626,i_06228
u_09873,i_01937,i_08801,i_01523,i_02786,i_07429,i_02596,i_08052,i_02299,i_14115,i_00377
u_09874,i_14604,i_01523,i_00724,i_32040,i_24980,i_05267,i_05394,i_17626,i_14115,i_10316
u_09875,i_11373,i_11910,i_10316,i_04580,i_01111,i_14808,i_05267,i_12562,i_13705,i_11800
u_09876,i_10316,i_00586,i_00433,i_07370,i_31952,i_14604,i_24980,i_02318,i_05493,i_10120
u_09877,i_02786,i_01523,i_01480,i_01468,i_01937,i_10316,i_16499,i_02317,i_24980,i_11910
u_09878,i_08191,i_05267,i_01111,i_14604,i_05394,i_02229,i_17108,i_01937,i_13690,i_10895
u_09879,i_01135,i_32108,i_02382,i_02631,i_02321,i_10316,i_11373,i_00377,i_01539,i_13423
u_09880,i_01129,i_09009,i_29117,i_01485,i_21094,i_01827,i_00755,i_01111,i_02111,i_00523
u_09881,i_14115,i_08132,i_05439,i_09052,i_01468,i_12061,i_01937,i_03773,i_04578,i_08801
u_09882,i_11910,i_24980,i_14115,i_20945,i_01485,i_10316,i_07520,i_05472,i_11047,i_14808
u_09883,i_04418,i_01523,i_08796,i_14506,i_17108,i_10781,i_02317,i_13950,i_06228,i_03678
u_09884,i_21094,i_14604,i_10316,i_02100,i_01937,i_24980,i_32040,i_02786,i_25690,i_11373
u_09885,i_02282,i_01937,i_01523,i_14604,i_01468,i_00468,i_02786,i_00062,i_07520,i_21094
u_09886,i_14808,i_03829,i_32129,i_05416,i_17660,i_15902,i_13122,i_11537,i_05034,i_01810
u_09887,i_14604,i_24980,i_01937,i_05267,i_03819,i_01480,i_14808,i_05167,i_11373,i_02334
u_09888,i_14604,i_11373,i_06228,i_13998,i_04580,i_14808,i_11910,i_08132,i_10316,i_14115
u_09889,i_00037,i_03397,i_09345,i_08895,i_08862,i_05786,i_01937,i_00523,i_01523,i_32048
u_09890,i_13984,i_14554,i_14955,i_17901,i_02720,i_06228,i_15005,i_11107,i_10781,i_17660
u_09891,i_02786,i_14604,i_10316,i_31952,i_07263,i_01468,i_24980,i_01111,i_00122,i_21094
u_09892,i_01937,i_14115,i_10120,i_05416,i_03773,i_00062,i_08132,i_09052,i_11483,i_01480
u_09893,i_05267,i_24980,i_05394,i_17626,i_11910,i_14808,i_07171,i_01998,i_01937,i_04580
u_09894,i_10316,i_01111,i_02235,i_00724,i_02136,i_17626,i_01486,i_14604,i_03773,i_06228
u_09895,i_00540,i_14604,i_21094,i_02786,i_24980,i_31921,i_10316,i_17626,i_08132,i_01111
u_09896,i_10316,i_05493,i_01937,i_00062,i_01468,i_11487,i_00073,i_02317,i_14115,i_02209
u_09897,i_06228,i_00122,i_24980,i_03262,i_14604,i_11373,i_06951,i_01827,i_16877,i_21094
u_09898,i_08881,i_08895,i_03567,i_24980,i_09009,i_00122,i_32108,i_17670,i_16877,i_00057
u_09899,i_14604,i_05267,i_05394,i_01468,i_13705,i_21094,i_01808,i_06228,i_24980,i_01937
u_09900,i_01158,i_11373,i_24980,i_14604,i_00122,i_11055,i_06223,i_18333,i_10120,i_08862
u_09901,i_24980,i_21094,i_00468,i_00298,i_03773,i_01523,i_31741,i_01736,i_01937,i_10316
u_09902,i_01468,i_02786,i_21094,i_01937,i_01111,i_00122,i_05267,i_01523,i_10316,i_01485
u_09903,i_06228,i_01545,i_17626,i_00037,i_02382,i_01165,i_02317,i_02313,i_02407,i_15902
u_09904,i_14604,i_05267,i_01937,i_14809,i_17626,i_02229,i_14115,i_04580,i_11910,i_02786
u_09905,i_01810,i_05267,i_02786,i_21094,i_17626,i_14604,i_32048,i_17108,i_01480,i_00122
u_09906,i_09345,i_24980,i_04580,i_05394,i_31921,i_11373,i_00027,i_14604,i_02786,i_05786
u_09907,i_08638,i_11924,i_10100,i_03397,i_05439,i_13084,i_21849,i_08862,i_00122,i_05652
u_09908,i_08544,i_10081,i_04221,i_22265,i_15802,i_07255,i_13111,i_16960,i_17660,i_08258
u_09909,i_01523,i_08801,i_05267,i_14115,i_06228,i_03829,i_01111,i_02317,i_14604,i_17626
u_09910,i_14604,i_01480,i_11373,i_00791,i_01937,i_13084,i_14115,i_00126,i_21094,i_04578
u_09911,i_10316,i_01523,i_24980,i_05267,i_01486,i_00122,i_17626,i_01468,i_06228,i_21094
u_09912,i_00075,i_11373,i_00922,i_18312,i_01097,i_02100,i_01486,i_10910,i_21094,i_02313
u_09913,i_14604,i_02786,i_24980,i_02827,i_10316,i_01937,i_01468,i_01798,i_11910,i_06228
u_09914,i_11373,i_24980,i_11910,i_00122,i_01468,i_01480,i_10316,i_28982,i_00062,i_02786
u_09915,i_14604,i_21094,i_24980,i_17108,i_13690,i_01468,i_00122,i_02313,i_02786,i_02111
u_09916,i_00506,i_00922,i_00075,i_14604,i_32040,i_28278,i_24980,i_17924,i_13670,i_03773
u_09917,i_10316,i_24980,i_17626,i_01523,i_14604,i_01937,i_01468,i_09591,i_02415,i_00433
u_09918,i_01798,i_00126,i_02786,i_01485,i_02827,i_05394,i_21094,i_24980,i_00717,i_01468
u_09919,i_08544,i_14604,i_08638,i_24980,i_08862,i_01158,i_06071,i_11910,i_01868,i_10930
u_09920,i_14604,i_24980,i_10316,i_01523,i_06228,i_28982,i_10518,i_17626,i_01468,i_11047
u_09921,i_21094,i_01480,i_31952,i_17626,i_31741,i_00075,i_01827,i_00122,i_10316,i_02683
u_09922,i_02120,i_14604,i_11373,i_24980,i_08862,i_04277,i_13084,i_00791,i_04340,i_00122
u_09923,i_05786,i_14604,i_02334,i_12579,i_28982,i_02786,i_00539,i_01480,i_28984,i_01523
u_09924,i_06228,i_10316,i_10950,i_04504,i_24980,i_14984,i_05416,i_04254,i_14604,i_01479
u_09925,i_10316,i_11373,i_02786,i_24980,i_14604,i_00122,i_17626,i_05354,i_01523,i_02631
u_09926,i_10995,i_06228,i_24980,i_02228,i_14604,i_10316,i_05354,i_00725,i_17626,i_02786
u_09927,i_14604,i_01523,i_10316,i_04478,i_06228,i_01937,i_01923,i_01468,i_21094,i_17626
u_09928,i_00122,i_01111,i_01496,i_21094,i_05354,i_02786,i_13084,i_08539,i_00724,i_12430
u_09929,i_01849,i_08132,i_09052,i_07171,i_09124,i_14984,i_05267,i_05439,i_04504,i_01998
u_09930,i_01937,i_11910,i_03926,i_14651,i_15852,i_09461,i_02079,i_17626,i_22897,i_00062
u_09931,i_21691,i_14604,i_24980,i_22515,i_23464,i_01486,i_03678,i_21094,i_31903,i_24481
u_09932,i_02333,i_02136,i_21094,i_00428,i_02541,i_02334,i_17108,i_00440,i_10316,i_01923
u_09933,i_10316,i_02209,i_08527,i_05407,i_21094,i_07061,i_09442,i_17626,i_04254,i_01486
u_09934,i_07255,i_17626,i_10316,i_00122,i_00377,i_11373,i_01485,i_32129,i_04221,i_01523
u_09935,i_15818,i_02736,i_13850,i_23176,i_08091,i_08544,i_04603,i_14412,i_08638,i_10353
u_09936,i_08638,i_08544,i_08560,i_13850,i_08476,i_06450,i_02415,i_10996,i_22265,i_01937
u_09937,i_08638,i_08544,i_13775,i_10996,i_13850,i_11047,i_09292,i_12687,i_04027,i_01111
u_09938,i_01480,i_01523,i_14604,i_00036,i_00153,i_31902,i_25535,i_10518,i_06068,i_12430
u_09939,i_14604,i_24980,i_31952,i_21094,i_00155,i_00724,i_11373,i_06228,i_03151,i_01937
u_09940,i_10316,i_03773,i_31741,i_17626,i_00075,i_11373,i_00395,i_08518,i_14604,i_00922
u_09941,i_05267,i_10316,i_01937,i_08132,i_02786,i_21691,i_05394,i_07171,i_22515,i_11373
u_09942,i_02786,i_17626,i_01523,i_10316,i_14604,i_09052,i_00037,i_03773,i_14651,i_08132
u_09943,i_03865,i_12629,i_11373,i_06228,i_16607,i_12345,i_05354,i_11386,i_10316,i_01539
u_09944,i_24980,i_21094,i_13084,i_14604,i_01468,i_00122,i_02136,i_01480,i_02786,i_10316
u_09945,i_01476,i_12320,i_11910,i_14604,i_32048,i_02228,i_09436,i_11386,i_02609,i_01545
u_09946,i_14604,i_10120,i_11373,i_24980,i_03678,i_14808,i_03773,i_14115,i_01523,i_10316
u_09947,i_04300,i_04295,i_04293,i_32048,i_03397,i_00523,i_04033,i_04299,i_03661,i_02317
u_09948,i_12282,i_07567,i_13084,i_01111,i_13253,i_12772,i_06228,i_02407,i_17660,i_07288
u_09949,i_10518,i_14604,i_21094,i_31952,i_28982,i_31946,i_00011,i_31921,i_17626,i_00306
u_09950,i_21094,i_32040,i_16183,i_05296,i_02786,i_00162,i_11910,i_18031,i_09345,i_06228
u_09951,i_03468,i_21094,i_01486,i_01523,i_17626,i_14604,i_02786,i_01764,i_01111,i_02136
u_09952,i_00037,i_14604,i_10930,i_01523,i_01937,i_00027,i_17108,i_06068,i_09345,i_07260
u_09953,i_01523,i_10316,i_11910,i_01480,i_24980,i_14808,i_01468,i_01111,i_17626,i_01937
u_09954,i_07520,i_02676,i_00062,i_14604,i_01523,i_31903,i_02786,i_00468,i_26936,i_17924
u_09955,i_02786,i_01937,i_18681,i_05786,i_01480,i_01111,i_01468,i_31921,i_05267,i_00377
u_09956,i_01111,i_02228,i_17660,i_08539,i_08560,i_13761,i_32129,i_13690,i_02831,i_13084
u_09957,i_02786,i_10316,i_24980,i_01523,i_11910,i_17626,i_31921,i_05296,i_01111,i_32040
u_09958,i_05267,i_01937,i_02786,i_01798,i_01430,i_01468,i_07520,i_14115,i_11910,i_01480
u_09959,i_01827,i_07050,i_01108,i_00725,i_22342,i_31741,i_02382,i_02725,i_16877,i_05354
u_09960,i_32129,i_00216,i_00389,i_02764,i_02334,i_10316,i_01135,i_29164,i_01480,i_00227
u_09961,i_31903,i_05188,i_14604,i_00011,i_25535,i_01523,i_24980,i_01480,i_01468,i_01808
u_09962,i_01111,i_05267,i_02563,i_11561,i_00377,i_04679,i_10316,i_01523,i_21849,i_01334
u_09963,i_01480,i_01868,i_05188,i_31903,i_24980,i_17924,i_01798,i_10518,i_02786,i_04102
u_09964,i_21094,i_24980,i_14604,i_02136,i_02786,i_17924,i_17626,i_10353,i_01468,i_02334
u_09965,i_02786,i_10316,i_21094,i_06228,i_09934,i_13084,i_00870,i_02317,i_01486,i_03262
u_09966,i_00155,i_21094,i_00091,i_18031,i_00154,i_00162,i_03773,i_00153,i_02786,i_08592
u_09967,i_10316,i_00122,i_01523,i_14604,i_02228,i_02389,i_05416,i_02209,i_11408,i_08132
u_09968,i_08476,i_09345,i_08491,i_08862,i_09465,i_08539,i_04221,i_07567,i_17660,i_14120
u_09969,i_02786,i_03773,i_17626,i_10316,i_06228,i_11373,i_21094,i_12061,i_01736,i_09182
u_09970,i_14604,i_10316,i_03865,i_01523,i_01937,i_10509,i_17626,i_01468,i_11373,i_02786
u_09971,i_05267,i_24980,i_11910,i_01480,i_10316,i_14808,i_04580,i_09383,i_05394,i_25535
u_09972,i_14604,i_01937,i_01468,i_10316,i_02415,i_01523,i_02136,i_01111,i_00122,i_24980
u_09973,i_07255,i_00122,i_17626,i_07567,i_11373,i_02111,i_01485,i_09345,i_02541,i_04221
u_09974,i_03678,i_01523,i_24980,i_00122,i_17626,i_21094,i_05677,i_01111,i_01486,i_01485
u_09975,i_01523,i_02596,i_17626,i_02299,i_01111,i_10316,i_02380,i_05797,i_03773,i_01468
u_09976,i_01111,i_14604,i_01468,i_10316,i_02136,i_04186,i_04585,i_02786,i_10057,i_02313
u_09977,i_01937,i_02827,i_14604,i_04191,i_01827,i_07520,i_01798,i_02786,i_05267,i_08862
u_09978,i_02786,i_01523,i_01937,i_02299,i_00037,i_01480,i_03829,i_01798,i_10316,i_31903
u_09979,i_04221,i_13850,i_32129,i_08355,i_11959,i_02229,i_04732,i_07567,i_09070,i_06450
u_09980,i_13547,i_03773,i_05418,i_09635,i_01937,i_03678,i_02136,i_04191,i_11047,i_01468
u_09981,i_01523,i_10316,i_01937,i_17626,i_03773,i_25690,i_01480,i_14604,i_02786,i_07520
u_09982,i_13761,i_09070,i_03592,i_17904,i_10910,i_11107,i_02316,i_04646,i_01774,i_32048
u_09983,i_14604,i_01937,i_24980,i_05267,i_01486,i_17626,i_02786,i_10316,i_01468,i_01798
u_09984,i_01480,i_10316,i_11373,i_04418,i_03865,i_02415,i_06228,i_02136,i_04504,i_10120
u_09985,i_24980,i_03773,i_14115,i_10120,i_05439,i_04580,i_09052,i_01523,i_00433,i_31950
u_09986,i_03678,i_17108,i_01485,i_09345,i_02120,i_03368,i_02334,i_04277,i_02336,i_05267
u_09987,i_24980,i_01480,i_21094,i_10316,i_11373,i_00776,i_14604,i_00122,i_13670,i_00470
u_09988,i_10316,i_11373,i_01468,i_03773,i_14221,i_06228,i_00122,i_01111,i_10995,i_31950
u_09989,i_01523,i_01480,i_14604,i_00122,i_17626,i_21094,i_24980,i_02235,i_01468,i_01937
u_09990,i_10316,i_01937,i_14808,i_01430,i_01111,i_02827,i_24980,i_00126,i_03829,i_00791
u_09991,i_01480,i_14604,i_17924,i_10316,i_21094,i_01746,i_24980,i_01937,i_31903,i_02676
u_09992,i_02786,i_01937,i_12407,i_12061,i_05439,i_05976,i_04523,i_02209,i_10930,i_05394
u_09993,i_21094,i_00506,i_25690,i_00922,i_01468,i_01480,i_21033,i_00054,i_02786,i_01937
u_09994,i_17626,i_03302,i_10316,i_11373,i_00122,i_06533,i_01827,i_04221,i_01545,i_17108
u_09995,i_14604,i_09345,i_17626,i_11373,i_08091,i_24980,i_10316,i_05267,i_00122,i_01111
u_09996,i_03806,i_05664,i_21094,i_01937,i_01739,i_03926,i_10316,i_04191,i_01480,i_01486
u_09997,i_25690,i_08638,i_02280,i_08544,i_09070,i_05272,i_10316,i_17626,i_01486,i_08091
u_09998,i_05394,i_01523,i_18681,i_01111,i_01937,i_02786,i_14604,i_01798,i_05472,i_11365
u_09999,i_14604,i_21094,i_11373,i_06397,i_09934,i_10316,i_01486,i_18217,i_02317,i_01129
